species,iucn_category,area_km2,biodiversity_score,group,iucn_categories
ABALONES,VU,73469.49,0.4667,NA,NA
BLENNIES,EN;LC;VU;NT;CR,919321.98,1,NA,NA
BUTTERFLYFISH_ANGELFISH_ALLIES_intersection,LC;NT;VU,2173082.07,0.9401,NA,NA
CARANGIFORM_FISHES,NT;VU;LC;EN,4912266.55,0.8787,NA,NA
CLUPEIFORMES,CR;LC,306275.71,0.7844,NA,NA
ABALONES,VU,73469.49,0.4667,NA,NA
BLENNIES,EN;LC;VU;NT;CR,919321.98,1,NA,NA
BUTTERFLYFISH_ANGELFISH_ALLIES_intersection,LC;NT;VU,2173082.07,0.9401,NA,NA
CARANGIFORM_FISHES,NT;VU;LC;EN,4912266.55,0.8787,NA,NA
CLUPEIFORMES,CR;LC,306275.71,0.7844,NA,NA
ABALONES,VU,73469.49,0.4667,NA,NA
BUTTERFLYFISH_ANGELFISH_ALLIES_intersection,LC;NT;VU,2173082.07,0.9401,NA,NA
CLUPEIFORMES,CR;LC,306275.71,0.7844,NA,NA
ABALONES,VU,73469.49,0.4667,NA,NA
BUTTERFLYFISH_ANGELFISH_ALLIES_intersection,LC;NT;VU,2173082.07,0.9401,NA,NA
CLUPEIFORMES,CR;LC,306275.71,0.7844,NA,NA
EELS,LC;CR,4525915.13,0.9911,NA,NA
FW_FISH_PART1_intersection,LC;NT;CR,656841.37,0.9441,NA,NA
FW_FISH_PART2_intersection,NT;CR;LC,853398.51,0.6987,NA,NA
FW_MOLLUSCS,LC,466.95,1,NA,NA
FW_OTHER_PART1_intersection,NT;LC;VU,2249555.69,0.8536,NA,NA
FW_OTHER_PART2_intersection,LC;NT;VU,1336493.97,0.9178,NA,NA
FW_OTHER_PART3_intersection,VU;NT;LC,1329226.91,0.6099,NA,NA
FW_OTHER_PART4_intersection,LC;VU,302383.25,0.9863,NA,NA
FW_PLANTS_PART1_intersection,LC,440.22,1,NA,NA
FW_PLANTS_PART2,LC,73466.73,1,NA,NA
HAGFISH,LC,100662.84,1,NA,NA
LOBSTERS,LC,967279.24,1,NA,NA
MAMMALS_intersection,LC;EN;NT;VU;CR,9203099.93,0.8143,NA,NA
MARINEFISH_PART1_intersection,NT;LC;VU;EN;CR,13718512.03,0.9474,NA,NA
MARINEFISH_PART2_intersection,VU;EN;NT;LC;CR,13644902.24,0.9367,NA,NA
MARINEFISH_PART3_intersection,VU;CR;LC;NT,12361381.18,0.9525,NA,NA
MARINEFISH_PART4_intersection,LC;EN;CR;VU;NT,14726433.8,0.9718,NA,NA
MARINEFISH_PART5_intersection,EN;VU;LC;CR;NT,11522501.42,0.9234,NA,NA
MARINEFISH_PART6_intersection,VU;EN;LC;CR;NT,12249062.72,0.9664,NA,NA
PUFFERFISHES_AND_RELATIVES,LC;VU,1538948.31,0.9392,NA,NA
REPTILES_PART1,CR;EN;VU,2054593.35,0.1999,NA,NA
SEAGRASSES,LC,166705.24,1,NA,NA
STURGEONS_PADDLEFISHES,CR,9772.88,0,NA,NA
SYNGNATHIFORM_FISHES,LC,912324.17,1,NA,NA
TUNAS_BILLFISHES_SWORDFISH,LC;VU;NT,4513921.81,0.8827,NA,NA
WRASSES_PARROTFISHES,LC;VU,892283.57,0.9946,NA,NA
EELS,LC;CR,4525915.13,0.9911,NA,NA
FW_FISH_PART1_intersection,LC;NT;CR,656841.37,0.9441,NA,NA
FW_FISH_PART2_intersection,NT;CR;LC,853398.51,0.6987,NA,NA
FW_MOLLUSCS,LC,466.95,1,NA,NA
FW_OTHER_PART1_intersection,NT;LC;VU,2249555.69,0.8536,NA,NA
FW_OTHER_PART2_intersection,LC;NT;VU,1336493.97,0.9178,NA,NA
FW_OTHER_PART3_intersection,VU;NT;LC,1329226.91,0.6099,NA,NA
FW_OTHER_PART4_intersection,LC;VU,302383.25,0.9863,NA,NA
FW_PLANTS_PART1_intersection,LC,440.22,1,NA,NA
FW_PLANTS_PART2,LC,73466.73,1,NA,NA
GROUPERS,VU,73467.18,0.4667,NA,NA
HAGFISH,LC,100662.84,1,NA,NA
LOBSTERS,LC,967279.24,1,NA,NA
MAMMALS_intersection,LC;EN;NT;VU;CR,9203099.93,0.8143,NA,NA
MARINEFISH_PART1_intersection,NT;LC;VU;EN;CR,13718512.03,0.9474,NA,NA
MARINEFISH_PART2_intersection,VU;EN;NT;LC;CR,13644902.24,0.9367,NA,NA
MARINEFISH_PART3_intersection,VU;CR;LC;NT,12361381.18,0.9525,NA,NA
MARINEFISH_PART4_intersection,LC;EN;CR;VU;NT,14726433.8,0.9718,NA,NA
MARINEFISH_PART5_intersection,EN;VU;LC;CR;NT,11522501.42,0.9234,NA,NA
MARINEFISH_PART6_intersection,VU;EN;LC;CR;NT,12249062.72,0.9664,NA,NA
PUFFERFISHES_AND_RELATIVES,LC;VU,1538948.31,0.9392,NA,NA
REPTILES_PART1,CR;EN;VU,2054593.35,0.1999,NA,NA
SEAGRASSES,LC,166705.24,1,NA,NA
STURGEONS_PADDLEFISHES,CR,9772.88,0,NA,NA
SYNGNATHIFORM_FISHES,LC,912324.17,1,NA,NA
TUNAS_BILLFISHES_SWORDFISH,LC;VU;NT,4513921.81,0.8827,NA,NA
WRASSES_PARROTFISHES,LC;VU,892283.57,0.9946,NA,NA
EELS,LC;CR,4525915.13,0.9911,NA,NA
FW_FISH_PART1_intersection,LC;NT;CR,656841.37,0.9441,NA,NA
FW_FISH_PART2_intersection,NT;CR;LC,853398.51,0.6987,NA,NA
FW_MOLLUSCS,LC,466.95,1,NA,NA
FW_OTHER_PART1_intersection,NT;LC;VU,2249555.69,0.8536,NA,NA
FW_OTHER_PART2_intersection,LC;NT;VU,1336493.97,0.9178,NA,NA
FW_OTHER_PART3_intersection,VU;NT;LC,1329226.91,0.6099,NA,NA
FW_OTHER_PART4_intersection,LC;VU,302383.25,0.9863,NA,NA
FW_PLANTS_PART1_intersection,LC,440.22,1,NA,NA
FW_PLANTS_PART2,LC,73466.73,1,NA,NA
GROUPERS,VU,73467.18,0.4667,NA,NA
HAGFISH,LC,100662.84,1,NA,NA
LOBSTERS,LC,967279.24,1,NA,NA
MAMMALS_intersection,LC;EN;NT;VU;CR,9203099.93,0.8143,NA,NA
MARINEFISH_PART1_intersection,NT;LC;VU;EN;CR,13718512.03,0.9474,NA,NA
MARINEFISH_PART2_intersection,VU;EN;NT;LC;CR,13644902.24,0.9367,NA,NA
MARINEFISH_PART3_intersection,VU;CR;LC;NT,12361381.18,0.9525,NA,NA
MARINEFISH_PART4_intersection,LC;EN;CR;VU;NT,14726433.8,0.9718,NA,NA
MARINEFISH_PART5_intersection,EN;VU;LC;CR;NT,11522501.42,0.9234,NA,NA
MARINEFISH_PART6_intersection,VU;EN;LC;CR;NT,12249062.72,0.9664,NA,NA
PUFFERFISHES_AND_RELATIVES,LC;VU,1538948.31,0.9392,NA,NA
REPTILES_PART1,CR;EN;VU,2054593.35,0.1999,NA,NA
SEAGRASSES,LC,166705.24,1,NA,NA
STURGEONS_PADDLEFISHES,CR,9772.88,0,NA,NA
SYNGNATHIFORM_FISHES,LC,912324.17,1,NA,NA
TUNAS_BILLFISHES_SWORDFISH,LC;VU;NT,4513921.81,0.8827,NA,NA
NA,NA,15466513.22,0.764,Birds,LC;NT;VU;EN;CR;EX
WRASSES_PARROTFISHES,LC;VU,892283.57,0.9946,NA,NA
EELS,LC;CR,4525915.13,0.9911,NA,NA
FW_FISH_PART1_intersection,LC;NT;CR,656841.37,0.9441,NA,NA
FW_FISH_PART2_intersection,NT;CR;LC,853398.51,0.6987,NA,NA
FW_MOLLUSCS,LC,466.95,1,NA,NA
FW_OTHER_PART1_intersection,NT;LC;VU,2249555.69,0.8536,NA,NA
FW_OTHER_PART2_intersection,LC;NT;VU,1336493.97,0.9178,NA,NA
FW_OTHER_PART3_intersection,VU;NT;LC,1329226.91,0.6099,NA,NA
FW_OTHER_PART4_intersection,LC;VU,302383.25,0.9863,NA,NA
FW_PLANTS_PART1_intersection,LC,440.22,1,NA,NA
FW_PLANTS_PART2,LC,73466.73,1,NA,NA
GROUPERS,VU,73467.18,0.4667,NA,NA
HAGFISH,LC,100662.84,1,NA,NA
LOBSTERS,LC,967279.24,1,NA,NA
MAMMALS_intersection,LC;EN;NT;VU;CR,9203099.93,0.8143,NA,NA
MARINEFISH_PART1_intersection,NT;LC;VU;EN;CR,13718512.03,0.9474,NA,NA
MARINEFISH_PART2_intersection,VU;EN;NT;LC;CR,13644902.24,0.9367,NA,NA
MARINEFISH_PART3_intersection,VU;CR;LC;NT,12361381.18,0.9525,NA,NA
MARINEFISH_PART4_intersection,LC;EN;CR;VU;NT,14726433.8,0.9718,NA,NA
MARINEFISH_PART5_intersection,EN;VU;LC;CR;NT,11522501.42,0.9234,NA,NA
MARINEFISH_PART6_intersection,VU;EN;LC;CR;NT,12249062.72,0.9664,NA,NA
PUFFERFISHES_AND_RELATIVES,LC;VU,1538948.31,0.9392,NA,NA
REPTILES_PART1,CR;EN;VU,2054593.35,0.1999,NA,NA
SEAGRASSES,LC,166705.24,1,NA,NA
STURGEONS_PADDLEFISHES,CR,9772.88,0,NA,NA
SYNGNATHIFORM_FISHES,LC,912324.17,1,NA,NA
TUNAS_BILLFISHES_SWORDFISH,LC;VU;NT,4513921.81,0.8827,NA,NA
NA,NA,15466513.22,0.764,Birds,LC;NT;VU;EN;CR;EX
WRASSES_PARROTFISHES,LC;VU,892283.57,0.9946,NA,NA
