grid_ids,species,total_area_km2,iucn_category
23,BUTTERFLYFISH_ANGELFISH_ALLIES,2173082.07,LC;EN;NT;VU;CR
24,BUTTERFLYFISH_ANGELFISH_ALLIES,2173082.07,LC;EN;NT;VU;CR
25,BUTTERFLYFISH_ANGELFISH_ALLIES,2173082.07,LC;EN;NT;VU;CR
26,BUTTERFLYFISH_ANGELFISH_ALLIES,2173082.07,LC;EN;NT;VU;CR
38,BUTTERFLYFISH_ANGELFISH_ALLIES,2173082.07,LC;EN;NT;VU;CR
39,BUTTERFLYFISH_ANGELFISH_ALLIES,2173082.07,LC;EN;NT;VU;CR
40,BUTTERFLYFISH_ANGELFISH_ALLIES,2173082.07,LC;EN;NT;VU;CR
41,BUTTERFLYFISH_ANGELFISH_ALLIES,2173082.07,LC;EN;NT;VU;CR
53,BUTTERFLYFISH_ANGELFISH_ALLIES,2173082.07,LC;EN;NT;VU;CR
54,BUTTERFLYFISH_ANGELFISH_ALLIES,2173082.07,LC;EN;NT;VU;CR
55,BUTTERFLYFISH_ANGELFISH_ALLIES,2173082.07,LC;EN;NT;VU;CR
56,BUTTERFLYFISH_ANGELFISH_ALLIES,2173082.07,LC;EN;NT;VU;CR
68,BUTTERFLYFISH_ANGELFISH_ALLIES,2173082.07,LC;EN;NT;VU;CR
69,BUTTERFLYFISH_ANGELFISH_ALLIES,2173082.07,LC;EN;NT;VU;CR
70,BUTTERFLYFISH_ANGELFISH_ALLIES,2173082.07,LC;EN;NT;VU;CR
83,BUTTERFLYFISH_ANGELFISH_ALLIES,2173082.07,LC;EN;NT;VU;CR
84,BUTTERFLYFISH_ANGELFISH_ALLIES,2173082.07,LC;EN;NT;VU;CR
85,BUTTERFLYFISH_ANGELFISH_ALLIES,2173082.07,LC;EN;NT;VU;CR
86,BUTTERFLYFISH_ANGELFISH_ALLIES,2173082.07,LC;EN;NT;VU;CR
87,BUTTERFLYFISH_ANGELFISH_ALLIES,2173082.07,LC;EN;NT;VU;CR
89,BUTTERFLYFISH_ANGELFISH_ALLIES,2173082.07,LC;EN;NT;VU;CR
98,BUTTERFLYFISH_ANGELFISH_ALLIES,2173082.07,LC;EN;NT;VU;CR
99,BUTTERFLYFISH_ANGELFISH_ALLIES,2173082.07,LC;EN;NT;VU;CR
100,BUTTERFLYFISH_ANGELFISH_ALLIES,2173082.07,LC;EN;NT;VU;CR
101,BUTTERFLYFISH_ANGELFISH_ALLIES,2173082.07,LC;EN;NT;VU;CR
102,BUTTERFLYFISH_ANGELFISH_ALLIES,2173082.07,LC;EN;NT;VU;CR
103,BUTTERFLYFISH_ANGELFISH_ALLIES,2173082.07,LC;EN;NT;VU;CR
104,BUTTERFLYFISH_ANGELFISH_ALLIES,2173082.07,LC;EN;NT;VU;CR
113,BUTTERFLYFISH_ANGELFISH_ALLIES,2173082.07,LC;EN;NT;VU;CR
114,BUTTERFLYFISH_ANGELFISH_ALLIES,2173082.07,LC;EN;NT;VU;CR
115,BUTTERFLYFISH_ANGELFISH_ALLIES,2173082.07,LC;EN;NT;VU;CR
116,BUTTERFLYFISH_ANGELFISH_ALLIES,2173082.07,LC;EN;NT;VU;CR
117,BUTTERFLYFISH_ANGELFISH_ALLIES,2173082.07,LC;EN;NT;VU;CR
118,BUTTERFLYFISH_ANGELFISH_ALLIES,2173082.07,LC;EN;NT;VU;CR
119,BUTTERFLYFISH_ANGELFISH_ALLIES,2173082.07,LC;EN;NT;VU;CR
120,BUTTERFLYFISH_ANGELFISH_ALLIES,2173082.07,LC;EN;NT;VU;CR
129,BUTTERFLYFISH_ANGELFISH_ALLIES,2173082.07,LC;EN;NT;VU;CR
130,BUTTERFLYFISH_ANGELFISH_ALLIES,2173082.07,LC;EN;NT;VU;CR
131,BUTTERFLYFISH_ANGELFISH_ALLIES,2173082.07,LC;EN;NT;VU;CR
132,BUTTERFLYFISH_ANGELFISH_ALLIES,2173082.07,LC;EN;NT;VU;CR
133,BUTTERFLYFISH_ANGELFISH_ALLIES,2173082.07,LC;EN;NT;VU;CR
134,BUTTERFLYFISH_ANGELFISH_ALLIES,2173082.07,LC;EN;NT;VU;CR
135,BUTTERFLYFISH_ANGELFISH_ALLIES,2173082.07,LC;EN;NT;VU;CR
146,BUTTERFLYFISH_ANGELFISH_ALLIES,2173082.07,LC;EN;NT;VU;CR
147,BUTTERFLYFISH_ANGELFISH_ALLIES,2173082.07,LC;EN;NT;VU;CR
148,BUTTERFLYFISH_ANGELFISH_ALLIES,2173082.07,LC;EN;NT;VU;CR
149,BUTTERFLYFISH_ANGELFISH_ALLIES,2173082.07,LC;EN;NT;VU;CR
150,BUTTERFLYFISH_ANGELFISH_ALLIES,2173082.07,LC;EN;NT;VU;CR
162,BUTTERFLYFISH_ANGELFISH_ALLIES,2173082.07,LC;EN;NT;VU;CR
163,BUTTERFLYFISH_ANGELFISH_ALLIES,2173082.07,LC;EN;NT;VU;CR
164,BUTTERFLYFISH_ANGELFISH_ALLIES,2173082.07,LC;EN;NT;VU;CR
165,BUTTERFLYFISH_ANGELFISH_ALLIES,2173082.07,LC;EN;NT;VU;CR
