grid_ids,species,total_area_km2,iucn_category
1,CARANGIFORM_FISHES,4912266.55,NT;VU;LC;EN
2,CARANGIFORM_FISHES,4912266.55,NT;VU;LC;EN
3,CARANGIFORM_FISHES,4912266.55,NT;VU;LC;EN
4,CARANGIFORM_FISHES,4912266.55,NT;VU;LC;EN
5,CARANGIFORM_FISHES,4912266.55,NT;VU;LC;EN
6,CARANGIFORM_FISHES,4912266.55,NT;VU;LC;EN
7,CARANGIFORM_FISHES,4912266.55,NT;VU;LC;EN
8,CARANGIFORM_FISHES,4912266.55,NT;VU;LC;EN
16,CARANGIFORM_FISHES,4912266.55,NT;VU;LC;EN
17,CARANGIFORM_FISHES,4912266.55,NT;VU;LC;EN
18,CARANGIFORM_FISHES,4912266.55,NT;VU;LC;EN
19,CARANGIFORM_FISHES,4912266.55,NT;VU;LC;EN
20,CARANGIFORM_FISHES,4912266.55,NT;VU;LC;EN
21,CARANGIFORM_FISHES,4912266.55,NT;VU;LC;EN
22,CARANGIFORM_FISHES,4912266.55,NT;VU;LC;EN
23,CARANGIFORM_FISHES,4912266.55,NT;VU;LC;EN
24,CARANGIFORM_FISHES,4912266.55,NT;VU;LC;EN
25,CARANGIFORM_FISHES,4912266.55,NT;VU;LC;EN
26,CARANGIFORM_FISHES,4912266.55,NT;VU;LC;EN
31,CARANGIFORM_FISHES,4912266.55,NT;VU;LC;EN
32,CARANGIFORM_FISHES,4912266.55,NT;VU;LC;EN
33,CARANGIFORM_FISHES,4912266.55,NT;VU;LC;EN
34,CARANGIFORM_FISHES,4912266.55,NT;VU;LC;EN
35,CARANGIFORM_FISHES,4912266.55,NT;VU;LC;EN
36,CARANGIFORM_FISHES,4912266.55,NT;VU;LC;EN
37,CARANGIFORM_FISHES,4912266.55,NT;VU;LC;EN
38,CARANGIFORM_FISHES,4912266.55,NT;VU;LC;EN
39,CARANGIFORM_FISHES,4912266.55,NT;VU;LC;EN
40,CARANGIFORM_FISHES,4912266.55,NT;VU;LC;EN
41,CARANGIFORM_FISHES,4912266.55,NT;VU;LC;EN
46,CARANGIFORM_FISHES,4912266.55,NT;VU;LC;EN
47,CARANGIFORM_FISHES,4912266.55,NT;VU;LC;EN
48,CARANGIFORM_FISHES,4912266.55,NT;VU;LC;EN
49,CARANGIFORM_FISHES,4912266.55,NT;VU;LC;EN
50,CARANGIFORM_FISHES,4912266.55,NT;VU;LC;EN
51,CARANGIFORM_FISHES,4912266.55,NT;VU;LC;EN
52,CARANGIFORM_FISHES,4912266.55,NT;VU;LC;EN
53,CARANGIFORM_FISHES,4912266.55,NT;VU;LC;EN
54,CARANGIFORM_FISHES,4912266.55,NT;VU;LC;EN
55,CARANGIFORM_FISHES,4912266.55,NT;VU;LC;EN
56,CARANGIFORM_FISHES,4912266.55,NT;VU;LC;EN
61,CARANGIFORM_FISHES,4912266.55,NT;VU;LC;EN
62,CARANGIFORM_FISHES,4912266.55,NT;VU;LC;EN
63,CARANGIFORM_FISHES,4912266.55,NT;VU;LC;EN
64,CARANGIFORM_FISHES,4912266.55,NT;VU;LC;EN
65,CARANGIFORM_FISHES,4912266.55,NT;VU;LC;EN
66,CARANGIFORM_FISHES,4912266.55,NT;VU;LC;EN
67,CARANGIFORM_FISHES,4912266.55,NT;VU;LC;EN
68,CARANGIFORM_FISHES,4912266.55,NT;VU;LC;EN
69,CARANGIFORM_FISHES,4912266.55,NT;VU;LC;EN
70,CARANGIFORM_FISHES,4912266.55,NT;VU;LC;EN
76,CARANGIFORM_FISHES,4912266.55,NT;VU;LC;EN
77,CARANGIFORM_FISHES,4912266.55,NT;VU;LC;EN
78,CARANGIFORM_FISHES,4912266.55,NT;VU;LC;EN
79,CARANGIFORM_FISHES,4912266.55,NT;VU;LC;EN
80,CARANGIFORM_FISHES,4912266.55,NT;VU;LC;EN
81,CARANGIFORM_FISHES,4912266.55,NT;VU;LC;EN
82,CARANGIFORM_FISHES,4912266.55,NT;VU;LC;EN
83,CARANGIFORM_FISHES,4912266.55,NT;VU;LC;EN
84,CARANGIFORM_FISHES,4912266.55,NT;VU;LC;EN
85,CARANGIFORM_FISHES,4912266.55,NT;VU;LC;EN
86,CARANGIFORM_FISHES,4912266.55,NT;VU;LC;EN
87,CARANGIFORM_FISHES,4912266.55,NT;VU;LC;EN
89,CARANGIFORM_FISHES,4912266.55,NT;VU;LC;EN
91,CARANGIFORM_FISHES,4912266.55,NT;VU;LC;EN
92,CARANGIFORM_FISHES,4912266.55,NT;VU;LC;EN
93,CARANGIFORM_FISHES,4912266.55,NT;VU;LC;EN
94,CARANGIFORM_FISHES,4912266.55,NT;VU;LC;EN
95,CARANGIFORM_FISHES,4912266.55,NT;VU;LC;EN
96,CARANGIFORM_FISHES,4912266.55,NT;VU;LC;EN
97,CARANGIFORM_FISHES,4912266.55,NT;VU;LC;EN
98,CARANGIFORM_FISHES,4912266.55,NT;VU;LC;EN
99,CARANGIFORM_FISHES,4912266.55,NT;VU;LC;EN
100,CARANGIFORM_FISHES,4912266.55,NT;VU;LC;EN
101,CARANGIFORM_FISHES,4912266.55,NT;VU;LC;EN
102,CARANGIFORM_FISHES,4912266.55,NT;VU;LC;EN
103,CARANGIFORM_FISHES,4912266.55,NT;VU;LC;EN
104,CARANGIFORM_FISHES,4912266.55,NT;VU;LC;EN
106,CARANGIFORM_FISHES,4912266.55,NT;VU;LC;EN
107,CARANGIFORM_FISHES,4912266.55,NT;VU;LC;EN
108,CARANGIFORM_FISHES,4912266.55,NT;VU;LC;EN
109,CARANGIFORM_FISHES,4912266.55,NT;VU;LC;EN
110,CARANGIFORM_FISHES,4912266.55,NT;VU;LC;EN
111,CARANGIFORM_FISHES,4912266.55,NT;VU;LC;EN
112,CARANGIFORM_FISHES,4912266.55,NT;VU;LC;EN
113,CARANGIFORM_FISHES,4912266.55,NT;VU;LC;EN
114,CARANGIFORM_FISHES,4912266.55,NT;VU;LC;EN
115,CARANGIFORM_FISHES,4912266.55,NT;VU;LC;EN
116,CARANGIFORM_FISHES,4912266.55,NT;VU;LC;EN
117,CARANGIFORM_FISHES,4912266.55,NT;VU;LC;EN
118,CARANGIFORM_FISHES,4912266.55,NT;VU;LC;EN
119,CARANGIFORM_FISHES,4912266.55,NT;VU;LC;EN
120,CARANGIFORM_FISHES,4912266.55,NT;VU;LC;EN
121,CARANGIFORM_FISHES,4912266.55,NT;VU;LC;EN
122,CARANGIFORM_FISHES,4912266.55,NT;VU;LC;EN
123,CARANGIFORM_FISHES,4912266.55,NT;VU;LC;EN
124,CARANGIFORM_FISHES,4912266.55,NT;VU;LC;EN
125,CARANGIFORM_FISHES,4912266.55,NT;VU;LC;EN
126,CARANGIFORM_FISHES,4912266.55,NT;VU;LC;EN
127,CARANGIFORM_FISHES,4912266.55,NT;VU;LC;EN
128,CARANGIFORM_FISHES,4912266.55,NT;VU;LC;EN
129,CARANGIFORM_FISHES,4912266.55,NT;VU;LC;EN
130,CARANGIFORM_FISHES,4912266.55,NT;VU;LC;EN
131,CARANGIFORM_FISHES,4912266.55,NT;VU;LC;EN
132,CARANGIFORM_FISHES,4912266.55,NT;VU;LC;EN
133,CARANGIFORM_FISHES,4912266.55,NT;VU;LC;EN
134,CARANGIFORM_FISHES,4912266.55,NT;VU;LC;EN
135,CARANGIFORM_FISHES,4912266.55,NT;VU;LC;EN
136,CARANGIFORM_FISHES,4912266.55,NT;VU;LC;EN
137,CARANGIFORM_FISHES,4912266.55,NT;VU;LC;EN
138,CARANGIFORM_FISHES,4912266.55,NT;VU;LC;EN
139,CARANGIFORM_FISHES,4912266.55,NT;VU;LC;EN
140,CARANGIFORM_FISHES,4912266.55,NT;VU;LC;EN
141,CARANGIFORM_FISHES,4912266.55,NT;VU;LC;EN
142,CARANGIFORM_FISHES,4912266.55,NT;VU;LC;EN
143,CARANGIFORM_FISHES,4912266.55,NT;VU;LC;EN
144,CARANGIFORM_FISHES,4912266.55,NT;VU;LC;EN
145,CARANGIFORM_FISHES,4912266.55,NT;VU;LC;EN
146,CARANGIFORM_FISHES,4912266.55,NT;VU;LC;EN
147,CARANGIFORM_FISHES,4912266.55,NT;VU;LC;EN
148,CARANGIFORM_FISHES,4912266.55,NT;VU;LC;EN
149,CARANGIFORM_FISHES,4912266.55,NT;VU;LC;EN
150,CARANGIFORM_FISHES,4912266.55,NT;VU;LC;EN
152,CARANGIFORM_FISHES,4912266.55,NT;VU;LC;EN
153,CARANGIFORM_FISHES,4912266.55,NT;VU;LC;EN
154,CARANGIFORM_FISHES,4912266.55,NT;VU;LC;EN
155,CARANGIFORM_FISHES,4912266.55,NT;VU;LC;EN
156,CARANGIFORM_FISHES,4912266.55,NT;VU;LC;EN
157,CARANGIFORM_FISHES,4912266.55,NT;VU;LC;EN
158,CARANGIFORM_FISHES,4912266.55,NT;VU;LC;EN
159,CARANGIFORM_FISHES,4912266.55,NT;VU;LC;EN
160,CARANGIFORM_FISHES,4912266.55,NT;VU;LC;EN
161,CARANGIFORM_FISHES,4912266.55,NT;VU;LC;EN
162,CARANGIFORM_FISHES,4912266.55,NT;VU;LC;EN
163,CARANGIFORM_FISHES,4912266.55,NT;VU;LC;EN
164,CARANGIFORM_FISHES,4912266.55,NT;VU;LC;EN
165,CARANGIFORM_FISHES,4912266.55,NT;VU;LC;EN
168,CARANGIFORM_FISHES,4912266.55,NT;VU;LC;EN
169,CARANGIFORM_FISHES,4912266.55,NT;VU;LC;EN
170,CARANGIFORM_FISHES,4912266.55,NT;VU;LC;EN
171,CARANGIFORM_FISHES,4912266.55,NT;VU;LC;EN
172,CARANGIFORM_FISHES,4912266.55,NT;VU;LC;EN
173,CARANGIFORM_FISHES,4912266.55,NT;VU;LC;EN
174,CARANGIFORM_FISHES,4912266.55,NT;VU;LC;EN
175,CARANGIFORM_FISHES,4912266.55,NT;VU;LC;EN
176,CARANGIFORM_FISHES,4912266.55,NT;VU;LC;EN
177,CARANGIFORM_FISHES,4912266.55,NT;VU;LC;EN
178,CARANGIFORM_FISHES,4912266.55,NT;VU;LC;EN
179,CARANGIFORM_FISHES,4912266.55,NT;VU;LC;EN
180,CARANGIFORM_FISHES,4912266.55,NT;VU;LC;EN
184,CARANGIFORM_FISHES,4912266.55,NT;VU;LC;EN
185,CARANGIFORM_FISHES,4912266.55,NT;VU;LC;EN
186,CARANGIFORM_FISHES,4912266.55,NT;VU;LC;EN
187,CARANGIFORM_FISHES,4912266.55,NT;VU;LC;EN
188,CARANGIFORM_FISHES,4912266.55,NT;VU;LC;EN
189,CARANGIFORM_FISHES,4912266.55,NT;VU;LC;EN
190,CARANGIFORM_FISHES,4912266.55,NT;VU;LC;EN
191,CARANGIFORM_FISHES,4912266.55,NT;VU;LC;EN
192,CARANGIFORM_FISHES,4912266.55,NT;VU;LC;EN
193,CARANGIFORM_FISHES,4912266.55,NT;VU;LC;EN
200,CARANGIFORM_FISHES,4912266.55,NT;VU;LC;EN
201,CARANGIFORM_FISHES,4912266.55,NT;VU;LC;EN
202,CARANGIFORM_FISHES,4912266.55,NT;VU;LC;EN
203,CARANGIFORM_FISHES,4912266.55,NT;VU;LC;EN
204,CARANGIFORM_FISHES,4912266.55,NT;VU;LC;EN
