grid_ids,species,total_area_km2,iucn_category
23,FW_FISH_PART1,656841.37,LC;NT;EN;CR;VU
24,FW_FISH_PART1,656841.37,LC;NT;EN;CR;VU
25,FW_FISH_PART1,656841.37,LC;NT;EN;CR;VU
26,FW_FISH_PART1,656841.37,LC;NT;EN;CR;VU
38,FW_FISH_PART1,656841.37,LC;NT;EN;CR;VU
39,FW_FISH_PART1,656841.37,LC;NT;EN;CR;VU
40,FW_FISH_PART1,656841.37,LC;NT;EN;CR;VU
41,FW_FISH_PART1,656841.37,LC;NT;EN;CR;VU
49,FW_FISH_PART1,656841.37,LC;NT;EN;CR;VU
50,FW_FISH_PART1,656841.37,LC;NT;EN;CR;VU
53,FW_FISH_PART1,656841.37,LC;NT;EN;CR;VU
54,FW_FISH_PART1,656841.37,LC;NT;EN;CR;VU
55,FW_FISH_PART1,656841.37,LC;NT;EN;CR;VU
56,FW_FISH_PART1,656841.37,LC;NT;EN;CR;VU
64,FW_FISH_PART1,656841.37,LC;NT;EN;CR;VU
65,FW_FISH_PART1,656841.37,LC;NT;EN;CR;VU
68,FW_FISH_PART1,656841.37,LC;NT;EN;CR;VU
69,FW_FISH_PART1,656841.37,LC;NT;EN;CR;VU
70,FW_FISH_PART1,656841.37,LC;NT;EN;CR;VU
83,FW_FISH_PART1,656841.37,LC;NT;EN;CR;VU
84,FW_FISH_PART1,656841.37,LC;NT;EN;CR;VU
85,FW_FISH_PART1,656841.37,LC;NT;EN;CR;VU
86,FW_FISH_PART1,656841.37,LC;NT;EN;CR;VU
87,FW_FISH_PART1,656841.37,LC;NT;EN;CR;VU
89,FW_FISH_PART1,656841.37,LC;NT;EN;CR;VU
98,FW_FISH_PART1,656841.37,LC;NT;EN;CR;VU
99,FW_FISH_PART1,656841.37,LC;NT;EN;CR;VU
100,FW_FISH_PART1,656841.37,LC;NT;EN;CR;VU
101,FW_FISH_PART1,656841.37,LC;NT;EN;CR;VU
102,FW_FISH_PART1,656841.37,LC;NT;EN;CR;VU
103,FW_FISH_PART1,656841.37,LC;NT;EN;CR;VU
104,FW_FISH_PART1,656841.37,LC;NT;EN;CR;VU
113,FW_FISH_PART1,656841.37,LC;NT;EN;CR;VU
114,FW_FISH_PART1,656841.37,LC;NT;EN;CR;VU
115,FW_FISH_PART1,656841.37,LC;NT;EN;CR;VU
116,FW_FISH_PART1,656841.37,LC;NT;EN;CR;VU
117,FW_FISH_PART1,656841.37,LC;NT;EN;CR;VU
118,FW_FISH_PART1,656841.37,LC;NT;EN;CR;VU
119,FW_FISH_PART1,656841.37,LC;NT;EN;CR;VU
120,FW_FISH_PART1,656841.37,LC;NT;EN;CR;VU
129,FW_FISH_PART1,656841.37,LC;NT;EN;CR;VU
130,FW_FISH_PART1,656841.37,LC;NT;EN;CR;VU
131,FW_FISH_PART1,656841.37,LC;NT;EN;CR;VU
132,FW_FISH_PART1,656841.37,LC;NT;EN;CR;VU
133,FW_FISH_PART1,656841.37,LC;NT;EN;CR;VU
134,FW_FISH_PART1,656841.37,LC;NT;EN;CR;VU
135,FW_FISH_PART1,656841.37,LC;NT;EN;CR;VU
146,FW_FISH_PART1,656841.37,LC;NT;EN;CR;VU
147,FW_FISH_PART1,656841.37,LC;NT;EN;CR;VU
148,FW_FISH_PART1,656841.37,LC;NT;EN;CR;VU
149,FW_FISH_PART1,656841.37,LC;NT;EN;CR;VU
150,FW_FISH_PART1,656841.37,LC;NT;EN;CR;VU
162,FW_FISH_PART1,656841.37,LC;NT;EN;CR;VU
163,FW_FISH_PART1,656841.37,LC;NT;EN;CR;VU
164,FW_FISH_PART1,656841.37,LC;NT;EN;CR;VU
