grid_ids,species,total_area_km2,iucn_category
1,FW_FISH_PART2,853398.51,LC;CR;VU;NT;EN;EX
2,FW_FISH_PART2,853398.51,LC;CR;VU;NT;EN;EX
3,FW_FISH_PART2,853398.51,LC;CR;VU;NT;EN;EX
4,FW_FISH_PART2,853398.51,LC;CR;VU;NT;EN;EX
5,FW_FISH_PART2,853398.51,LC;CR;VU;NT;EN;EX
6,FW_FISH_PART2,853398.51,LC;CR;VU;NT;EN;EX
7,FW_FISH_PART2,853398.51,LC;CR;VU;NT;EN;EX
8,FW_FISH_PART2,853398.51,LC;CR;VU;NT;EN;EX
16,FW_FISH_PART2,853398.51,LC;CR;VU;NT;EN;EX
17,FW_FISH_PART2,853398.51,LC;CR;VU;NT;EN;EX
18,FW_FISH_PART2,853398.51,LC;CR;VU;NT;EN;EX
19,FW_FISH_PART2,853398.51,LC;CR;VU;NT;EN;EX
20,FW_FISH_PART2,853398.51,LC;CR;VU;NT;EN;EX
21,FW_FISH_PART2,853398.51,LC;CR;VU;NT;EN;EX
22,FW_FISH_PART2,853398.51,LC;CR;VU;NT;EN;EX
23,FW_FISH_PART2,853398.51,LC;CR;VU;NT;EN;EX
24,FW_FISH_PART2,853398.51,LC;CR;VU;NT;EN;EX
25,FW_FISH_PART2,853398.51,LC;CR;VU;NT;EN;EX
26,FW_FISH_PART2,853398.51,LC;CR;VU;NT;EN;EX
31,FW_FISH_PART2,853398.51,LC;CR;VU;NT;EN;EX
32,FW_FISH_PART2,853398.51,LC;CR;VU;NT;EN;EX
33,FW_FISH_PART2,853398.51,LC;CR;VU;NT;EN;EX
34,FW_FISH_PART2,853398.51,LC;CR;VU;NT;EN;EX
35,FW_FISH_PART2,853398.51,LC;CR;VU;NT;EN;EX
36,FW_FISH_PART2,853398.51,LC;CR;VU;NT;EN;EX
37,FW_FISH_PART2,853398.51,LC;CR;VU;NT;EN;EX
38,FW_FISH_PART2,853398.51,LC;CR;VU;NT;EN;EX
39,FW_FISH_PART2,853398.51,LC;CR;VU;NT;EN;EX
40,FW_FISH_PART2,853398.51,LC;CR;VU;NT;EN;EX
41,FW_FISH_PART2,853398.51,LC;CR;VU;NT;EN;EX
46,FW_FISH_PART2,853398.51,LC;CR;VU;NT;EN;EX
47,FW_FISH_PART2,853398.51,LC;CR;VU;NT;EN;EX
48,FW_FISH_PART2,853398.51,LC;CR;VU;NT;EN;EX
49,FW_FISH_PART2,853398.51,LC;CR;VU;NT;EN;EX
50,FW_FISH_PART2,853398.51,LC;CR;VU;NT;EN;EX
51,FW_FISH_PART2,853398.51,LC;CR;VU;NT;EN;EX
52,FW_FISH_PART2,853398.51,LC;CR;VU;NT;EN;EX
53,FW_FISH_PART2,853398.51,LC;CR;VU;NT;EN;EX
54,FW_FISH_PART2,853398.51,LC;CR;VU;NT;EN;EX
55,FW_FISH_PART2,853398.51,LC;CR;VU;NT;EN;EX
56,FW_FISH_PART2,853398.51,LC;CR;VU;NT;EN;EX
61,FW_FISH_PART2,853398.51,LC;CR;VU;NT;EN;EX
62,FW_FISH_PART2,853398.51,LC;CR;VU;NT;EN;EX
63,FW_FISH_PART2,853398.51,LC;CR;VU;NT;EN;EX
64,FW_FISH_PART2,853398.51,LC;CR;VU;NT;EN;EX
65,FW_FISH_PART2,853398.51,LC;CR;VU;NT;EN;EX
66,FW_FISH_PART2,853398.51,LC;CR;VU;NT;EN;EX
67,FW_FISH_PART2,853398.51,LC;CR;VU;NT;EN;EX
68,FW_FISH_PART2,853398.51,LC;CR;VU;NT;EN;EX
69,FW_FISH_PART2,853398.51,LC;CR;VU;NT;EN;EX
70,FW_FISH_PART2,853398.51,LC;CR;VU;NT;EN;EX
76,FW_FISH_PART2,853398.51,LC;CR;VU;NT;EN;EX
77,FW_FISH_PART2,853398.51,LC;CR;VU;NT;EN;EX
78,FW_FISH_PART2,853398.51,LC;CR;VU;NT;EN;EX
79,FW_FISH_PART2,853398.51,LC;CR;VU;NT;EN;EX
80,FW_FISH_PART2,853398.51,LC;CR;VU;NT;EN;EX
81,FW_FISH_PART2,853398.51,LC;CR;VU;NT;EN;EX
82,FW_FISH_PART2,853398.51,LC;CR;VU;NT;EN;EX
83,FW_FISH_PART2,853398.51,LC;CR;VU;NT;EN;EX
84,FW_FISH_PART2,853398.51,LC;CR;VU;NT;EN;EX
85,FW_FISH_PART2,853398.51,LC;CR;VU;NT;EN;EX
86,FW_FISH_PART2,853398.51,LC;CR;VU;NT;EN;EX
87,FW_FISH_PART2,853398.51,LC;CR;VU;NT;EN;EX
89,FW_FISH_PART2,853398.51,LC;CR;VU;NT;EN;EX
91,FW_FISH_PART2,853398.51,LC;CR;VU;NT;EN;EX
92,FW_FISH_PART2,853398.51,LC;CR;VU;NT;EN;EX
93,FW_FISH_PART2,853398.51,LC;CR;VU;NT;EN;EX
94,FW_FISH_PART2,853398.51,LC;CR;VU;NT;EN;EX
95,FW_FISH_PART2,853398.51,LC;CR;VU;NT;EN;EX
96,FW_FISH_PART2,853398.51,LC;CR;VU;NT;EN;EX
97,FW_FISH_PART2,853398.51,LC;CR;VU;NT;EN;EX
98,FW_FISH_PART2,853398.51,LC;CR;VU;NT;EN;EX
99,FW_FISH_PART2,853398.51,LC;CR;VU;NT;EN;EX
100,FW_FISH_PART2,853398.51,LC;CR;VU;NT;EN;EX
101,FW_FISH_PART2,853398.51,LC;CR;VU;NT;EN;EX
102,FW_FISH_PART2,853398.51,LC;CR;VU;NT;EN;EX
103,FW_FISH_PART2,853398.51,LC;CR;VU;NT;EN;EX
104,FW_FISH_PART2,853398.51,LC;CR;VU;NT;EN;EX
106,FW_FISH_PART2,853398.51,LC;CR;VU;NT;EN;EX
107,FW_FISH_PART2,853398.51,LC;CR;VU;NT;EN;EX
108,FW_FISH_PART2,853398.51,LC;CR;VU;NT;EN;EX
109,FW_FISH_PART2,853398.51,LC;CR;VU;NT;EN;EX
110,FW_FISH_PART2,853398.51,LC;CR;VU;NT;EN;EX
111,FW_FISH_PART2,853398.51,LC;CR;VU;NT;EN;EX
112,FW_FISH_PART2,853398.51,LC;CR;VU;NT;EN;EX
113,FW_FISH_PART2,853398.51,LC;CR;VU;NT;EN;EX
114,FW_FISH_PART2,853398.51,LC;CR;VU;NT;EN;EX
115,FW_FISH_PART2,853398.51,LC;CR;VU;NT;EN;EX
116,FW_FISH_PART2,853398.51,LC;CR;VU;NT;EN;EX
117,FW_FISH_PART2,853398.51,LC;CR;VU;NT;EN;EX
118,FW_FISH_PART2,853398.51,LC;CR;VU;NT;EN;EX
119,FW_FISH_PART2,853398.51,LC;CR;VU;NT;EN;EX
120,FW_FISH_PART2,853398.51,LC;CR;VU;NT;EN;EX
121,FW_FISH_PART2,853398.51,LC;CR;VU;NT;EN;EX
122,FW_FISH_PART2,853398.51,LC;CR;VU;NT;EN;EX
123,FW_FISH_PART2,853398.51,LC;CR;VU;NT;EN;EX
124,FW_FISH_PART2,853398.51,LC;CR;VU;NT;EN;EX
125,FW_FISH_PART2,853398.51,LC;CR;VU;NT;EN;EX
126,FW_FISH_PART2,853398.51,LC;CR;VU;NT;EN;EX
127,FW_FISH_PART2,853398.51,LC;CR;VU;NT;EN;EX
128,FW_FISH_PART2,853398.51,LC;CR;VU;NT;EN;EX
129,FW_FISH_PART2,853398.51,LC;CR;VU;NT;EN;EX
130,FW_FISH_PART2,853398.51,LC;CR;VU;NT;EN;EX
131,FW_FISH_PART2,853398.51,LC;CR;VU;NT;EN;EX
132,FW_FISH_PART2,853398.51,LC;CR;VU;NT;EN;EX
133,FW_FISH_PART2,853398.51,LC;CR;VU;NT;EN;EX
134,FW_FISH_PART2,853398.51,LC;CR;VU;NT;EN;EX
135,FW_FISH_PART2,853398.51,LC;CR;VU;NT;EN;EX
136,FW_FISH_PART2,853398.51,LC;CR;VU;NT;EN;EX
137,FW_FISH_PART2,853398.51,LC;CR;VU;NT;EN;EX
138,FW_FISH_PART2,853398.51,LC;CR;VU;NT;EN;EX
139,FW_FISH_PART2,853398.51,LC;CR;VU;NT;EN;EX
140,FW_FISH_PART2,853398.51,LC;CR;VU;NT;EN;EX
141,FW_FISH_PART2,853398.51,LC;CR;VU;NT;EN;EX
142,FW_FISH_PART2,853398.51,LC;CR;VU;NT;EN;EX
143,FW_FISH_PART2,853398.51,LC;CR;VU;NT;EN;EX
144,FW_FISH_PART2,853398.51,LC;CR;VU;NT;EN;EX
145,FW_FISH_PART2,853398.51,LC;CR;VU;NT;EN;EX
146,FW_FISH_PART2,853398.51,LC;CR;VU;NT;EN;EX
147,FW_FISH_PART2,853398.51,LC;CR;VU;NT;EN;EX
148,FW_FISH_PART2,853398.51,LC;CR;VU;NT;EN;EX
149,FW_FISH_PART2,853398.51,LC;CR;VU;NT;EN;EX
150,FW_FISH_PART2,853398.51,LC;CR;VU;NT;EN;EX
152,FW_FISH_PART2,853398.51,LC;CR;VU;NT;EN;EX
153,FW_FISH_PART2,853398.51,LC;CR;VU;NT;EN;EX
154,FW_FISH_PART2,853398.51,LC;CR;VU;NT;EN;EX
155,FW_FISH_PART2,853398.51,LC;CR;VU;NT;EN;EX
156,FW_FISH_PART2,853398.51,LC;CR;VU;NT;EN;EX
157,FW_FISH_PART2,853398.51,LC;CR;VU;NT;EN;EX
158,FW_FISH_PART2,853398.51,LC;CR;VU;NT;EN;EX
159,FW_FISH_PART2,853398.51,LC;CR;VU;NT;EN;EX
160,FW_FISH_PART2,853398.51,LC;CR;VU;NT;EN;EX
161,FW_FISH_PART2,853398.51,LC;CR;VU;NT;EN;EX
162,FW_FISH_PART2,853398.51,LC;CR;VU;NT;EN;EX
163,FW_FISH_PART2,853398.51,LC;CR;VU;NT;EN;EX
164,FW_FISH_PART2,853398.51,LC;CR;VU;NT;EN;EX
165,FW_FISH_PART2,853398.51,LC;CR;VU;NT;EN;EX
168,FW_FISH_PART2,853398.51,LC;CR;VU;NT;EN;EX
169,FW_FISH_PART2,853398.51,LC;CR;VU;NT;EN;EX
170,FW_FISH_PART2,853398.51,LC;CR;VU;NT;EN;EX
171,FW_FISH_PART2,853398.51,LC;CR;VU;NT;EN;EX
172,FW_FISH_PART2,853398.51,LC;CR;VU;NT;EN;EX
173,FW_FISH_PART2,853398.51,LC;CR;VU;NT;EN;EX
174,FW_FISH_PART2,853398.51,LC;CR;VU;NT;EN;EX
175,FW_FISH_PART2,853398.51,LC;CR;VU;NT;EN;EX
176,FW_FISH_PART2,853398.51,LC;CR;VU;NT;EN;EX
177,FW_FISH_PART2,853398.51,LC;CR;VU;NT;EN;EX
178,FW_FISH_PART2,853398.51,LC;CR;VU;NT;EN;EX
179,FW_FISH_PART2,853398.51,LC;CR;VU;NT;EN;EX
180,FW_FISH_PART2,853398.51,LC;CR;VU;NT;EN;EX
184,FW_FISH_PART2,853398.51,LC;CR;VU;NT;EN;EX
185,FW_FISH_PART2,853398.51,LC;CR;VU;NT;EN;EX
186,FW_FISH_PART2,853398.51,LC;CR;VU;NT;EN;EX
187,FW_FISH_PART2,853398.51,LC;CR;VU;NT;EN;EX
188,FW_FISH_PART2,853398.51,LC;CR;VU;NT;EN;EX
189,FW_FISH_PART2,853398.51,LC;CR;VU;NT;EN;EX
190,FW_FISH_PART2,853398.51,LC;CR;VU;NT;EN;EX
191,FW_FISH_PART2,853398.51,LC;CR;VU;NT;EN;EX
192,FW_FISH_PART2,853398.51,LC;CR;VU;NT;EN;EX
193,FW_FISH_PART2,853398.51,LC;CR;VU;NT;EN;EX
200,FW_FISH_PART2,853398.51,LC;CR;VU;NT;EN;EX
201,FW_FISH_PART2,853398.51,LC;CR;VU;NT;EN;EX
202,FW_FISH_PART2,853398.51,LC;CR;VU;NT;EN;EX
203,FW_FISH_PART2,853398.51,LC;CR;VU;NT;EN;EX
204,FW_FISH_PART2,853398.51,LC;CR;VU;NT;EN;EX
