grid_ids,species,total_area_km2,iucn_category
1,FW_OTHER_PART3,1329226.91,LC;CR;EN;VU;NT
2,FW_OTHER_PART3,1329226.91,LC;CR;EN;VU;NT
3,FW_OTHER_PART3,1329226.91,LC;CR;EN;VU;NT
4,FW_OTHER_PART3,1329226.91,LC;CR;EN;VU;NT
5,FW_OTHER_PART3,1329226.91,LC;CR;EN;VU;NT
6,FW_OTHER_PART3,1329226.91,LC;CR;EN;VU;NT
7,FW_OTHER_PART3,1329226.91,LC;CR;EN;VU;NT
8,FW_OTHER_PART3,1329226.91,LC;CR;EN;VU;NT
16,FW_OTHER_PART3,1329226.91,LC;CR;EN;VU;NT
17,FW_OTHER_PART3,1329226.91,LC;CR;EN;VU;NT
18,FW_OTHER_PART3,1329226.91,LC;CR;EN;VU;NT
19,FW_OTHER_PART3,1329226.91,LC;CR;EN;VU;NT
20,FW_OTHER_PART3,1329226.91,LC;CR;EN;VU;NT
21,FW_OTHER_PART3,1329226.91,LC;CR;EN;VU;NT
22,FW_OTHER_PART3,1329226.91,LC;CR;EN;VU;NT
23,FW_OTHER_PART3,1329226.91,LC;CR;EN;VU;NT
24,FW_OTHER_PART3,1329226.91,LC;CR;EN;VU;NT
25,FW_OTHER_PART3,1329226.91,LC;CR;EN;VU;NT
26,FW_OTHER_PART3,1329226.91,LC;CR;EN;VU;NT
31,FW_OTHER_PART3,1329226.91,LC;CR;EN;VU;NT
32,FW_OTHER_PART3,1329226.91,LC;CR;EN;VU;NT
33,FW_OTHER_PART3,1329226.91,LC;CR;EN;VU;NT
34,FW_OTHER_PART3,1329226.91,LC;CR;EN;VU;NT
35,FW_OTHER_PART3,1329226.91,LC;CR;EN;VU;NT
36,FW_OTHER_PART3,1329226.91,LC;CR;EN;VU;NT
37,FW_OTHER_PART3,1329226.91,LC;CR;EN;VU;NT
38,FW_OTHER_PART3,1329226.91,LC;CR;EN;VU;NT
39,FW_OTHER_PART3,1329226.91,LC;CR;EN;VU;NT
40,FW_OTHER_PART3,1329226.91,LC;CR;EN;VU;NT
41,FW_OTHER_PART3,1329226.91,LC;CR;EN;VU;NT
46,FW_OTHER_PART3,1329226.91,LC;CR;EN;VU;NT
47,FW_OTHER_PART3,1329226.91,LC;CR;EN;VU;NT
48,FW_OTHER_PART3,1329226.91,LC;CR;EN;VU;NT
49,FW_OTHER_PART3,1329226.91,LC;CR;EN;VU;NT
50,FW_OTHER_PART3,1329226.91,LC;CR;EN;VU;NT
51,FW_OTHER_PART3,1329226.91,LC;CR;EN;VU;NT
52,FW_OTHER_PART3,1329226.91,LC;CR;EN;VU;NT
53,FW_OTHER_PART3,1329226.91,LC;CR;EN;VU;NT
54,FW_OTHER_PART3,1329226.91,LC;CR;EN;VU;NT
55,FW_OTHER_PART3,1329226.91,LC;CR;EN;VU;NT
56,FW_OTHER_PART3,1329226.91,LC;CR;EN;VU;NT
61,FW_OTHER_PART3,1329226.91,LC;CR;EN;VU;NT
62,FW_OTHER_PART3,1329226.91,LC;CR;EN;VU;NT
63,FW_OTHER_PART3,1329226.91,LC;CR;EN;VU;NT
64,FW_OTHER_PART3,1329226.91,LC;CR;EN;VU;NT
65,FW_OTHER_PART3,1329226.91,LC;CR;EN;VU;NT
66,FW_OTHER_PART3,1329226.91,LC;CR;EN;VU;NT
67,FW_OTHER_PART3,1329226.91,LC;CR;EN;VU;NT
68,FW_OTHER_PART3,1329226.91,LC;CR;EN;VU;NT
69,FW_OTHER_PART3,1329226.91,LC;CR;EN;VU;NT
70,FW_OTHER_PART3,1329226.91,LC;CR;EN;VU;NT
76,FW_OTHER_PART3,1329226.91,LC;CR;EN;VU;NT
77,FW_OTHER_PART3,1329226.91,LC;CR;EN;VU;NT
78,FW_OTHER_PART3,1329226.91,LC;CR;EN;VU;NT
79,FW_OTHER_PART3,1329226.91,LC;CR;EN;VU;NT
80,FW_OTHER_PART3,1329226.91,LC;CR;EN;VU;NT
81,FW_OTHER_PART3,1329226.91,LC;CR;EN;VU;NT
82,FW_OTHER_PART3,1329226.91,LC;CR;EN;VU;NT
83,FW_OTHER_PART3,1329226.91,LC;CR;EN;VU;NT
84,FW_OTHER_PART3,1329226.91,LC;CR;EN;VU;NT
85,FW_OTHER_PART3,1329226.91,LC;CR;EN;VU;NT
86,FW_OTHER_PART3,1329226.91,LC;CR;EN;VU;NT
87,FW_OTHER_PART3,1329226.91,LC;CR;EN;VU;NT
89,FW_OTHER_PART3,1329226.91,LC;CR;EN;VU;NT
91,FW_OTHER_PART3,1329226.91,LC;CR;EN;VU;NT
92,FW_OTHER_PART3,1329226.91,LC;CR;EN;VU;NT
93,FW_OTHER_PART3,1329226.91,LC;CR;EN;VU;NT
94,FW_OTHER_PART3,1329226.91,LC;CR;EN;VU;NT
95,FW_OTHER_PART3,1329226.91,LC;CR;EN;VU;NT
96,FW_OTHER_PART3,1329226.91,LC;CR;EN;VU;NT
97,FW_OTHER_PART3,1329226.91,LC;CR;EN;VU;NT
98,FW_OTHER_PART3,1329226.91,LC;CR;EN;VU;NT
99,FW_OTHER_PART3,1329226.91,LC;CR;EN;VU;NT
100,FW_OTHER_PART3,1329226.91,LC;CR;EN;VU;NT
101,FW_OTHER_PART3,1329226.91,LC;CR;EN;VU;NT
102,FW_OTHER_PART3,1329226.91,LC;CR;EN;VU;NT
103,FW_OTHER_PART3,1329226.91,LC;CR;EN;VU;NT
104,FW_OTHER_PART3,1329226.91,LC;CR;EN;VU;NT
106,FW_OTHER_PART3,1329226.91,LC;CR;EN;VU;NT
107,FW_OTHER_PART3,1329226.91,LC;CR;EN;VU;NT
108,FW_OTHER_PART3,1329226.91,LC;CR;EN;VU;NT
109,FW_OTHER_PART3,1329226.91,LC;CR;EN;VU;NT
110,FW_OTHER_PART3,1329226.91,LC;CR;EN;VU;NT
111,FW_OTHER_PART3,1329226.91,LC;CR;EN;VU;NT
112,FW_OTHER_PART3,1329226.91,LC;CR;EN;VU;NT
113,FW_OTHER_PART3,1329226.91,LC;CR;EN;VU;NT
114,FW_OTHER_PART3,1329226.91,LC;CR;EN;VU;NT
115,FW_OTHER_PART3,1329226.91,LC;CR;EN;VU;NT
116,FW_OTHER_PART3,1329226.91,LC;CR;EN;VU;NT
117,FW_OTHER_PART3,1329226.91,LC;CR;EN;VU;NT
118,FW_OTHER_PART3,1329226.91,LC;CR;EN;VU;NT
119,FW_OTHER_PART3,1329226.91,LC;CR;EN;VU;NT
120,FW_OTHER_PART3,1329226.91,LC;CR;EN;VU;NT
121,FW_OTHER_PART3,1329226.91,LC;CR;EN;VU;NT
122,FW_OTHER_PART3,1329226.91,LC;CR;EN;VU;NT
123,FW_OTHER_PART3,1329226.91,LC;CR;EN;VU;NT
124,FW_OTHER_PART3,1329226.91,LC;CR;EN;VU;NT
125,FW_OTHER_PART3,1329226.91,LC;CR;EN;VU;NT
126,FW_OTHER_PART3,1329226.91,LC;CR;EN;VU;NT
127,FW_OTHER_PART3,1329226.91,LC;CR;EN;VU;NT
128,FW_OTHER_PART3,1329226.91,LC;CR;EN;VU;NT
129,FW_OTHER_PART3,1329226.91,LC;CR;EN;VU;NT
130,FW_OTHER_PART3,1329226.91,LC;CR;EN;VU;NT
131,FW_OTHER_PART3,1329226.91,LC;CR;EN;VU;NT
132,FW_OTHER_PART3,1329226.91,LC;CR;EN;VU;NT
133,FW_OTHER_PART3,1329226.91,LC;CR;EN;VU;NT
134,FW_OTHER_PART3,1329226.91,LC;CR;EN;VU;NT
135,FW_OTHER_PART3,1329226.91,LC;CR;EN;VU;NT
136,FW_OTHER_PART3,1329226.91,LC;CR;EN;VU;NT
137,FW_OTHER_PART3,1329226.91,LC;CR;EN;VU;NT
138,FW_OTHER_PART3,1329226.91,LC;CR;EN;VU;NT
139,FW_OTHER_PART3,1329226.91,LC;CR;EN;VU;NT
140,FW_OTHER_PART3,1329226.91,LC;CR;EN;VU;NT
141,FW_OTHER_PART3,1329226.91,LC;CR;EN;VU;NT
142,FW_OTHER_PART3,1329226.91,LC;CR;EN;VU;NT
143,FW_OTHER_PART3,1329226.91,LC;CR;EN;VU;NT
144,FW_OTHER_PART3,1329226.91,LC;CR;EN;VU;NT
145,FW_OTHER_PART3,1329226.91,LC;CR;EN;VU;NT
146,FW_OTHER_PART3,1329226.91,LC;CR;EN;VU;NT
147,FW_OTHER_PART3,1329226.91,LC;CR;EN;VU;NT
148,FW_OTHER_PART3,1329226.91,LC;CR;EN;VU;NT
149,FW_OTHER_PART3,1329226.91,LC;CR;EN;VU;NT
150,FW_OTHER_PART3,1329226.91,LC;CR;EN;VU;NT
152,FW_OTHER_PART3,1329226.91,LC;CR;EN;VU;NT
153,FW_OTHER_PART3,1329226.91,LC;CR;EN;VU;NT
154,FW_OTHER_PART3,1329226.91,LC;CR;EN;VU;NT
155,FW_OTHER_PART3,1329226.91,LC;CR;EN;VU;NT
156,FW_OTHER_PART3,1329226.91,LC;CR;EN;VU;NT
157,FW_OTHER_PART3,1329226.91,LC;CR;EN;VU;NT
158,FW_OTHER_PART3,1329226.91,LC;CR;EN;VU;NT
159,FW_OTHER_PART3,1329226.91,LC;CR;EN;VU;NT
160,FW_OTHER_PART3,1329226.91,LC;CR;EN;VU;NT
161,FW_OTHER_PART3,1329226.91,LC;CR;EN;VU;NT
162,FW_OTHER_PART3,1329226.91,LC;CR;EN;VU;NT
163,FW_OTHER_PART3,1329226.91,LC;CR;EN;VU;NT
164,FW_OTHER_PART3,1329226.91,LC;CR;EN;VU;NT
165,FW_OTHER_PART3,1329226.91,LC;CR;EN;VU;NT
168,FW_OTHER_PART3,1329226.91,LC;CR;EN;VU;NT
169,FW_OTHER_PART3,1329226.91,LC;CR;EN;VU;NT
170,FW_OTHER_PART3,1329226.91,LC;CR;EN;VU;NT
171,FW_OTHER_PART3,1329226.91,LC;CR;EN;VU;NT
172,FW_OTHER_PART3,1329226.91,LC;CR;EN;VU;NT
173,FW_OTHER_PART3,1329226.91,LC;CR;EN;VU;NT
174,FW_OTHER_PART3,1329226.91,LC;CR;EN;VU;NT
175,FW_OTHER_PART3,1329226.91,LC;CR;EN;VU;NT
176,FW_OTHER_PART3,1329226.91,LC;CR;EN;VU;NT
177,FW_OTHER_PART3,1329226.91,LC;CR;EN;VU;NT
178,FW_OTHER_PART3,1329226.91,LC;CR;EN;VU;NT
179,FW_OTHER_PART3,1329226.91,LC;CR;EN;VU;NT
180,FW_OTHER_PART3,1329226.91,LC;CR;EN;VU;NT
184,FW_OTHER_PART3,1329226.91,LC;CR;EN;VU;NT
185,FW_OTHER_PART3,1329226.91,LC;CR;EN;VU;NT
186,FW_OTHER_PART3,1329226.91,LC;CR;EN;VU;NT
187,FW_OTHER_PART3,1329226.91,LC;CR;EN;VU;NT
188,FW_OTHER_PART3,1329226.91,LC;CR;EN;VU;NT
189,FW_OTHER_PART3,1329226.91,LC;CR;EN;VU;NT
190,FW_OTHER_PART3,1329226.91,LC;CR;EN;VU;NT
191,FW_OTHER_PART3,1329226.91,LC;CR;EN;VU;NT
192,FW_OTHER_PART3,1329226.91,LC;CR;EN;VU;NT
193,FW_OTHER_PART3,1329226.91,LC;CR;EN;VU;NT
200,FW_OTHER_PART3,1329226.91,LC;CR;EN;VU;NT
201,FW_OTHER_PART3,1329226.91,LC;CR;EN;VU;NT
202,FW_OTHER_PART3,1329226.91,LC;CR;EN;VU;NT
203,FW_OTHER_PART3,1329226.91,LC;CR;EN;VU;NT
204,FW_OTHER_PART3,1329226.91,LC;CR;EN;VU;NT
