grid_ids,species,total_area_km2,iucn_category
1,MARINEFISH_PART6,12249062.72,CR;EN;LC;VU;NT;EX
2,MARINEFISH_PART6,12249062.72,CR;EN;LC;VU;NT;EX
3,MARINEFISH_PART6,12249062.72,CR;EN;LC;VU;NT;EX
4,MARINEFISH_PART6,12249062.72,CR;EN;LC;VU;NT;EX
5,MARINEFISH_PART6,12249062.72,CR;EN;LC;VU;NT;EX
6,MARINEFISH_PART6,12249062.72,CR;EN;LC;VU;NT;EX
7,MARINEFISH_PART6,12249062.72,CR;EN;LC;VU;NT;EX
8,MARINEFISH_PART6,12249062.72,CR;EN;LC;VU;NT;EX
16,MARINEFISH_PART6,12249062.72,CR;EN;LC;VU;NT;EX
17,MARINEFISH_PART6,12249062.72,CR;EN;LC;VU;NT;EX
18,MARINEFISH_PART6,12249062.72,CR;EN;LC;VU;NT;EX
19,MARINEFISH_PART6,12249062.72,CR;EN;LC;VU;NT;EX
20,MARINEFISH_PART6,12249062.72,CR;EN;LC;VU;NT;EX
21,MARINEFISH_PART6,12249062.72,CR;EN;LC;VU;NT;EX
22,MARINEFISH_PART6,12249062.72,CR;EN;LC;VU;NT;EX
23,MARINEFISH_PART6,12249062.72,CR;EN;LC;VU;NT;EX
24,MARINEFISH_PART6,12249062.72,CR;EN;LC;VU;NT;EX
25,MARINEFISH_PART6,12249062.72,CR;EN;LC;VU;NT;EX
26,MARINEFISH_PART6,12249062.72,CR;EN;LC;VU;NT;EX
31,MARINEFISH_PART6,12249062.72,CR;EN;LC;VU;NT;EX
32,MARINEFISH_PART6,12249062.72,CR;EN;LC;VU;NT;EX
33,MARINEFISH_PART6,12249062.72,CR;EN;LC;VU;NT;EX
34,MARINEFISH_PART6,12249062.72,CR;EN;LC;VU;NT;EX
35,MARINEFISH_PART6,12249062.72,CR;EN;LC;VU;NT;EX
36,MARINEFISH_PART6,12249062.72,CR;EN;LC;VU;NT;EX
37,MARINEFISH_PART6,12249062.72,CR;EN;LC;VU;NT;EX
38,MARINEFISH_PART6,12249062.72,CR;EN;LC;VU;NT;EX
39,MARINEFISH_PART6,12249062.72,CR;EN;LC;VU;NT;EX
40,MARINEFISH_PART6,12249062.72,CR;EN;LC;VU;NT;EX
41,MARINEFISH_PART6,12249062.72,CR;EN;LC;VU;NT;EX
46,MARINEFISH_PART6,12249062.72,CR;EN;LC;VU;NT;EX
47,MARINEFISH_PART6,12249062.72,CR;EN;LC;VU;NT;EX
48,MARINEFISH_PART6,12249062.72,CR;EN;LC;VU;NT;EX
49,MARINEFISH_PART6,12249062.72,CR;EN;LC;VU;NT;EX
50,MARINEFISH_PART6,12249062.72,CR;EN;LC;VU;NT;EX
51,MARINEFISH_PART6,12249062.72,CR;EN;LC;VU;NT;EX
52,MARINEFISH_PART6,12249062.72,CR;EN;LC;VU;NT;EX
53,MARINEFISH_PART6,12249062.72,CR;EN;LC;VU;NT;EX
54,MARINEFISH_PART6,12249062.72,CR;EN;LC;VU;NT;EX
55,MARINEFISH_PART6,12249062.72,CR;EN;LC;VU;NT;EX
56,MARINEFISH_PART6,12249062.72,CR;EN;LC;VU;NT;EX
61,MARINEFISH_PART6,12249062.72,CR;EN;LC;VU;NT;EX
62,MARINEFISH_PART6,12249062.72,CR;EN;LC;VU;NT;EX
63,MARINEFISH_PART6,12249062.72,CR;EN;LC;VU;NT;EX
64,MARINEFISH_PART6,12249062.72,CR;EN;LC;VU;NT;EX
65,MARINEFISH_PART6,12249062.72,CR;EN;LC;VU;NT;EX
66,MARINEFISH_PART6,12249062.72,CR;EN;LC;VU;NT;EX
67,MARINEFISH_PART6,12249062.72,CR;EN;LC;VU;NT;EX
68,MARINEFISH_PART6,12249062.72,CR;EN;LC;VU;NT;EX
69,MARINEFISH_PART6,12249062.72,CR;EN;LC;VU;NT;EX
70,MARINEFISH_PART6,12249062.72,CR;EN;LC;VU;NT;EX
76,MARINEFISH_PART6,12249062.72,CR;EN;LC;VU;NT;EX
77,MARINEFISH_PART6,12249062.72,CR;EN;LC;VU;NT;EX
78,MARINEFISH_PART6,12249062.72,CR;EN;LC;VU;NT;EX
79,MARINEFISH_PART6,12249062.72,CR;EN;LC;VU;NT;EX
80,MARINEFISH_PART6,12249062.72,CR;EN;LC;VU;NT;EX
81,MARINEFISH_PART6,12249062.72,CR;EN;LC;VU;NT;EX
82,MARINEFISH_PART6,12249062.72,CR;EN;LC;VU;NT;EX
83,MARINEFISH_PART6,12249062.72,CR;EN;LC;VU;NT;EX
84,MARINEFISH_PART6,12249062.72,CR;EN;LC;VU;NT;EX
85,MARINEFISH_PART6,12249062.72,CR;EN;LC;VU;NT;EX
86,MARINEFISH_PART6,12249062.72,CR;EN;LC;VU;NT;EX
87,MARINEFISH_PART6,12249062.72,CR;EN;LC;VU;NT;EX
89,MARINEFISH_PART6,12249062.72,CR;EN;LC;VU;NT;EX
91,MARINEFISH_PART6,12249062.72,CR;EN;LC;VU;NT;EX
92,MARINEFISH_PART6,12249062.72,CR;EN;LC;VU;NT;EX
93,MARINEFISH_PART6,12249062.72,CR;EN;LC;VU;NT;EX
94,MARINEFISH_PART6,12249062.72,CR;EN;LC;VU;NT;EX
95,MARINEFISH_PART6,12249062.72,CR;EN;LC;VU;NT;EX
96,MARINEFISH_PART6,12249062.72,CR;EN;LC;VU;NT;EX
97,MARINEFISH_PART6,12249062.72,CR;EN;LC;VU;NT;EX
98,MARINEFISH_PART6,12249062.72,CR;EN;LC;VU;NT;EX
99,MARINEFISH_PART6,12249062.72,CR;EN;LC;VU;NT;EX
100,MARINEFISH_PART6,12249062.72,CR;EN;LC;VU;NT;EX
101,MARINEFISH_PART6,12249062.72,CR;EN;LC;VU;NT;EX
102,MARINEFISH_PART6,12249062.72,CR;EN;LC;VU;NT;EX
103,MARINEFISH_PART6,12249062.72,CR;EN;LC;VU;NT;EX
104,MARINEFISH_PART6,12249062.72,CR;EN;LC;VU;NT;EX
106,MARINEFISH_PART6,12249062.72,CR;EN;LC;VU;NT;EX
107,MARINEFISH_PART6,12249062.72,CR;EN;LC;VU;NT;EX
108,MARINEFISH_PART6,12249062.72,CR;EN;LC;VU;NT;EX
109,MARINEFISH_PART6,12249062.72,CR;EN;LC;VU;NT;EX
110,MARINEFISH_PART6,12249062.72,CR;EN;LC;VU;NT;EX
111,MARINEFISH_PART6,12249062.72,CR;EN;LC;VU;NT;EX
112,MARINEFISH_PART6,12249062.72,CR;EN;LC;VU;NT;EX
113,MARINEFISH_PART6,12249062.72,CR;EN;LC;VU;NT;EX
114,MARINEFISH_PART6,12249062.72,CR;EN;LC;VU;NT;EX
115,MARINEFISH_PART6,12249062.72,CR;EN;LC;VU;NT;EX
116,MARINEFISH_PART6,12249062.72,CR;EN;LC;VU;NT;EX
117,MARINEFISH_PART6,12249062.72,CR;EN;LC;VU;NT;EX
118,MARINEFISH_PART6,12249062.72,CR;EN;LC;VU;NT;EX
119,MARINEFISH_PART6,12249062.72,CR;EN;LC;VU;NT;EX
120,MARINEFISH_PART6,12249062.72,CR;EN;LC;VU;NT;EX
121,MARINEFISH_PART6,12249062.72,CR;EN;LC;VU;NT;EX
122,MARINEFISH_PART6,12249062.72,CR;EN;LC;VU;NT;EX
123,MARINEFISH_PART6,12249062.72,CR;EN;LC;VU;NT;EX
124,MARINEFISH_PART6,12249062.72,CR;EN;LC;VU;NT;EX
125,MARINEFISH_PART6,12249062.72,CR;EN;LC;VU;NT;EX
126,MARINEFISH_PART6,12249062.72,CR;EN;LC;VU;NT;EX
127,MARINEFISH_PART6,12249062.72,CR;EN;LC;VU;NT;EX
128,MARINEFISH_PART6,12249062.72,CR;EN;LC;VU;NT;EX
129,MARINEFISH_PART6,12249062.72,CR;EN;LC;VU;NT;EX
130,MARINEFISH_PART6,12249062.72,CR;EN;LC;VU;NT;EX
131,MARINEFISH_PART6,12249062.72,CR;EN;LC;VU;NT;EX
132,MARINEFISH_PART6,12249062.72,CR;EN;LC;VU;NT;EX
133,MARINEFISH_PART6,12249062.72,CR;EN;LC;VU;NT;EX
134,MARINEFISH_PART6,12249062.72,CR;EN;LC;VU;NT;EX
135,MARINEFISH_PART6,12249062.72,CR;EN;LC;VU;NT;EX
136,MARINEFISH_PART6,12249062.72,CR;EN;LC;VU;NT;EX
137,MARINEFISH_PART6,12249062.72,CR;EN;LC;VU;NT;EX
138,MARINEFISH_PART6,12249062.72,CR;EN;LC;VU;NT;EX
139,MARINEFISH_PART6,12249062.72,CR;EN;LC;VU;NT;EX
140,MARINEFISH_PART6,12249062.72,CR;EN;LC;VU;NT;EX
141,MARINEFISH_PART6,12249062.72,CR;EN;LC;VU;NT;EX
142,MARINEFISH_PART6,12249062.72,CR;EN;LC;VU;NT;EX
143,MARINEFISH_PART6,12249062.72,CR;EN;LC;VU;NT;EX
144,MARINEFISH_PART6,12249062.72,CR;EN;LC;VU;NT;EX
145,MARINEFISH_PART6,12249062.72,CR;EN;LC;VU;NT;EX
146,MARINEFISH_PART6,12249062.72,CR;EN;LC;VU;NT;EX
147,MARINEFISH_PART6,12249062.72,CR;EN;LC;VU;NT;EX
148,MARINEFISH_PART6,12249062.72,CR;EN;LC;VU;NT;EX
149,MARINEFISH_PART6,12249062.72,CR;EN;LC;VU;NT;EX
150,MARINEFISH_PART6,12249062.72,CR;EN;LC;VU;NT;EX
152,MARINEFISH_PART6,12249062.72,CR;EN;LC;VU;NT;EX
153,MARINEFISH_PART6,12249062.72,CR;EN;LC;VU;NT;EX
154,MARINEFISH_PART6,12249062.72,CR;EN;LC;VU;NT;EX
155,MARINEFISH_PART6,12249062.72,CR;EN;LC;VU;NT;EX
156,MARINEFISH_PART6,12249062.72,CR;EN;LC;VU;NT;EX
157,MARINEFISH_PART6,12249062.72,CR;EN;LC;VU;NT;EX
158,MARINEFISH_PART6,12249062.72,CR;EN;LC;VU;NT;EX
159,MARINEFISH_PART6,12249062.72,CR;EN;LC;VU;NT;EX
160,MARINEFISH_PART6,12249062.72,CR;EN;LC;VU;NT;EX
161,MARINEFISH_PART6,12249062.72,CR;EN;LC;VU;NT;EX
162,MARINEFISH_PART6,12249062.72,CR;EN;LC;VU;NT;EX
163,MARINEFISH_PART6,12249062.72,CR;EN;LC;VU;NT;EX
164,MARINEFISH_PART6,12249062.72,CR;EN;LC;VU;NT;EX
165,MARINEFISH_PART6,12249062.72,CR;EN;LC;VU;NT;EX
168,MARINEFISH_PART6,12249062.72,CR;EN;LC;VU;NT;EX
169,MARINEFISH_PART6,12249062.72,CR;EN;LC;VU;NT;EX
170,MARINEFISH_PART6,12249062.72,CR;EN;LC;VU;NT;EX
171,MARINEFISH_PART6,12249062.72,CR;EN;LC;VU;NT;EX
172,MARINEFISH_PART6,12249062.72,CR;EN;LC;VU;NT;EX
173,MARINEFISH_PART6,12249062.72,CR;EN;LC;VU;NT;EX
174,MARINEFISH_PART6,12249062.72,CR;EN;LC;VU;NT;EX
175,MARINEFISH_PART6,12249062.72,CR;EN;LC;VU;NT;EX
176,MARINEFISH_PART6,12249062.72,CR;EN;LC;VU;NT;EX
177,MARINEFISH_PART6,12249062.72,CR;EN;LC;VU;NT;EX
178,MARINEFISH_PART6,12249062.72,CR;EN;LC;VU;NT;EX
179,MARINEFISH_PART6,12249062.72,CR;EN;LC;VU;NT;EX
180,MARINEFISH_PART6,12249062.72,CR;EN;LC;VU;NT;EX
184,MARINEFISH_PART6,12249062.72,CR;EN;LC;VU;NT;EX
185,MARINEFISH_PART6,12249062.72,CR;EN;LC;VU;NT;EX
186,MARINEFISH_PART6,12249062.72,CR;EN;LC;VU;NT;EX
187,MARINEFISH_PART6,12249062.72,CR;EN;LC;VU;NT;EX
188,MARINEFISH_PART6,12249062.72,CR;EN;LC;VU;NT;EX
189,MARINEFISH_PART6,12249062.72,CR;EN;LC;VU;NT;EX
190,MARINEFISH_PART6,12249062.72,CR;EN;LC;VU;NT;EX
191,MARINEFISH_PART6,12249062.72,CR;EN;LC;VU;NT;EX
192,MARINEFISH_PART6,12249062.72,CR;EN;LC;VU;NT;EX
193,MARINEFISH_PART6,12249062.72,CR;EN;LC;VU;NT;EX
200,MARINEFISH_PART6,12249062.72,CR;EN;LC;VU;NT;EX
201,MARINEFISH_PART6,12249062.72,CR;EN;LC;VU;NT;EX
202,MARINEFISH_PART6,12249062.72,CR;EN;LC;VU;NT;EX
203,MARINEFISH_PART6,12249062.72,CR;EN;LC;VU;NT;EX
204,MARINEFISH_PART6,12249062.72,CR;EN;LC;VU;NT;EX
