grid_ids,species,total_area_km2,iucn_category
1,MARINEFISH_PART3,12361381.18,CR;LC;VU;EN;NT
2,MARINEFISH_PART3,12361381.18,CR;LC;VU;EN;NT
3,MARINEFISH_PART3,12361381.18,CR;LC;VU;EN;NT
4,MARINEFISH_PART3,12361381.18,CR;LC;VU;EN;NT
5,MARINEFISH_PART3,12361381.18,CR;LC;VU;EN;NT
6,MARINEFISH_PART3,12361381.18,CR;LC;VU;EN;NT
7,MARINEFISH_PART3,12361381.18,CR;LC;VU;EN;NT
8,MARINEFISH_PART3,12361381.18,CR;LC;VU;EN;NT
16,MARINEFISH_PART3,12361381.18,CR;LC;VU;EN;NT
17,MARINEFISH_PART3,12361381.18,CR;LC;VU;EN;NT
18,MARINEFISH_PART3,12361381.18,CR;LC;VU;EN;NT
19,MARINEFISH_PART3,12361381.18,CR;LC;VU;EN;NT
20,MARINEFISH_PART3,12361381.18,CR;LC;VU;EN;NT
21,MARINEFISH_PART3,12361381.18,CR;LC;VU;EN;NT
22,MARINEFISH_PART3,12361381.18,CR;LC;VU;EN;NT
23,MARINEFISH_PART3,12361381.18,CR;LC;VU;EN;NT
24,MARINEFISH_PART3,12361381.18,CR;LC;VU;EN;NT
25,MARINEFISH_PART3,12361381.18,CR;LC;VU;EN;NT
26,MARINEFISH_PART3,12361381.18,CR;LC;VU;EN;NT
31,MARINEFISH_PART3,12361381.18,CR;LC;VU;EN;NT
32,MARINEFISH_PART3,12361381.18,CR;LC;VU;EN;NT
33,MARINEFISH_PART3,12361381.18,CR;LC;VU;EN;NT
34,MARINEFISH_PART3,12361381.18,CR;LC;VU;EN;NT
35,MARINEFISH_PART3,12361381.18,CR;LC;VU;EN;NT
36,MARINEFISH_PART3,12361381.18,CR;LC;VU;EN;NT
37,MARINEFISH_PART3,12361381.18,CR;LC;VU;EN;NT
38,MARINEFISH_PART3,12361381.18,CR;LC;VU;EN;NT
39,MARINEFISH_PART3,12361381.18,CR;LC;VU;EN;NT
40,MARINEFISH_PART3,12361381.18,CR;LC;VU;EN;NT
41,MARINEFISH_PART3,12361381.18,CR;LC;VU;EN;NT
46,MARINEFISH_PART3,12361381.18,CR;LC;VU;EN;NT
47,MARINEFISH_PART3,12361381.18,CR;LC;VU;EN;NT
48,MARINEFISH_PART3,12361381.18,CR;LC;VU;EN;NT
49,MARINEFISH_PART3,12361381.18,CR;LC;VU;EN;NT
50,MARINEFISH_PART3,12361381.18,CR;LC;VU;EN;NT
51,MARINEFISH_PART3,12361381.18,CR;LC;VU;EN;NT
52,MARINEFISH_PART3,12361381.18,CR;LC;VU;EN;NT
53,MARINEFISH_PART3,12361381.18,CR;LC;VU;EN;NT
54,MARINEFISH_PART3,12361381.18,CR;LC;VU;EN;NT
55,MARINEFISH_PART3,12361381.18,CR;LC;VU;EN;NT
56,MARINEFISH_PART3,12361381.18,CR;LC;VU;EN;NT
61,MARINEFISH_PART3,12361381.18,CR;LC;VU;EN;NT
62,MARINEFISH_PART3,12361381.18,CR;LC;VU;EN;NT
63,MARINEFISH_PART3,12361381.18,CR;LC;VU;EN;NT
64,MARINEFISH_PART3,12361381.18,CR;LC;VU;EN;NT
65,MARINEFISH_PART3,12361381.18,CR;LC;VU;EN;NT
66,MARINEFISH_PART3,12361381.18,CR;LC;VU;EN;NT
67,MARINEFISH_PART3,12361381.18,CR;LC;VU;EN;NT
68,MARINEFISH_PART3,12361381.18,CR;LC;VU;EN;NT
69,MARINEFISH_PART3,12361381.18,CR;LC;VU;EN;NT
70,MARINEFISH_PART3,12361381.18,CR;LC;VU;EN;NT
76,MARINEFISH_PART3,12361381.18,CR;LC;VU;EN;NT
77,MARINEFISH_PART3,12361381.18,CR;LC;VU;EN;NT
78,MARINEFISH_PART3,12361381.18,CR;LC;VU;EN;NT
79,MARINEFISH_PART3,12361381.18,CR;LC;VU;EN;NT
80,MARINEFISH_PART3,12361381.18,CR;LC;VU;EN;NT
81,MARINEFISH_PART3,12361381.18,CR;LC;VU;EN;NT
82,MARINEFISH_PART3,12361381.18,CR;LC;VU;EN;NT
83,MARINEFISH_PART3,12361381.18,CR;LC;VU;EN;NT
84,MARINEFISH_PART3,12361381.18,CR;LC;VU;EN;NT
85,MARINEFISH_PART3,12361381.18,CR;LC;VU;EN;NT
86,MARINEFISH_PART3,12361381.18,CR;LC;VU;EN;NT
87,MARINEFISH_PART3,12361381.18,CR;LC;VU;EN;NT
89,MARINEFISH_PART3,12361381.18,CR;LC;VU;EN;NT
91,MARINEFISH_PART3,12361381.18,CR;LC;VU;EN;NT
92,MARINEFISH_PART3,12361381.18,CR;LC;VU;EN;NT
93,MARINEFISH_PART3,12361381.18,CR;LC;VU;EN;NT
94,MARINEFISH_PART3,12361381.18,CR;LC;VU;EN;NT
95,MARINEFISH_PART3,12361381.18,CR;LC;VU;EN;NT
96,MARINEFISH_PART3,12361381.18,CR;LC;VU;EN;NT
97,MARINEFISH_PART3,12361381.18,CR;LC;VU;EN;NT
98,MARINEFISH_PART3,12361381.18,CR;LC;VU;EN;NT
99,MARINEFISH_PART3,12361381.18,CR;LC;VU;EN;NT
100,MARINEFISH_PART3,12361381.18,CR;LC;VU;EN;NT
101,MARINEFISH_PART3,12361381.18,CR;LC;VU;EN;NT
102,MARINEFISH_PART3,12361381.18,CR;LC;VU;EN;NT
103,MARINEFISH_PART3,12361381.18,CR;LC;VU;EN;NT
104,MARINEFISH_PART3,12361381.18,CR;LC;VU;EN;NT
106,MARINEFISH_PART3,12361381.18,CR;LC;VU;EN;NT
107,MARINEFISH_PART3,12361381.18,CR;LC;VU;EN;NT
108,MARINEFISH_PART3,12361381.18,CR;LC;VU;EN;NT
109,MARINEFISH_PART3,12361381.18,CR;LC;VU;EN;NT
110,MARINEFISH_PART3,12361381.18,CR;LC;VU;EN;NT
111,MARINEFISH_PART3,12361381.18,CR;LC;VU;EN;NT
112,MARINEFISH_PART3,12361381.18,CR;LC;VU;EN;NT
113,MARINEFISH_PART3,12361381.18,CR;LC;VU;EN;NT
114,MARINEFISH_PART3,12361381.18,CR;LC;VU;EN;NT
115,MARINEFISH_PART3,12361381.18,CR;LC;VU;EN;NT
116,MARINEFISH_PART3,12361381.18,CR;LC;VU;EN;NT
117,MARINEFISH_PART3,12361381.18,CR;LC;VU;EN;NT
118,MARINEFISH_PART3,12361381.18,CR;LC;VU;EN;NT
119,MARINEFISH_PART3,12361381.18,CR;LC;VU;EN;NT
120,MARINEFISH_PART3,12361381.18,CR;LC;VU;EN;NT
121,MARINEFISH_PART3,12361381.18,CR;LC;VU;EN;NT
122,MARINEFISH_PART3,12361381.18,CR;LC;VU;EN;NT
123,MARINEFISH_PART3,12361381.18,CR;LC;VU;EN;NT
124,MARINEFISH_PART3,12361381.18,CR;LC;VU;EN;NT
125,MARINEFISH_PART3,12361381.18,CR;LC;VU;EN;NT
126,MARINEFISH_PART3,12361381.18,CR;LC;VU;EN;NT
127,MARINEFISH_PART3,12361381.18,CR;LC;VU;EN;NT
128,MARINEFISH_PART3,12361381.18,CR;LC;VU;EN;NT
129,MARINEFISH_PART3,12361381.18,CR;LC;VU;EN;NT
130,MARINEFISH_PART3,12361381.18,CR;LC;VU;EN;NT
131,MARINEFISH_PART3,12361381.18,CR;LC;VU;EN;NT
132,MARINEFISH_PART3,12361381.18,CR;LC;VU;EN;NT
133,MARINEFISH_PART3,12361381.18,CR;LC;VU;EN;NT
134,MARINEFISH_PART3,12361381.18,CR;LC;VU;EN;NT
135,MARINEFISH_PART3,12361381.18,CR;LC;VU;EN;NT
136,MARINEFISH_PART3,12361381.18,CR;LC;VU;EN;NT
137,MARINEFISH_PART3,12361381.18,CR;LC;VU;EN;NT
138,MARINEFISH_PART3,12361381.18,CR;LC;VU;EN;NT
139,MARINEFISH_PART3,12361381.18,CR;LC;VU;EN;NT
140,MARINEFISH_PART3,12361381.18,CR;LC;VU;EN;NT
141,MARINEFISH_PART3,12361381.18,CR;LC;VU;EN;NT
142,MARINEFISH_PART3,12361381.18,CR;LC;VU;EN;NT
143,MARINEFISH_PART3,12361381.18,CR;LC;VU;EN;NT
144,MARINEFISH_PART3,12361381.18,CR;LC;VU;EN;NT
145,MARINEFISH_PART3,12361381.18,CR;LC;VU;EN;NT
146,MARINEFISH_PART3,12361381.18,CR;LC;VU;EN;NT
147,MARINEFISH_PART3,12361381.18,CR;LC;VU;EN;NT
148,MARINEFISH_PART3,12361381.18,CR;LC;VU;EN;NT
149,MARINEFISH_PART3,12361381.18,CR;LC;VU;EN;NT
150,MARINEFISH_PART3,12361381.18,CR;LC;VU;EN;NT
152,MARINEFISH_PART3,12361381.18,CR;LC;VU;EN;NT
153,MARINEFISH_PART3,12361381.18,CR;LC;VU;EN;NT
154,MARINEFISH_PART3,12361381.18,CR;LC;VU;EN;NT
155,MARINEFISH_PART3,12361381.18,CR;LC;VU;EN;NT
156,MARINEFISH_PART3,12361381.18,CR;LC;VU;EN;NT
157,MARINEFISH_PART3,12361381.18,CR;LC;VU;EN;NT
158,MARINEFISH_PART3,12361381.18,CR;LC;VU;EN;NT
159,MARINEFISH_PART3,12361381.18,CR;LC;VU;EN;NT
160,MARINEFISH_PART3,12361381.18,CR;LC;VU;EN;NT
161,MARINEFISH_PART3,12361381.18,CR;LC;VU;EN;NT
162,MARINEFISH_PART3,12361381.18,CR;LC;VU;EN;NT
163,MARINEFISH_PART3,12361381.18,CR;LC;VU;EN;NT
164,MARINEFISH_PART3,12361381.18,CR;LC;VU;EN;NT
165,MARINEFISH_PART3,12361381.18,CR;LC;VU;EN;NT
168,MARINEFISH_PART3,12361381.18,CR;LC;VU;EN;NT
169,MARINEFISH_PART3,12361381.18,CR;LC;VU;EN;NT
170,MARINEFISH_PART3,12361381.18,CR;LC;VU;EN;NT
171,MARINEFISH_PART3,12361381.18,CR;LC;VU;EN;NT
172,MARINEFISH_PART3,12361381.18,CR;LC;VU;EN;NT
173,MARINEFISH_PART3,12361381.18,CR;LC;VU;EN;NT
174,MARINEFISH_PART3,12361381.18,CR;LC;VU;EN;NT
175,MARINEFISH_PART3,12361381.18,CR;LC;VU;EN;NT
176,MARINEFISH_PART3,12361381.18,CR;LC;VU;EN;NT
177,MARINEFISH_PART3,12361381.18,CR;LC;VU;EN;NT
178,MARINEFISH_PART3,12361381.18,CR;LC;VU;EN;NT
179,MARINEFISH_PART3,12361381.18,CR;LC;VU;EN;NT
180,MARINEFISH_PART3,12361381.18,CR;LC;VU;EN;NT
184,MARINEFISH_PART3,12361381.18,CR;LC;VU;EN;NT
185,MARINEFISH_PART3,12361381.18,CR;LC;VU;EN;NT
186,MARINEFISH_PART3,12361381.18,CR;LC;VU;EN;NT
187,MARINEFISH_PART3,12361381.18,CR;LC;VU;EN;NT
188,MARINEFISH_PART3,12361381.18,CR;LC;VU;EN;NT
189,MARINEFISH_PART3,12361381.18,CR;LC;VU;EN;NT
190,MARINEFISH_PART3,12361381.18,CR;LC;VU;EN;NT
191,MARINEFISH_PART3,12361381.18,CR;LC;VU;EN;NT
192,MARINEFISH_PART3,12361381.18,CR;LC;VU;EN;NT
193,MARINEFISH_PART3,12361381.18,CR;LC;VU;EN;NT
200,MARINEFISH_PART3,12361381.18,CR;LC;VU;EN;NT
201,MARINEFISH_PART3,12361381.18,CR;LC;VU;EN;NT
202,MARINEFISH_PART3,12361381.18,CR;LC;VU;EN;NT
203,MARINEFISH_PART3,12361381.18,CR;LC;VU;EN;NT
204,MARINEFISH_PART3,12361381.18,CR;LC;VU;EN;NT
