grid_ids,species,total_area_km2,iucn_category
1,PUFFERFISHES_AND_RELATIVES,1538948.31,NT;EN;LC;VU;CR
2,PUFFERFISHES_AND_RELATIVES,1538948.31,NT;EN;LC;VU;CR
3,PUFFERFISHES_AND_RELATIVES,1538948.31,NT;EN;LC;VU;CR
4,PUFFERFISHES_AND_RELATIVES,1538948.31,NT;EN;LC;VU;CR
5,PUFFERFISHES_AND_RELATIVES,1538948.31,NT;EN;LC;VU;CR
6,PUFFERFISHES_AND_RELATIVES,1538948.31,NT;EN;LC;VU;CR
7,PUFFERFISHES_AND_RELATIVES,1538948.31,NT;EN;LC;VU;CR
8,PUFFERFISHES_AND_RELATIVES,1538948.31,NT;EN;LC;VU;CR
16,PUFFERFISHES_AND_RELATIVES,1538948.31,NT;EN;LC;VU;CR
17,PUFFERFISHES_AND_RELATIVES,1538948.31,NT;EN;LC;VU;CR
18,PUFFERFISHES_AND_RELATIVES,1538948.31,NT;EN;LC;VU;CR
19,PUFFERFISHES_AND_RELATIVES,1538948.31,NT;EN;LC;VU;CR
20,PUFFERFISHES_AND_RELATIVES,1538948.31,NT;EN;LC;VU;CR
21,PUFFERFISHES_AND_RELATIVES,1538948.31,NT;EN;LC;VU;CR
22,PUFFERFISHES_AND_RELATIVES,1538948.31,NT;EN;LC;VU;CR
23,PUFFERFISHES_AND_RELATIVES,1538948.31,NT;EN;LC;VU;CR
24,PUFFERFISHES_AND_RELATIVES,1538948.31,NT;EN;LC;VU;CR
25,PUFFERFISHES_AND_RELATIVES,1538948.31,NT;EN;LC;VU;CR
26,PUFFERFISHES_AND_RELATIVES,1538948.31,NT;EN;LC;VU;CR
31,PUFFERFISHES_AND_RELATIVES,1538948.31,NT;EN;LC;VU;CR
32,PUFFERFISHES_AND_RELATIVES,1538948.31,NT;EN;LC;VU;CR
33,PUFFERFISHES_AND_RELATIVES,1538948.31,NT;EN;LC;VU;CR
34,PUFFERFISHES_AND_RELATIVES,1538948.31,NT;EN;LC;VU;CR
35,PUFFERFISHES_AND_RELATIVES,1538948.31,NT;EN;LC;VU;CR
36,PUFFERFISHES_AND_RELATIVES,1538948.31,NT;EN;LC;VU;CR
37,PUFFERFISHES_AND_RELATIVES,1538948.31,NT;EN;LC;VU;CR
38,PUFFERFISHES_AND_RELATIVES,1538948.31,NT;EN;LC;VU;CR
39,PUFFERFISHES_AND_RELATIVES,1538948.31,NT;EN;LC;VU;CR
40,PUFFERFISHES_AND_RELATIVES,1538948.31,NT;EN;LC;VU;CR
41,PUFFERFISHES_AND_RELATIVES,1538948.31,NT;EN;LC;VU;CR
46,PUFFERFISHES_AND_RELATIVES,1538948.31,NT;EN;LC;VU;CR
47,PUFFERFISHES_AND_RELATIVES,1538948.31,NT;EN;LC;VU;CR
48,PUFFERFISHES_AND_RELATIVES,1538948.31,NT;EN;LC;VU;CR
49,PUFFERFISHES_AND_RELATIVES,1538948.31,NT;EN;LC;VU;CR
50,PUFFERFISHES_AND_RELATIVES,1538948.31,NT;EN;LC;VU;CR
51,PUFFERFISHES_AND_RELATIVES,1538948.31,NT;EN;LC;VU;CR
52,PUFFERFISHES_AND_RELATIVES,1538948.31,NT;EN;LC;VU;CR
53,PUFFERFISHES_AND_RELATIVES,1538948.31,NT;EN;LC;VU;CR
54,PUFFERFISHES_AND_RELATIVES,1538948.31,NT;EN;LC;VU;CR
55,PUFFERFISHES_AND_RELATIVES,1538948.31,NT;EN;LC;VU;CR
56,PUFFERFISHES_AND_RELATIVES,1538948.31,NT;EN;LC;VU;CR
61,PUFFERFISHES_AND_RELATIVES,1538948.31,NT;EN;LC;VU;CR
62,PUFFERFISHES_AND_RELATIVES,1538948.31,NT;EN;LC;VU;CR
63,PUFFERFISHES_AND_RELATIVES,1538948.31,NT;EN;LC;VU;CR
64,PUFFERFISHES_AND_RELATIVES,1538948.31,NT;EN;LC;VU;CR
65,PUFFERFISHES_AND_RELATIVES,1538948.31,NT;EN;LC;VU;CR
66,PUFFERFISHES_AND_RELATIVES,1538948.31,NT;EN;LC;VU;CR
67,PUFFERFISHES_AND_RELATIVES,1538948.31,NT;EN;LC;VU;CR
68,PUFFERFISHES_AND_RELATIVES,1538948.31,NT;EN;LC;VU;CR
69,PUFFERFISHES_AND_RELATIVES,1538948.31,NT;EN;LC;VU;CR
70,PUFFERFISHES_AND_RELATIVES,1538948.31,NT;EN;LC;VU;CR
76,PUFFERFISHES_AND_RELATIVES,1538948.31,NT;EN;LC;VU;CR
77,PUFFERFISHES_AND_RELATIVES,1538948.31,NT;EN;LC;VU;CR
78,PUFFERFISHES_AND_RELATIVES,1538948.31,NT;EN;LC;VU;CR
79,PUFFERFISHES_AND_RELATIVES,1538948.31,NT;EN;LC;VU;CR
80,PUFFERFISHES_AND_RELATIVES,1538948.31,NT;EN;LC;VU;CR
81,PUFFERFISHES_AND_RELATIVES,1538948.31,NT;EN;LC;VU;CR
82,PUFFERFISHES_AND_RELATIVES,1538948.31,NT;EN;LC;VU;CR
83,PUFFERFISHES_AND_RELATIVES,1538948.31,NT;EN;LC;VU;CR
84,PUFFERFISHES_AND_RELATIVES,1538948.31,NT;EN;LC;VU;CR
85,PUFFERFISHES_AND_RELATIVES,1538948.31,NT;EN;LC;VU;CR
86,PUFFERFISHES_AND_RELATIVES,1538948.31,NT;EN;LC;VU;CR
87,PUFFERFISHES_AND_RELATIVES,1538948.31,NT;EN;LC;VU;CR
89,PUFFERFISHES_AND_RELATIVES,1538948.31,NT;EN;LC;VU;CR
91,PUFFERFISHES_AND_RELATIVES,1538948.31,NT;EN;LC;VU;CR
92,PUFFERFISHES_AND_RELATIVES,1538948.31,NT;EN;LC;VU;CR
93,PUFFERFISHES_AND_RELATIVES,1538948.31,NT;EN;LC;VU;CR
94,PUFFERFISHES_AND_RELATIVES,1538948.31,NT;EN;LC;VU;CR
95,PUFFERFISHES_AND_RELATIVES,1538948.31,NT;EN;LC;VU;CR
96,PUFFERFISHES_AND_RELATIVES,1538948.31,NT;EN;LC;VU;CR
97,PUFFERFISHES_AND_RELATIVES,1538948.31,NT;EN;LC;VU;CR
98,PUFFERFISHES_AND_RELATIVES,1538948.31,NT;EN;LC;VU;CR
99,PUFFERFISHES_AND_RELATIVES,1538948.31,NT;EN;LC;VU;CR
100,PUFFERFISHES_AND_RELATIVES,1538948.31,NT;EN;LC;VU;CR
101,PUFFERFISHES_AND_RELATIVES,1538948.31,NT;EN;LC;VU;CR
102,PUFFERFISHES_AND_RELATIVES,1538948.31,NT;EN;LC;VU;CR
103,PUFFERFISHES_AND_RELATIVES,1538948.31,NT;EN;LC;VU;CR
104,PUFFERFISHES_AND_RELATIVES,1538948.31,NT;EN;LC;VU;CR
106,PUFFERFISHES_AND_RELATIVES,1538948.31,NT;EN;LC;VU;CR
107,PUFFERFISHES_AND_RELATIVES,1538948.31,NT;EN;LC;VU;CR
108,PUFFERFISHES_AND_RELATIVES,1538948.31,NT;EN;LC;VU;CR
109,PUFFERFISHES_AND_RELATIVES,1538948.31,NT;EN;LC;VU;CR
110,PUFFERFISHES_AND_RELATIVES,1538948.31,NT;EN;LC;VU;CR
111,PUFFERFISHES_AND_RELATIVES,1538948.31,NT;EN;LC;VU;CR
112,PUFFERFISHES_AND_RELATIVES,1538948.31,NT;EN;LC;VU;CR
113,PUFFERFISHES_AND_RELATIVES,1538948.31,NT;EN;LC;VU;CR
114,PUFFERFISHES_AND_RELATIVES,1538948.31,NT;EN;LC;VU;CR
115,PUFFERFISHES_AND_RELATIVES,1538948.31,NT;EN;LC;VU;CR
116,PUFFERFISHES_AND_RELATIVES,1538948.31,NT;EN;LC;VU;CR
117,PUFFERFISHES_AND_RELATIVES,1538948.31,NT;EN;LC;VU;CR
118,PUFFERFISHES_AND_RELATIVES,1538948.31,NT;EN;LC;VU;CR
119,PUFFERFISHES_AND_RELATIVES,1538948.31,NT;EN;LC;VU;CR
120,PUFFERFISHES_AND_RELATIVES,1538948.31,NT;EN;LC;VU;CR
121,PUFFERFISHES_AND_RELATIVES,1538948.31,NT;EN;LC;VU;CR
122,PUFFERFISHES_AND_RELATIVES,1538948.31,NT;EN;LC;VU;CR
123,PUFFERFISHES_AND_RELATIVES,1538948.31,NT;EN;LC;VU;CR
124,PUFFERFISHES_AND_RELATIVES,1538948.31,NT;EN;LC;VU;CR
125,PUFFERFISHES_AND_RELATIVES,1538948.31,NT;EN;LC;VU;CR
126,PUFFERFISHES_AND_RELATIVES,1538948.31,NT;EN;LC;VU;CR
127,PUFFERFISHES_AND_RELATIVES,1538948.31,NT;EN;LC;VU;CR
128,PUFFERFISHES_AND_RELATIVES,1538948.31,NT;EN;LC;VU;CR
129,PUFFERFISHES_AND_RELATIVES,1538948.31,NT;EN;LC;VU;CR
130,PUFFERFISHES_AND_RELATIVES,1538948.31,NT;EN;LC;VU;CR
131,PUFFERFISHES_AND_RELATIVES,1538948.31,NT;EN;LC;VU;CR
132,PUFFERFISHES_AND_RELATIVES,1538948.31,NT;EN;LC;VU;CR
133,PUFFERFISHES_AND_RELATIVES,1538948.31,NT;EN;LC;VU;CR
134,PUFFERFISHES_AND_RELATIVES,1538948.31,NT;EN;LC;VU;CR
135,PUFFERFISHES_AND_RELATIVES,1538948.31,NT;EN;LC;VU;CR
136,PUFFERFISHES_AND_RELATIVES,1538948.31,NT;EN;LC;VU;CR
137,PUFFERFISHES_AND_RELATIVES,1538948.31,NT;EN;LC;VU;CR
138,PUFFERFISHES_AND_RELATIVES,1538948.31,NT;EN;LC;VU;CR
139,PUFFERFISHES_AND_RELATIVES,1538948.31,NT;EN;LC;VU;CR
140,PUFFERFISHES_AND_RELATIVES,1538948.31,NT;EN;LC;VU;CR
141,PUFFERFISHES_AND_RELATIVES,1538948.31,NT;EN;LC;VU;CR
142,PUFFERFISHES_AND_RELATIVES,1538948.31,NT;EN;LC;VU;CR
143,PUFFERFISHES_AND_RELATIVES,1538948.31,NT;EN;LC;VU;CR
144,PUFFERFISHES_AND_RELATIVES,1538948.31,NT;EN;LC;VU;CR
145,PUFFERFISHES_AND_RELATIVES,1538948.31,NT;EN;LC;VU;CR
146,PUFFERFISHES_AND_RELATIVES,1538948.31,NT;EN;LC;VU;CR
147,PUFFERFISHES_AND_RELATIVES,1538948.31,NT;EN;LC;VU;CR
148,PUFFERFISHES_AND_RELATIVES,1538948.31,NT;EN;LC;VU;CR
149,PUFFERFISHES_AND_RELATIVES,1538948.31,NT;EN;LC;VU;CR
150,PUFFERFISHES_AND_RELATIVES,1538948.31,NT;EN;LC;VU;CR
152,PUFFERFISHES_AND_RELATIVES,1538948.31,NT;EN;LC;VU;CR
153,PUFFERFISHES_AND_RELATIVES,1538948.31,NT;EN;LC;VU;CR
154,PUFFERFISHES_AND_RELATIVES,1538948.31,NT;EN;LC;VU;CR
155,PUFFERFISHES_AND_RELATIVES,1538948.31,NT;EN;LC;VU;CR
156,PUFFERFISHES_AND_RELATIVES,1538948.31,NT;EN;LC;VU;CR
157,PUFFERFISHES_AND_RELATIVES,1538948.31,NT;EN;LC;VU;CR
158,PUFFERFISHES_AND_RELATIVES,1538948.31,NT;EN;LC;VU;CR
159,PUFFERFISHES_AND_RELATIVES,1538948.31,NT;EN;LC;VU;CR
160,PUFFERFISHES_AND_RELATIVES,1538948.31,NT;EN;LC;VU;CR
161,PUFFERFISHES_AND_RELATIVES,1538948.31,NT;EN;LC;VU;CR
162,PUFFERFISHES_AND_RELATIVES,1538948.31,NT;EN;LC;VU;CR
163,PUFFERFISHES_AND_RELATIVES,1538948.31,NT;EN;LC;VU;CR
164,PUFFERFISHES_AND_RELATIVES,1538948.31,NT;EN;LC;VU;CR
165,PUFFERFISHES_AND_RELATIVES,1538948.31,NT;EN;LC;VU;CR
168,PUFFERFISHES_AND_RELATIVES,1538948.31,NT;EN;LC;VU;CR
169,PUFFERFISHES_AND_RELATIVES,1538948.31,NT;EN;LC;VU;CR
170,PUFFERFISHES_AND_RELATIVES,1538948.31,NT;EN;LC;VU;CR
171,PUFFERFISHES_AND_RELATIVES,1538948.31,NT;EN;LC;VU;CR
172,PUFFERFISHES_AND_RELATIVES,1538948.31,NT;EN;LC;VU;CR
173,PUFFERFISHES_AND_RELATIVES,1538948.31,NT;EN;LC;VU;CR
174,PUFFERFISHES_AND_RELATIVES,1538948.31,NT;EN;LC;VU;CR
175,PUFFERFISHES_AND_RELATIVES,1538948.31,NT;EN;LC;VU;CR
176,PUFFERFISHES_AND_RELATIVES,1538948.31,NT;EN;LC;VU;CR
177,PUFFERFISHES_AND_RELATIVES,1538948.31,NT;EN;LC;VU;CR
178,PUFFERFISHES_AND_RELATIVES,1538948.31,NT;EN;LC;VU;CR
179,PUFFERFISHES_AND_RELATIVES,1538948.31,NT;EN;LC;VU;CR
180,PUFFERFISHES_AND_RELATIVES,1538948.31,NT;EN;LC;VU;CR
184,PUFFERFISHES_AND_RELATIVES,1538948.31,NT;EN;LC;VU;CR
185,PUFFERFISHES_AND_RELATIVES,1538948.31,NT;EN;LC;VU;CR
186,PUFFERFISHES_AND_RELATIVES,1538948.31,NT;EN;LC;VU;CR
187,PUFFERFISHES_AND_RELATIVES,1538948.31,NT;EN;LC;VU;CR
188,PUFFERFISHES_AND_RELATIVES,1538948.31,NT;EN;LC;VU;CR
189,PUFFERFISHES_AND_RELATIVES,1538948.31,NT;EN;LC;VU;CR
190,PUFFERFISHES_AND_RELATIVES,1538948.31,NT;EN;LC;VU;CR
191,PUFFERFISHES_AND_RELATIVES,1538948.31,NT;EN;LC;VU;CR
192,PUFFERFISHES_AND_RELATIVES,1538948.31,NT;EN;LC;VU;CR
193,PUFFERFISHES_AND_RELATIVES,1538948.31,NT;EN;LC;VU;CR
200,PUFFERFISHES_AND_RELATIVES,1538948.31,NT;EN;LC;VU;CR
201,PUFFERFISHES_AND_RELATIVES,1538948.31,NT;EN;LC;VU;CR
202,PUFFERFISHES_AND_RELATIVES,1538948.31,NT;EN;LC;VU;CR
203,PUFFERFISHES_AND_RELATIVES,1538948.31,NT;EN;LC;VU;CR
204,PUFFERFISHES_AND_RELATIVES,1538948.31,NT;EN;LC;VU;CR
