grid_ids,species,total_area_km2,iucn_category
1,SHARKS_RAYS_CHIMAERAS,5345536.91,LC;VU;EN;CR;NT
2,SHARKS_RAYS_CHIMAERAS,5345536.91,LC;VU;EN;CR;NT
3,SHARKS_RAYS_CHIMAERAS,5345536.91,LC;VU;EN;CR;NT
4,SHARKS_RAYS_CHIMAERAS,5345536.91,LC;VU;EN;CR;NT
5,SHARKS_RAYS_CHIMAERAS,5345536.91,LC;VU;EN;CR;NT
6,SHARKS_RAYS_CHIMAERAS,5345536.91,LC;VU;EN;CR;NT
7,SHARKS_RAYS_CHIMAERAS,5345536.91,LC;VU;EN;CR;NT
8,SHARKS_RAYS_CHIMAERAS,5345536.91,LC;VU;EN;CR;NT
16,SHARKS_RAYS_CHIMAERAS,5345536.91,LC;VU;EN;CR;NT
17,SHARKS_RAYS_CHIMAERAS,5345536.91,LC;VU;EN;CR;NT
18,SHARKS_RAYS_CHIMAERAS,5345536.91,LC;VU;EN;CR;NT
19,SHARKS_RAYS_CHIMAERAS,5345536.91,LC;VU;EN;CR;NT
20,SHARKS_RAYS_CHIMAERAS,5345536.91,LC;VU;EN;CR;NT
21,SHARKS_RAYS_CHIMAERAS,5345536.91,LC;VU;EN;CR;NT
22,SHARKS_RAYS_CHIMAERAS,5345536.91,LC;VU;EN;CR;NT
23,SHARKS_RAYS_CHIMAERAS,5345536.91,LC;VU;EN;CR;NT
24,SHARKS_RAYS_CHIMAERAS,5345536.91,LC;VU;EN;CR;NT
25,SHARKS_RAYS_CHIMAERAS,5345536.91,LC;VU;EN;CR;NT
26,SHARKS_RAYS_CHIMAERAS,5345536.91,LC;VU;EN;CR;NT
31,SHARKS_RAYS_CHIMAERAS,5345536.91,LC;VU;EN;CR;NT
32,SHARKS_RAYS_CHIMAERAS,5345536.91,LC;VU;EN;CR;NT
33,SHARKS_RAYS_CHIMAERAS,5345536.91,LC;VU;EN;CR;NT
34,SHARKS_RAYS_CHIMAERAS,5345536.91,LC;VU;EN;CR;NT
35,SHARKS_RAYS_CHIMAERAS,5345536.91,LC;VU;EN;CR;NT
36,SHARKS_RAYS_CHIMAERAS,5345536.91,LC;VU;EN;CR;NT
37,SHARKS_RAYS_CHIMAERAS,5345536.91,LC;VU;EN;CR;NT
38,SHARKS_RAYS_CHIMAERAS,5345536.91,LC;VU;EN;CR;NT
39,SHARKS_RAYS_CHIMAERAS,5345536.91,LC;VU;EN;CR;NT
40,SHARKS_RAYS_CHIMAERAS,5345536.91,LC;VU;EN;CR;NT
41,SHARKS_RAYS_CHIMAERAS,5345536.91,LC;VU;EN;CR;NT
46,SHARKS_RAYS_CHIMAERAS,5345536.91,LC;VU;EN;CR;NT
47,SHARKS_RAYS_CHIMAERAS,5345536.91,LC;VU;EN;CR;NT
48,SHARKS_RAYS_CHIMAERAS,5345536.91,LC;VU;EN;CR;NT
49,SHARKS_RAYS_CHIMAERAS,5345536.91,LC;VU;EN;CR;NT
50,SHARKS_RAYS_CHIMAERAS,5345536.91,LC;VU;EN;CR;NT
51,SHARKS_RAYS_CHIMAERAS,5345536.91,LC;VU;EN;CR;NT
52,SHARKS_RAYS_CHIMAERAS,5345536.91,LC;VU;EN;CR;NT
53,SHARKS_RAYS_CHIMAERAS,5345536.91,LC;VU;EN;CR;NT
54,SHARKS_RAYS_CHIMAERAS,5345536.91,LC;VU;EN;CR;NT
55,SHARKS_RAYS_CHIMAERAS,5345536.91,LC;VU;EN;CR;NT
56,SHARKS_RAYS_CHIMAERAS,5345536.91,LC;VU;EN;CR;NT
61,SHARKS_RAYS_CHIMAERAS,5345536.91,LC;VU;EN;CR;NT
62,SHARKS_RAYS_CHIMAERAS,5345536.91,LC;VU;EN;CR;NT
63,SHARKS_RAYS_CHIMAERAS,5345536.91,LC;VU;EN;CR;NT
64,SHARKS_RAYS_CHIMAERAS,5345536.91,LC;VU;EN;CR;NT
65,SHARKS_RAYS_CHIMAERAS,5345536.91,LC;VU;EN;CR;NT
66,SHARKS_RAYS_CHIMAERAS,5345536.91,LC;VU;EN;CR;NT
67,SHARKS_RAYS_CHIMAERAS,5345536.91,LC;VU;EN;CR;NT
68,SHARKS_RAYS_CHIMAERAS,5345536.91,LC;VU;EN;CR;NT
69,SHARKS_RAYS_CHIMAERAS,5345536.91,LC;VU;EN;CR;NT
70,SHARKS_RAYS_CHIMAERAS,5345536.91,LC;VU;EN;CR;NT
76,SHARKS_RAYS_CHIMAERAS,5345536.91,LC;VU;EN;CR;NT
77,SHARKS_RAYS_CHIMAERAS,5345536.91,LC;VU;EN;CR;NT
78,SHARKS_RAYS_CHIMAERAS,5345536.91,LC;VU;EN;CR;NT
79,SHARKS_RAYS_CHIMAERAS,5345536.91,LC;VU;EN;CR;NT
80,SHARKS_RAYS_CHIMAERAS,5345536.91,LC;VU;EN;CR;NT
81,SHARKS_RAYS_CHIMAERAS,5345536.91,LC;VU;EN;CR;NT
82,SHARKS_RAYS_CHIMAERAS,5345536.91,LC;VU;EN;CR;NT
83,SHARKS_RAYS_CHIMAERAS,5345536.91,LC;VU;EN;CR;NT
84,SHARKS_RAYS_CHIMAERAS,5345536.91,LC;VU;EN;CR;NT
85,SHARKS_RAYS_CHIMAERAS,5345536.91,LC;VU;EN;CR;NT
86,SHARKS_RAYS_CHIMAERAS,5345536.91,LC;VU;EN;CR;NT
87,SHARKS_RAYS_CHIMAERAS,5345536.91,LC;VU;EN;CR;NT
89,SHARKS_RAYS_CHIMAERAS,5345536.91,LC;VU;EN;CR;NT
91,SHARKS_RAYS_CHIMAERAS,5345536.91,LC;VU;EN;CR;NT
92,SHARKS_RAYS_CHIMAERAS,5345536.91,LC;VU;EN;CR;NT
93,SHARKS_RAYS_CHIMAERAS,5345536.91,LC;VU;EN;CR;NT
94,SHARKS_RAYS_CHIMAERAS,5345536.91,LC;VU;EN;CR;NT
95,SHARKS_RAYS_CHIMAERAS,5345536.91,LC;VU;EN;CR;NT
96,SHARKS_RAYS_CHIMAERAS,5345536.91,LC;VU;EN;CR;NT
97,SHARKS_RAYS_CHIMAERAS,5345536.91,LC;VU;EN;CR;NT
98,SHARKS_RAYS_CHIMAERAS,5345536.91,LC;VU;EN;CR;NT
99,SHARKS_RAYS_CHIMAERAS,5345536.91,LC;VU;EN;CR;NT
100,SHARKS_RAYS_CHIMAERAS,5345536.91,LC;VU;EN;CR;NT
101,SHARKS_RAYS_CHIMAERAS,5345536.91,LC;VU;EN;CR;NT
102,SHARKS_RAYS_CHIMAERAS,5345536.91,LC;VU;EN;CR;NT
103,SHARKS_RAYS_CHIMAERAS,5345536.91,LC;VU;EN;CR;NT
104,SHARKS_RAYS_CHIMAERAS,5345536.91,LC;VU;EN;CR;NT
106,SHARKS_RAYS_CHIMAERAS,5345536.91,LC;VU;EN;CR;NT
107,SHARKS_RAYS_CHIMAERAS,5345536.91,LC;VU;EN;CR;NT
108,SHARKS_RAYS_CHIMAERAS,5345536.91,LC;VU;EN;CR;NT
109,SHARKS_RAYS_CHIMAERAS,5345536.91,LC;VU;EN;CR;NT
110,SHARKS_RAYS_CHIMAERAS,5345536.91,LC;VU;EN;CR;NT
111,SHARKS_RAYS_CHIMAERAS,5345536.91,LC;VU;EN;CR;NT
112,SHARKS_RAYS_CHIMAERAS,5345536.91,LC;VU;EN;CR;NT
113,SHARKS_RAYS_CHIMAERAS,5345536.91,LC;VU;EN;CR;NT
114,SHARKS_RAYS_CHIMAERAS,5345536.91,LC;VU;EN;CR;NT
115,SHARKS_RAYS_CHIMAERAS,5345536.91,LC;VU;EN;CR;NT
116,SHARKS_RAYS_CHIMAERAS,5345536.91,LC;VU;EN;CR;NT
117,SHARKS_RAYS_CHIMAERAS,5345536.91,LC;VU;EN;CR;NT
118,SHARKS_RAYS_CHIMAERAS,5345536.91,LC;VU;EN;CR;NT
119,SHARKS_RAYS_CHIMAERAS,5345536.91,LC;VU;EN;CR;NT
120,SHARKS_RAYS_CHIMAERAS,5345536.91,LC;VU;EN;CR;NT
121,SHARKS_RAYS_CHIMAERAS,5345536.91,LC;VU;EN;CR;NT
122,SHARKS_RAYS_CHIMAERAS,5345536.91,LC;VU;EN;CR;NT
123,SHARKS_RAYS_CHIMAERAS,5345536.91,LC;VU;EN;CR;NT
124,SHARKS_RAYS_CHIMAERAS,5345536.91,LC;VU;EN;CR;NT
125,SHARKS_RAYS_CHIMAERAS,5345536.91,LC;VU;EN;CR;NT
126,SHARKS_RAYS_CHIMAERAS,5345536.91,LC;VU;EN;CR;NT
127,SHARKS_RAYS_CHIMAERAS,5345536.91,LC;VU;EN;CR;NT
128,SHARKS_RAYS_CHIMAERAS,5345536.91,LC;VU;EN;CR;NT
129,SHARKS_RAYS_CHIMAERAS,5345536.91,LC;VU;EN;CR;NT
130,SHARKS_RAYS_CHIMAERAS,5345536.91,LC;VU;EN;CR;NT
131,SHARKS_RAYS_CHIMAERAS,5345536.91,LC;VU;EN;CR;NT
132,SHARKS_RAYS_CHIMAERAS,5345536.91,LC;VU;EN;CR;NT
133,SHARKS_RAYS_CHIMAERAS,5345536.91,LC;VU;EN;CR;NT
134,SHARKS_RAYS_CHIMAERAS,5345536.91,LC;VU;EN;CR;NT
135,SHARKS_RAYS_CHIMAERAS,5345536.91,LC;VU;EN;CR;NT
136,SHARKS_RAYS_CHIMAERAS,5345536.91,LC;VU;EN;CR;NT
137,SHARKS_RAYS_CHIMAERAS,5345536.91,LC;VU;EN;CR;NT
138,SHARKS_RAYS_CHIMAERAS,5345536.91,LC;VU;EN;CR;NT
139,SHARKS_RAYS_CHIMAERAS,5345536.91,LC;VU;EN;CR;NT
140,SHARKS_RAYS_CHIMAERAS,5345536.91,LC;VU;EN;CR;NT
141,SHARKS_RAYS_CHIMAERAS,5345536.91,LC;VU;EN;CR;NT
142,SHARKS_RAYS_CHIMAERAS,5345536.91,LC;VU;EN;CR;NT
143,SHARKS_RAYS_CHIMAERAS,5345536.91,LC;VU;EN;CR;NT
144,SHARKS_RAYS_CHIMAERAS,5345536.91,LC;VU;EN;CR;NT
145,SHARKS_RAYS_CHIMAERAS,5345536.91,LC;VU;EN;CR;NT
146,SHARKS_RAYS_CHIMAERAS,5345536.91,LC;VU;EN;CR;NT
147,SHARKS_RAYS_CHIMAERAS,5345536.91,LC;VU;EN;CR;NT
148,SHARKS_RAYS_CHIMAERAS,5345536.91,LC;VU;EN;CR;NT
149,SHARKS_RAYS_CHIMAERAS,5345536.91,LC;VU;EN;CR;NT
150,SHARKS_RAYS_CHIMAERAS,5345536.91,LC;VU;EN;CR;NT
152,SHARKS_RAYS_CHIMAERAS,5345536.91,LC;VU;EN;CR;NT
153,SHARKS_RAYS_CHIMAERAS,5345536.91,LC;VU;EN;CR;NT
154,SHARKS_RAYS_CHIMAERAS,5345536.91,LC;VU;EN;CR;NT
155,SHARKS_RAYS_CHIMAERAS,5345536.91,LC;VU;EN;CR;NT
156,SHARKS_RAYS_CHIMAERAS,5345536.91,LC;VU;EN;CR;NT
157,SHARKS_RAYS_CHIMAERAS,5345536.91,LC;VU;EN;CR;NT
158,SHARKS_RAYS_CHIMAERAS,5345536.91,LC;VU;EN;CR;NT
159,SHARKS_RAYS_CHIMAERAS,5345536.91,LC;VU;EN;CR;NT
160,SHARKS_RAYS_CHIMAERAS,5345536.91,LC;VU;EN;CR;NT
161,SHARKS_RAYS_CHIMAERAS,5345536.91,LC;VU;EN;CR;NT
162,SHARKS_RAYS_CHIMAERAS,5345536.91,LC;VU;EN;CR;NT
163,SHARKS_RAYS_CHIMAERAS,5345536.91,LC;VU;EN;CR;NT
164,SHARKS_RAYS_CHIMAERAS,5345536.91,LC;VU;EN;CR;NT
165,SHARKS_RAYS_CHIMAERAS,5345536.91,LC;VU;EN;CR;NT
168,SHARKS_RAYS_CHIMAERAS,5345536.91,LC;VU;EN;CR;NT
169,SHARKS_RAYS_CHIMAERAS,5345536.91,LC;VU;EN;CR;NT
170,SHARKS_RAYS_CHIMAERAS,5345536.91,LC;VU;EN;CR;NT
171,SHARKS_RAYS_CHIMAERAS,5345536.91,LC;VU;EN;CR;NT
172,SHARKS_RAYS_CHIMAERAS,5345536.91,LC;VU;EN;CR;NT
173,SHARKS_RAYS_CHIMAERAS,5345536.91,LC;VU;EN;CR;NT
174,SHARKS_RAYS_CHIMAERAS,5345536.91,LC;VU;EN;CR;NT
175,SHARKS_RAYS_CHIMAERAS,5345536.91,LC;VU;EN;CR;NT
176,SHARKS_RAYS_CHIMAERAS,5345536.91,LC;VU;EN;CR;NT
177,SHARKS_RAYS_CHIMAERAS,5345536.91,LC;VU;EN;CR;NT
178,SHARKS_RAYS_CHIMAERAS,5345536.91,LC;VU;EN;CR;NT
179,SHARKS_RAYS_CHIMAERAS,5345536.91,LC;VU;EN;CR;NT
180,SHARKS_RAYS_CHIMAERAS,5345536.91,LC;VU;EN;CR;NT
184,SHARKS_RAYS_CHIMAERAS,5345536.91,LC;VU;EN;CR;NT
185,SHARKS_RAYS_CHIMAERAS,5345536.91,LC;VU;EN;CR;NT
186,SHARKS_RAYS_CHIMAERAS,5345536.91,LC;VU;EN;CR;NT
187,SHARKS_RAYS_CHIMAERAS,5345536.91,LC;VU;EN;CR;NT
188,SHARKS_RAYS_CHIMAERAS,5345536.91,LC;VU;EN;CR;NT
189,SHARKS_RAYS_CHIMAERAS,5345536.91,LC;VU;EN;CR;NT
190,SHARKS_RAYS_CHIMAERAS,5345536.91,LC;VU;EN;CR;NT
191,SHARKS_RAYS_CHIMAERAS,5345536.91,LC;VU;EN;CR;NT
192,SHARKS_RAYS_CHIMAERAS,5345536.91,LC;VU;EN;CR;NT
193,SHARKS_RAYS_CHIMAERAS,5345536.91,LC;VU;EN;CR;NT
200,SHARKS_RAYS_CHIMAERAS,5345536.91,LC;VU;EN;CR;NT
201,SHARKS_RAYS_CHIMAERAS,5345536.91,LC;VU;EN;CR;NT
202,SHARKS_RAYS_CHIMAERAS,5345536.91,LC;VU;EN;CR;NT
203,SHARKS_RAYS_CHIMAERAS,5345536.91,LC;VU;EN;CR;NT
204,SHARKS_RAYS_CHIMAERAS,5345536.91,LC;VU;EN;CR;NT
