grid_ids,species,total_area_km2,iucn_category
1,SYNGNATHIFORM_FISHES,912324.17,EN;LC;VU;NT;CR
2,SYNGNATHIFORM_FISHES,912324.17,EN;LC;VU;NT;CR
3,SYNGNATHIFORM_FISHES,912324.17,EN;LC;VU;NT;CR
4,SYNGNATHIFORM_FISHES,912324.17,EN;LC;VU;NT;CR
5,SYNGNATHIFORM_FISHES,912324.17,EN;LC;VU;NT;CR
6,SYNGNATHIFORM_FISHES,912324.17,EN;LC;VU;NT;CR
7,SYNGNATHIFORM_FISHES,912324.17,EN;LC;VU;NT;CR
8,SYNGNATHIFORM_FISHES,912324.17,EN;LC;VU;NT;CR
16,SYNGNATHIFORM_FISHES,912324.17,EN;LC;VU;NT;CR
17,SYNGNATHIFORM_FISHES,912324.17,EN;LC;VU;NT;CR
18,SYNGNATHIFORM_FISHES,912324.17,EN;LC;VU;NT;CR
19,SYNGNATHIFORM_FISHES,912324.17,EN;LC;VU;NT;CR
20,SYNGNATHIFORM_FISHES,912324.17,EN;LC;VU;NT;CR
21,SYNGNATHIFORM_FISHES,912324.17,EN;LC;VU;NT;CR
22,SYNGNATHIFORM_FISHES,912324.17,EN;LC;VU;NT;CR
23,SYNGNATHIFORM_FISHES,912324.17,EN;LC;VU;NT;CR
24,SYNGNATHIFORM_FISHES,912324.17,EN;LC;VU;NT;CR
25,SYNGNATHIFORM_FISHES,912324.17,EN;LC;VU;NT;CR
26,SYNGNATHIFORM_FISHES,912324.17,EN;LC;VU;NT;CR
31,SYNGNATHIFORM_FISHES,912324.17,EN;LC;VU;NT;CR
32,SYNGNATHIFORM_FISHES,912324.17,EN;LC;VU;NT;CR
33,SYNGNATHIFORM_FISHES,912324.17,EN;LC;VU;NT;CR
34,SYNGNATHIFORM_FISHES,912324.17,EN;LC;VU;NT;CR
35,SYNGNATHIFORM_FISHES,912324.17,EN;LC;VU;NT;CR
36,SYNGNATHIFORM_FISHES,912324.17,EN;LC;VU;NT;CR
37,SYNGNATHIFORM_FISHES,912324.17,EN;LC;VU;NT;CR
38,SYNGNATHIFORM_FISHES,912324.17,EN;LC;VU;NT;CR
39,SYNGNATHIFORM_FISHES,912324.17,EN;LC;VU;NT;CR
40,SYNGNATHIFORM_FISHES,912324.17,EN;LC;VU;NT;CR
41,SYNGNATHIFORM_FISHES,912324.17,EN;LC;VU;NT;CR
46,SYNGNATHIFORM_FISHES,912324.17,EN;LC;VU;NT;CR
47,SYNGNATHIFORM_FISHES,912324.17,EN;LC;VU;NT;CR
48,SYNGNATHIFORM_FISHES,912324.17,EN;LC;VU;NT;CR
49,SYNGNATHIFORM_FISHES,912324.17,EN;LC;VU;NT;CR
50,SYNGNATHIFORM_FISHES,912324.17,EN;LC;VU;NT;CR
51,SYNGNATHIFORM_FISHES,912324.17,EN;LC;VU;NT;CR
52,SYNGNATHIFORM_FISHES,912324.17,EN;LC;VU;NT;CR
53,SYNGNATHIFORM_FISHES,912324.17,EN;LC;VU;NT;CR
54,SYNGNATHIFORM_FISHES,912324.17,EN;LC;VU;NT;CR
55,SYNGNATHIFORM_FISHES,912324.17,EN;LC;VU;NT;CR
56,SYNGNATHIFORM_FISHES,912324.17,EN;LC;VU;NT;CR
61,SYNGNATHIFORM_FISHES,912324.17,EN;LC;VU;NT;CR
62,SYNGNATHIFORM_FISHES,912324.17,EN;LC;VU;NT;CR
63,SYNGNATHIFORM_FISHES,912324.17,EN;LC;VU;NT;CR
64,SYNGNATHIFORM_FISHES,912324.17,EN;LC;VU;NT;CR
65,SYNGNATHIFORM_FISHES,912324.17,EN;LC;VU;NT;CR
66,SYNGNATHIFORM_FISHES,912324.17,EN;LC;VU;NT;CR
67,SYNGNATHIFORM_FISHES,912324.17,EN;LC;VU;NT;CR
68,SYNGNATHIFORM_FISHES,912324.17,EN;LC;VU;NT;CR
69,SYNGNATHIFORM_FISHES,912324.17,EN;LC;VU;NT;CR
70,SYNGNATHIFORM_FISHES,912324.17,EN;LC;VU;NT;CR
76,SYNGNATHIFORM_FISHES,912324.17,EN;LC;VU;NT;CR
77,SYNGNATHIFORM_FISHES,912324.17,EN;LC;VU;NT;CR
78,SYNGNATHIFORM_FISHES,912324.17,EN;LC;VU;NT;CR
79,SYNGNATHIFORM_FISHES,912324.17,EN;LC;VU;NT;CR
80,SYNGNATHIFORM_FISHES,912324.17,EN;LC;VU;NT;CR
81,SYNGNATHIFORM_FISHES,912324.17,EN;LC;VU;NT;CR
82,SYNGNATHIFORM_FISHES,912324.17,EN;LC;VU;NT;CR
83,SYNGNATHIFORM_FISHES,912324.17,EN;LC;VU;NT;CR
84,SYNGNATHIFORM_FISHES,912324.17,EN;LC;VU;NT;CR
85,SYNGNATHIFORM_FISHES,912324.17,EN;LC;VU;NT;CR
86,SYNGNATHIFORM_FISHES,912324.17,EN;LC;VU;NT;CR
87,SYNGNATHIFORM_FISHES,912324.17,EN;LC;VU;NT;CR
89,SYNGNATHIFORM_FISHES,912324.17,EN;LC;VU;NT;CR
91,SYNGNATHIFORM_FISHES,912324.17,EN;LC;VU;NT;CR
92,SYNGNATHIFORM_FISHES,912324.17,EN;LC;VU;NT;CR
93,SYNGNATHIFORM_FISHES,912324.17,EN;LC;VU;NT;CR
94,SYNGNATHIFORM_FISHES,912324.17,EN;LC;VU;NT;CR
95,SYNGNATHIFORM_FISHES,912324.17,EN;LC;VU;NT;CR
96,SYNGNATHIFORM_FISHES,912324.17,EN;LC;VU;NT;CR
97,SYNGNATHIFORM_FISHES,912324.17,EN;LC;VU;NT;CR
98,SYNGNATHIFORM_FISHES,912324.17,EN;LC;VU;NT;CR
99,SYNGNATHIFORM_FISHES,912324.17,EN;LC;VU;NT;CR
100,SYNGNATHIFORM_FISHES,912324.17,EN;LC;VU;NT;CR
101,SYNGNATHIFORM_FISHES,912324.17,EN;LC;VU;NT;CR
102,SYNGNATHIFORM_FISHES,912324.17,EN;LC;VU;NT;CR
103,SYNGNATHIFORM_FISHES,912324.17,EN;LC;VU;NT;CR
104,SYNGNATHIFORM_FISHES,912324.17,EN;LC;VU;NT;CR
106,SYNGNATHIFORM_FISHES,912324.17,EN;LC;VU;NT;CR
107,SYNGNATHIFORM_FISHES,912324.17,EN;LC;VU;NT;CR
108,SYNGNATHIFORM_FISHES,912324.17,EN;LC;VU;NT;CR
109,SYNGNATHIFORM_FISHES,912324.17,EN;LC;VU;NT;CR
110,SYNGNATHIFORM_FISHES,912324.17,EN;LC;VU;NT;CR
111,SYNGNATHIFORM_FISHES,912324.17,EN;LC;VU;NT;CR
112,SYNGNATHIFORM_FISHES,912324.17,EN;LC;VU;NT;CR
113,SYNGNATHIFORM_FISHES,912324.17,EN;LC;VU;NT;CR
114,SYNGNATHIFORM_FISHES,912324.17,EN;LC;VU;NT;CR
115,SYNGNATHIFORM_FISHES,912324.17,EN;LC;VU;NT;CR
116,SYNGNATHIFORM_FISHES,912324.17,EN;LC;VU;NT;CR
117,SYNGNATHIFORM_FISHES,912324.17,EN;LC;VU;NT;CR
118,SYNGNATHIFORM_FISHES,912324.17,EN;LC;VU;NT;CR
119,SYNGNATHIFORM_FISHES,912324.17,EN;LC;VU;NT;CR
120,SYNGNATHIFORM_FISHES,912324.17,EN;LC;VU;NT;CR
121,SYNGNATHIFORM_FISHES,912324.17,EN;LC;VU;NT;CR
122,SYNGNATHIFORM_FISHES,912324.17,EN;LC;VU;NT;CR
123,SYNGNATHIFORM_FISHES,912324.17,EN;LC;VU;NT;CR
124,SYNGNATHIFORM_FISHES,912324.17,EN;LC;VU;NT;CR
125,SYNGNATHIFORM_FISHES,912324.17,EN;LC;VU;NT;CR
126,SYNGNATHIFORM_FISHES,912324.17,EN;LC;VU;NT;CR
127,SYNGNATHIFORM_FISHES,912324.17,EN;LC;VU;NT;CR
128,SYNGNATHIFORM_FISHES,912324.17,EN;LC;VU;NT;CR
129,SYNGNATHIFORM_FISHES,912324.17,EN;LC;VU;NT;CR
130,SYNGNATHIFORM_FISHES,912324.17,EN;LC;VU;NT;CR
131,SYNGNATHIFORM_FISHES,912324.17,EN;LC;VU;NT;CR
132,SYNGNATHIFORM_FISHES,912324.17,EN;LC;VU;NT;CR
133,SYNGNATHIFORM_FISHES,912324.17,EN;LC;VU;NT;CR
134,SYNGNATHIFORM_FISHES,912324.17,EN;LC;VU;NT;CR
135,SYNGNATHIFORM_FISHES,912324.17,EN;LC;VU;NT;CR
136,SYNGNATHIFORM_FISHES,912324.17,EN;LC;VU;NT;CR
137,SYNGNATHIFORM_FISHES,912324.17,EN;LC;VU;NT;CR
138,SYNGNATHIFORM_FISHES,912324.17,EN;LC;VU;NT;CR
139,SYNGNATHIFORM_FISHES,912324.17,EN;LC;VU;NT;CR
140,SYNGNATHIFORM_FISHES,912324.17,EN;LC;VU;NT;CR
141,SYNGNATHIFORM_FISHES,912324.17,EN;LC;VU;NT;CR
142,SYNGNATHIFORM_FISHES,912324.17,EN;LC;VU;NT;CR
143,SYNGNATHIFORM_FISHES,912324.17,EN;LC;VU;NT;CR
144,SYNGNATHIFORM_FISHES,912324.17,EN;LC;VU;NT;CR
145,SYNGNATHIFORM_FISHES,912324.17,EN;LC;VU;NT;CR
146,SYNGNATHIFORM_FISHES,912324.17,EN;LC;VU;NT;CR
147,SYNGNATHIFORM_FISHES,912324.17,EN;LC;VU;NT;CR
148,SYNGNATHIFORM_FISHES,912324.17,EN;LC;VU;NT;CR
149,SYNGNATHIFORM_FISHES,912324.17,EN;LC;VU;NT;CR
150,SYNGNATHIFORM_FISHES,912324.17,EN;LC;VU;NT;CR
152,SYNGNATHIFORM_FISHES,912324.17,EN;LC;VU;NT;CR
153,SYNGNATHIFORM_FISHES,912324.17,EN;LC;VU;NT;CR
154,SYNGNATHIFORM_FISHES,912324.17,EN;LC;VU;NT;CR
155,SYNGNATHIFORM_FISHES,912324.17,EN;LC;VU;NT;CR
156,SYNGNATHIFORM_FISHES,912324.17,EN;LC;VU;NT;CR
157,SYNGNATHIFORM_FISHES,912324.17,EN;LC;VU;NT;CR
158,SYNGNATHIFORM_FISHES,912324.17,EN;LC;VU;NT;CR
159,SYNGNATHIFORM_FISHES,912324.17,EN;LC;VU;NT;CR
160,SYNGNATHIFORM_FISHES,912324.17,EN;LC;VU;NT;CR
161,SYNGNATHIFORM_FISHES,912324.17,EN;LC;VU;NT;CR
162,SYNGNATHIFORM_FISHES,912324.17,EN;LC;VU;NT;CR
163,SYNGNATHIFORM_FISHES,912324.17,EN;LC;VU;NT;CR
164,SYNGNATHIFORM_FISHES,912324.17,EN;LC;VU;NT;CR
165,SYNGNATHIFORM_FISHES,912324.17,EN;LC;VU;NT;CR
168,SYNGNATHIFORM_FISHES,912324.17,EN;LC;VU;NT;CR
169,SYNGNATHIFORM_FISHES,912324.17,EN;LC;VU;NT;CR
170,SYNGNATHIFORM_FISHES,912324.17,EN;LC;VU;NT;CR
171,SYNGNATHIFORM_FISHES,912324.17,EN;LC;VU;NT;CR
172,SYNGNATHIFORM_FISHES,912324.17,EN;LC;VU;NT;CR
173,SYNGNATHIFORM_FISHES,912324.17,EN;LC;VU;NT;CR
174,SYNGNATHIFORM_FISHES,912324.17,EN;LC;VU;NT;CR
175,SYNGNATHIFORM_FISHES,912324.17,EN;LC;VU;NT;CR
176,SYNGNATHIFORM_FISHES,912324.17,EN;LC;VU;NT;CR
177,SYNGNATHIFORM_FISHES,912324.17,EN;LC;VU;NT;CR
178,SYNGNATHIFORM_FISHES,912324.17,EN;LC;VU;NT;CR
179,SYNGNATHIFORM_FISHES,912324.17,EN;LC;VU;NT;CR
180,SYNGNATHIFORM_FISHES,912324.17,EN;LC;VU;NT;CR
184,SYNGNATHIFORM_FISHES,912324.17,EN;LC;VU;NT;CR
185,SYNGNATHIFORM_FISHES,912324.17,EN;LC;VU;NT;CR
186,SYNGNATHIFORM_FISHES,912324.17,EN;LC;VU;NT;CR
187,SYNGNATHIFORM_FISHES,912324.17,EN;LC;VU;NT;CR
188,SYNGNATHIFORM_FISHES,912324.17,EN;LC;VU;NT;CR
189,SYNGNATHIFORM_FISHES,912324.17,EN;LC;VU;NT;CR
