sci_name,source_file,iucn_category,area_km2,biodiversity_score
haliotis tuberculata,ABALONES_intersection2,VU,73469.49,0.4667
accipiter gentilis,BIRDS_intersection_IUCN,LC,174.27,0.764
accipiter nisus,BIRDS_intersection_IUCN,LC,228.2,0.764
acrocephalus arundinaceus,BIRDS_intersection_IUCN,LC,21.17,0.764
acrocephalus paludicola,BIRDS_intersection_IUCN,VU,244.58,0.764
acrocephalus scirpaceus,BIRDS_intersection_IUCN,LC,64.39,0.764
actitis hypoleucos,BIRDS_intersection_IUCN,LC,244.66,0.764
aegithalos caudatus,BIRDS_intersection_IUCN,LC,228.58,0.764
alauda arvensis,BIRDS_intersection_IUCN,LC,244.6,0.764
alca torda,BIRDS_intersection_IUCN,LC,802485.64,0.764
alcedo atthis,BIRDS_intersection_IUCN,LC,717.79,0.764
anas acuta,BIRDS_intersection_IUCN,LC,114.82,0.764
anas crecca,BIRDS_intersection_IUCN,LC,244.58,0.764
anas platyrhynchos,BIRDS_intersection_IUCN,LC,236.63,0.764
anthus petrosus,BIRDS_intersection_IUCN,LC,240.69,0.764
anthus pratensis,BIRDS_intersection_IUCN,LC,244.61,0.764
anthus spinoletta,BIRDS_intersection_IUCN,LC,244.59,0.764
anthus trivialis,BIRDS_intersection_IUCN,LC,122.31,0.764
apus apus,BIRDS_intersection_IUCN,LC,244.56,0.764
ardea cinerea,BIRDS_intersection_IUCN,LC,244.43,0.764
ardenna gravis,BIRDS_intersection_IUCN,LC,77055.91,0.764
ardenna grisea,BIRDS_intersection_IUCN,NT,411283.9,0.764
arenaria interpres,BIRDS_intersection_IUCN,NT,411512.02,0.764
asio flammeus,BIRDS_intersection_IUCN,LC,77.29,0.764
asio otus,BIRDS_intersection_IUCN,LC,15.11,0.764
athene noctua,BIRDS_intersection_IUCN,LC,244.65,0.764
aythya ferina,BIRDS_intersection_IUCN,VU,238.42,0.764
aythya fuligula,BIRDS_intersection_IUCN,LC,126.04,0.764
aythya marila,BIRDS_intersection_IUCN,LC,36958.4,0.764
branta bernicla,BIRDS_intersection_IUCN,LC,243.01,0.764
bulweria bulwerii,BIRDS_intersection_IUCN,LC,115434.41,0.764
burhinus oedicnemus,BIRDS_intersection_IUCN,LC,89.8,0.764
buteo buteo,BIRDS_intersection_IUCN,LC,242.26,0.764
calandrella brachydactyla,BIRDS_intersection_IUCN,LC,0.02,0.764
calidris alba,BIRDS_intersection_IUCN,LC,411512.02,0.764
calidris alpina,BIRDS_intersection_IUCN,NT,411274.14,0.764
calidris canutus,BIRDS_intersection_IUCN,NT,411211.78,0.764
calidris falcinellus,BIRDS_intersection_IUCN,VU,354939.22,0.764
calidris ferruginea,BIRDS_intersection_IUCN,VU,411512.02,0.764
calidris maritima,BIRDS_intersection_IUCN,LC,7.84,0.764
calidris minuta,BIRDS_intersection_IUCN,LC,94.37,0.764
calonectris borealis,BIRDS_intersection_IUCN,LC,411268.44,0.764
calonectris diomedea,BIRDS_intersection_IUCN,LC,411266.43,0.764
caprimulgus europaeus,BIRDS_intersection_IUCN,LC,62.34,0.764
carduelis carduelis,BIRDS_intersection_IUCN,LC,244.62,0.764
catharacta skua,BIRDS_intersection_IUCN,LC,411266.45,0.764
certhia brachydactyla,BIRDS_intersection_IUCN,LC,244.55,0.764
charadrius alexandrinus,BIRDS_intersection_IUCN,LC,234.62,0.764
charadrius dubius,BIRDS_intersection_IUCN,LC,115.33,0.764
charadrius hiaticula,BIRDS_intersection_IUCN,LC,244.64,0.764
chlidonias niger,BIRDS_intersection_IUCN,LC,94230.96,0.764
chloris chloris,BIRDS_intersection_IUCN,LC,244.57,0.764
cinclus cinclus,BIRDS_intersection_IUCN,LC,53.6,0.764
circaetus gallicus,BIRDS_intersection_IUCN,LC,244.46,0.764
circus aeruginosus,BIRDS_intersection_IUCN,LC,132.1,0.764
circus cyaneus,BIRDS_intersection_IUCN,LC,227.02,0.764
circus pygargus,BIRDS_intersection_IUCN,LC,244.45,0.764
cisticola juncidis,BIRDS_intersection_IUCN,LC,200.29,0.764
clamator glandarius,BIRDS_intersection_IUCN,LC,32.06,0.764
coccothraustes coccothraustes,BIRDS_intersection_IUCN,LC,64.39,0.764
columba palumbus,BIRDS_intersection_IUCN,LC,244.61,0.764
corvus corax,BIRDS_intersection_IUCN,LC,244.59,0.764
corvus corone,BIRDS_intersection_IUCN,LC,244.54,0.764
corvus monedula,BIRDS_intersection_IUCN,LC,93.82,0.764
coturnix coturnix,BIRDS_intersection_IUCN,LC,179.12,0.764
cuculus canorus,BIRDS_intersection_IUCN,LC,242.43,0.764
curruca communis,BIRDS_intersection_IUCN,LC,158.73,0.764
curruca melanocephala,BIRDS_intersection_IUCN,LC,82.79,0.764
curruca undata,BIRDS_intersection_IUCN,NT,228.22,0.764
cyanistes caeruleus,BIRDS_intersection_IUCN,LC,244.63,0.764
delichon urbicum,BIRDS_intersection_IUCN,LC,244.55,0.764
dendrocopos major,BIRDS_intersection_IUCN,LC,244.59,0.764
emberiza calandra,BIRDS_intersection_IUCN,LC,31.86,0.764
emberiza cia,BIRDS_intersection_IUCN,LC,64.39,0.764
emberiza cirlus,BIRDS_intersection_IUCN,LC,234.65,0.764
emberiza citrinella,BIRDS_intersection_IUCN,LC,244.25,0.764
emberiza schoeniclus,BIRDS_intersection_IUCN,LC,64.39,0.764
erithacus rubecula,BIRDS_intersection_IUCN,LC,283.16,0.764
falco peregrinus,BIRDS_intersection_IUCN,LC,244.46,0.764
falco subbuteo,BIRDS_intersection_IUCN,LC,244.46,0.764
falco tinnunculus,BIRDS_intersection_IUCN,LC,244.46,0.764
ficedula parva,BIRDS_intersection_IUCN,LC,244.58,0.764
fratercula arctica,BIRDS_intersection_IUCN,VU,411268.61,0.764
fringilla coelebs,BIRDS_intersection_IUCN,LC,244.52,0.764
fringilla montifringilla,BIRDS_intersection_IUCN,LC,244.64,0.764
fulica atra,BIRDS_intersection_IUCN,LC,227.72,0.764
galerida cristata,BIRDS_intersection_IUCN,LC,26.83,0.764
gallinago gallinago,BIRDS_intersection_IUCN,LC,243.41,0.764
gallinula chloropus,BIRDS_intersection_IUCN,LC,242.5,0.764
garrulus glandarius,BIRDS_intersection_IUCN,LC,244.57,0.764
gavia arctica,BIRDS_intersection_IUCN,LC,9646.79,0.764
gavia immer,BIRDS_intersection_IUCN,LC,54061.2,0.764
gavia stellata,BIRDS_intersection_IUCN,LC,57835.26,0.764
gulosus aristotelis,BIRDS_intersection_IUCN,LC,27053.06,0.764
haematopus ostralegus,BIRDS_intersection_IUCN,NT,266.89,0.764
himantopus himantopus,BIRDS_intersection_IUCN,LC,227.02,0.764
hippolais polyglotta,BIRDS_intersection_IUCN,LC,234.62,0.764
hirundo rustica,BIRDS_intersection_IUCN,LC,244.62,0.764
hydrobates castro,BIRDS_intersection_IUCN,LC,369524.26,0.764
hydrobates jabejabe,BIRDS_intersection_IUCN,LC,369524.26,0.764
hydrobates leucorhous,BIRDS_intersection_IUCN,VU,411267.4,0.764
hydrobates pelagicus,BIRDS_intersection_IUCN,LC,411268.64,0.764
hydrocoloeus minutus,BIRDS_intersection_IUCN,LC,83517.4,0.764
jynx torquilla,BIRDS_intersection_IUCN,LC,34.19,0.764
lanius collurio,BIRDS_intersection_IUCN,LC,58.87,0.764
lanius meridionalis,BIRDS_intersection_IUCN,VU,25.8,0.764
lanius senator,BIRDS_intersection_IUCN,NT,19.39,0.764
larus argentatus,BIRDS_intersection_IUCN,LC,63217.33,0.764
larus canus,BIRDS_intersection_IUCN,LC,328776.87,0.764
larus fuscus,BIRDS_intersection_IUCN,LC,323823.29,0.764
larus marinus,BIRDS_intersection_IUCN,LC,407229,0.764
larus melanocephalus,BIRDS_intersection_IUCN,LC,14860.74,0.764
larus michahellis,BIRDS_intersection_IUCN,LC,47869.8,0.764
larus ridibundus,BIRDS_intersection_IUCN,LC,411512.02,0.764
limosa lapponica,BIRDS_intersection_IUCN,NT,411512.02,0.764
limosa limosa,BIRDS_intersection_IUCN,NT,64.39,0.764
linaria cannabina,BIRDS_intersection_IUCN,LC,244.57,0.764
lophophanes cristatus,BIRDS_intersection_IUCN,LC,177.87,0.764
loxia curvirostra,BIRDS_intersection_IUCN,LC,64.39,0.764
lullula arborea,BIRDS_intersection_IUCN,LC,94.77,0.764
luscinia megarhynchos,BIRDS_intersection_IUCN,LC,5.45,0.764
lymnocryptes minimus,BIRDS_intersection_IUCN,LC,158.51,0.764
mareca penelope,BIRDS_intersection_IUCN,LC,189.69,0.764
mareca strepera,BIRDS_intersection_IUCN,LC,40.51,0.764
melanitta fusca,BIRDS_intersection_IUCN,VU,7747.91,0.764
melanitta nigra,BIRDS_intersection_IUCN,LC,29266.11,0.764
milvus migrans,BIRDS_intersection_IUCN,LC,244.45,0.764
morus bassanus,BIRDS_intersection_IUCN,LC,411269.27,0.764
motacilla alba,BIRDS_intersection_IUCN,LC,244.56,0.764
motacilla cinerea,BIRDS_intersection_IUCN,LC,3013.35,0.764
motacilla flava,BIRDS_intersection_IUCN,LC,221.04,0.764
muscicapa striata,BIRDS_intersection_IUCN,LC,83.13,0.764
numenius arquata,BIRDS_intersection_IUCN,NT,244.58,0.764
numenius phaeopus,BIRDS_intersection_IUCN,LC,224.67,0.764
oceanites oceanicus,BIRDS_intersection_IUCN,LC,411283.9,0.764
oenanthe oenanthe,BIRDS_intersection_IUCN,LC,116.19,0.764
oriolus oriolus,BIRDS_intersection_IUCN,LC,173.34,0.764
otus scops,BIRDS_intersection_IUCN,LC,120.49,0.764
pandion haliaetus,BIRDS_intersection_IUCN,LC,0.37,0.764
parus major,BIRDS_intersection_IUCN,LC,244.61,0.764
passer domesticus,BIRDS_intersection_IUCN,LC,435.95,0.764
passer montanus,BIRDS_intersection_IUCN,LC,276.05,0.764
periparus ater,BIRDS_intersection_IUCN,LC,244.7,0.764
pernis apivorus,BIRDS_intersection_IUCN,LC,160.51,0.764
petronia petronia,BIRDS_intersection_IUCN,LC,19.39,0.764
phoenicurus ochruros,BIRDS_intersection_IUCN,LC,244.54,0.764
phoenicurus phoenicurus,BIRDS_intersection_IUCN,LC,64.39,0.764
phylloscopus collybita,BIRDS_intersection_IUCN,LC,243.41,0.764
phylloscopus ibericus,BIRDS_intersection_IUCN,LC,244.58,0.764
phylloscopus trochilus,BIRDS_intersection_IUCN,LC,216.64,0.764
pica pica,BIRDS_intersection_IUCN,LC,244.61,0.764
picus sharpei,BIRDS_intersection_IUCN,LC,242.45,0.764
pinguinus impennis,BIRDS_intersection_IUCN,EX,311779.69,0.764
pluvialis apricaria,BIRDS_intersection_IUCN,LC,198.63,0.764
pluvialis squatarola,BIRDS_intersection_IUCN,VU,411512.02,0.764
podiceps cristatus,BIRDS_intersection_IUCN,LC,30050.5,0.764
podiceps nigricollis,BIRDS_intersection_IUCN,LC,12598.14,0.764
poecile palustris,BIRDS_intersection_IUCN,LC,4.45,0.764
prunella collaris,BIRDS_intersection_IUCN,LC,244.61,0.764
prunella modularis,BIRDS_intersection_IUCN,LC,244.62,0.764
pterodroma cahow,BIRDS_intersection_IUCN,EN,411447.63,0.764
pterodroma deserta,BIRDS_intersection_IUCN,VU,391849.35,0.764
pterodroma feae,BIRDS_intersection_IUCN,NT,294904.02,0.764
pterodroma madeira,BIRDS_intersection_IUCN,EN,406470.75,0.764
ptyonoprogne rupestris,BIRDS_intersection_IUCN,LC,30.75,0.764
puffinus lherminieri,BIRDS_intersection_IUCN,LC,411268.61,0.764
puffinus mauretanicus,BIRDS_intersection_IUCN,CR,378726.87,0.764
puffinus puffinus,BIRDS_intersection_IUCN,LC,411266.43,0.764
pyrrhocorax pyrrhocorax,BIRDS_intersection_IUCN,LC,222.03,0.764
pyrrhula pyrrhula,BIRDS_intersection_IUCN,LC,244.6,0.764
rallus aquaticus,BIRDS_intersection_IUCN,LC,197.72,0.764
recurvirostra avosetta,BIRDS_intersection_IUCN,LC,2521.14,0.764
regulus ignicapilla,BIRDS_intersection_IUCN,LC,244.58,0.764
regulus regulus,BIRDS_intersection_IUCN,LC,101.37,0.764
riparia riparia,BIRDS_intersection_IUCN,LC,13.5,0.764
rissa tridactyla,BIRDS_intersection_IUCN,VU,411298.33,0.764
saxicola torquatus,BIRDS_intersection_IUCN,LC,244.6,0.764
scolopax rusticola,BIRDS_intersection_IUCN,LC,86.36,0.764
serinus serinus,BIRDS_intersection_IUCN,LC,244.57,0.764
sitta europaea,BIRDS_intersection_IUCN,LC,7.61,0.764
somateria mollissima,BIRDS_intersection_IUCN,NT,184106.76,0.764
spatula clypeata,BIRDS_intersection_IUCN,LC,244.62,0.764
spatula querquedula,BIRDS_intersection_IUCN,LC,3.87,0.764
spinus spinus,BIRDS_intersection_IUCN,LC,244.68,0.764
stercorarius pomarinus,BIRDS_intersection_IUCN,LC,267637.48,0.764
streptopelia decaocto,BIRDS_intersection_IUCN,LC,150.84,0.764
streptopelia turtur,BIRDS_intersection_IUCN,VU,244.59,0.764
strix aluco,BIRDS_intersection_IUCN,LC,176.77,0.764
sturnus unicolor,BIRDS_intersection_IUCN,LC,244.48,0.764
sturnus vulgaris,BIRDS_intersection_IUCN,LC,244.61,0.764
sylvia atricapilla,BIRDS_intersection_IUCN,LC,542.81,0.764
sylvia borin,BIRDS_intersection_IUCN,LC,244.58,0.764
tachybaptus ruficollis,BIRDS_intersection_IUCN,LC,167.21,0.764
tachymarptis melba,BIRDS_intersection_IUCN,LC,119.67,0.764
thalasseus sandvicensis,BIRDS_intersection_IUCN,LC,18798.55,0.764
tichodroma muraria,BIRDS_intersection_IUCN,LC,66.57,0.764
tringa nebularia,BIRDS_intersection_IUCN,LC,193.91,0.764
tringa ochropus,BIRDS_intersection_IUCN,LC,112.43,0.764
tringa totanus,BIRDS_intersection_IUCN,LC,244.46,0.764
troglodytes troglodytes,BIRDS_intersection_IUCN,LC,244.65,0.764
turdus iliacus,BIRDS_intersection_IUCN,NT,244.62,0.764
turdus merula,BIRDS_intersection_IUCN,LC,242.46,0.764
turdus philomelos,BIRDS_intersection_IUCN,LC,244.55,0.764
turdus pilaris,BIRDS_intersection_IUCN,LC,132.5,0.764
turdus viscivorus,BIRDS_intersection_IUCN,LC,244.55,0.764
tyto alba,BIRDS_intersection_IUCN,LC,244.63,0.764
upupa epops,BIRDS_intersection_IUCN,LC,155.88,0.764
uria aalge,BIRDS_intersection_IUCN,LC,411267.8,0.764
vanellus vanellus,BIRDS_intersection_IUCN,NT,244.65,0.764
xema sabini,BIRDS_intersection_IUCN,LC,411267.4,0.764
blennius ocellaris,BLENNIES_intersection2,LC,73469.49,1
coryphoblennius galerita,BLENNIES_intersection2,LC,73469.49,1
lipophrys pholis,BLENNIES_intersection2,LC,73469.49,1
lipophrys trigloides,BLENNIES_intersection2,LC,73469.49,1
parablennius gattorugine,BLENNIES_intersection2,LC,73469.49,1
parablennius incognitus,BLENNIES_intersection2,LC,31238.71,1
parablennius pilicornis,BLENNIES_intersection2,LC,81746.6,1
parablennius ruber,BLENNIES_intersection2,LC,63364.65,1
parablennius sanguinolentus,BLENNIES_intersection2,LC,73469.49,1
parablennius tentacularis,BLENNIES_intersection2,LC,73469.49,1
salaria pavo,BLENNIES_intersection2,LC,73469.49,1
scartella cristata,BLENNIES_intersection2,LC,81746.59,1
tripterygion delaisi,BLENNIES_intersection2,LC,73469.49,1
antigonia capros,BUTTERFLYFISH_ANGELFISH_ALLIES_intersection,LC,73467.88,0.9401
argyrosomus regius,BUTTERFLYFISH_ANGELFISH_ALLIES_intersection,LC,73467.17,0.9401
boops boops,BUTTERFLYFISH_ANGELFISH_ALLIES_intersection,LC,73467.17,0.9401
callanthias ruber,BUTTERFLYFISH_ANGELFISH_ALLIES_intersection,LC,100662.84,0.9401
capros aper,BUTTERFLYFISH_ANGELFISH_ALLIES_intersection,LC,100662.84,0.9401
centracanthus cirrus,BUTTERFLYFISH_ANGELFISH_ALLIES_intersection,LC,21.03,0.9401
cepola macrophthalma,BUTTERFLYFISH_ANGELFISH_ALLIES_intersection,LC,100662.96,0.9401
dentex dentex,BUTTERFLYFISH_ANGELFISH_ALLIES_intersection,VU,73469.49,0.9401
dentex macrophthalmus,BUTTERFLYFISH_ANGELFISH_ALLIES_intersection,LC,22779.26,0.9401
dentex maroccanus,BUTTERFLYFISH_ANGELFISH_ALLIES_intersection,LC,73485.86,0.9401
dicentrarchus labrax,BUTTERFLYFISH_ANGELFISH_ALLIES_intersection,NT,47059.86,0.9401
dicentrarchus punctatus,BUTTERFLYFISH_ANGELFISH_ALLIES_intersection,LC,73469.49,0.9401
diplodus annularis,BUTTERFLYFISH_ANGELFISH_ALLIES_intersection,LC,73467.17,0.9401
diplodus cervinus,BUTTERFLYFISH_ANGELFISH_ALLIES_intersection,LC,73467.17,0.9401
diplodus puntazzo,BUTTERFLYFISH_ANGELFISH_ALLIES_intersection,LC,73467.17,0.9401
diplodus sargus,BUTTERFLYFISH_ANGELFISH_ALLIES_intersection,LC,146938.98,0.9401
diplodus vulgaris,BUTTERFLYFISH_ANGELFISH_ALLIES_intersection,LC,73467.17,0.9401
lithognathus mormyrus,BUTTERFLYFISH_ANGELFISH_ALLIES_intersection,LC,73467.17,0.9401
morone saxatilis,BUTTERFLYFISH_ANGELFISH_ALLIES_intersection,LC,440.22,0.9401
oblada melanura,BUTTERFLYFISH_ANGELFISH_ALLIES_intersection,LC,73467.17,0.9401
pagellus acarne,BUTTERFLYFISH_ANGELFISH_ALLIES_intersection,LC,73469.49,0.9401
pagellus bogaraveo,BUTTERFLYFISH_ANGELFISH_ALLIES_intersection,NT,73467.97,0.9401
pagellus erythrinus,BUTTERFLYFISH_ANGELFISH_ALLIES_intersection,LC,73467.97,0.9401
pagrus auriga,BUTTERFLYFISH_ANGELFISH_ALLIES_intersection,LC,2254.58,0.9401
pagrus pagrus,BUTTERFLYFISH_ANGELFISH_ALLIES_intersection,LC,73469.49,0.9401
sarpa salpa,BUTTERFLYFISH_ANGELFISH_ALLIES_intersection,LC,73465.89,0.9401
sciaena umbra,BUTTERFLYFISH_ANGELFISH_ALLIES_intersection,NT,73468.4,0.9401
sparus aurata,BUTTERFLYFISH_ANGELFISH_ALLIES_intersection,LC,73467.17,0.9401
spicara maena,BUTTERFLYFISH_ANGELFISH_ALLIES_intersection,LC,15515.55,0.9401
spondyliosoma cantharus,BUTTERFLYFISH_ANGELFISH_ALLIES_intersection,LC,73469.49,0.9401
umbrina canariensis,BUTTERFLYFISH_ANGELFISH_ALLIES_intersection,LC,93238.52,0.9401
umbrina cirrosa,BUTTERFLYFISH_ANGELFISH_ALLIES_intersection,VU,73469.49,0.9401
arnoglossus imperialis,CARANGIFORM_FISHES_intersection,LC,73467.9,0.8787
arnoglossus laterna,CARANGIFORM_FISHES_intersection,LC,73467.9,0.8787
bathysolea profundicola,CARANGIFORM_FISHES_intersection,LC,395537.11,0.8787
bothus podas,CARANGIFORM_FISHES_intersection,LC,5002.03,0.8787
buglossidium luteum,CARANGIFORM_FISHES_intersection,LC,73469.49,0.8787
campogramma glaycos,CARANGIFORM_FISHES_intersection,LC,73465.97,0.8787
coryphaena hippurus,CARANGIFORM_FISHES_intersection,LC,76963.5,0.8787
dicologlossa cuneata,CARANGIFORM_FISHES_intersection,LC,73469.49,0.8787
istiophorus platypterus,CARANGIFORM_FISHES_intersection,VU,411268.64,0.8787
kajikia albida,CARANGIFORM_FISHES_intersection,LC,411268.64,0.8787
lepidorhombus boscii,CARANGIFORM_FISHES_intersection,LC,100662.82,0.8787
lepidorhombus whiffiagonis,CARANGIFORM_FISHES_intersection,LC,100662.82,0.8787
lichia amia,CARANGIFORM_FISHES_intersection,LC,93243.64,0.8787
makaira nigricans,CARANGIFORM_FISHES_intersection,VU,108602.78,0.8787
microchirus variegatus,CARANGIFORM_FISHES_intersection,LC,73469.48,0.8787
naucrates ductor,CARANGIFORM_FISHES_intersection,LC,73468.72,0.8787
pegusa lascaris,CARANGIFORM_FISHES_intersection,LC,73469.49,0.8787
phtheirichthys lineatus,CARANGIFORM_FISHES_intersection,LC,11.14,0.8787
platichthys flesus,CARANGIFORM_FISHES_intersection,LC,440.22,0.8787
pleuronectes platessa,CARANGIFORM_FISHES_intersection,LC,35174.97,0.8787
pseudocaranx dentex,CARANGIFORM_FISHES_intersection,LC,37136.24,0.8787
remora remora,CARANGIFORM_FISHES_intersection,LC,368127.77,0.8787
scophthalmus maximus,CARANGIFORM_FISHES_intersection,LC,171576.27,0.8787
scophthalmus rhombus,CARANGIFORM_FISHES_intersection,LC,73468.41,0.8787
seriola carpenteri,CARANGIFORM_FISHES_intersection,LC,73469.49,0.8787
seriola dumerili,CARANGIFORM_FISHES_intersection,LC,93241.21,0.8787
seriola fasciata,CARANGIFORM_FISHES_intersection,LC,53799.62,0.8787
sphyraena sphyraena,CARANGIFORM_FISHES_intersection,LC,73473.11,0.8787
sphyraena viridensis,CARANGIFORM_FISHES_intersection,LC,73469.49,0.8787
symphurus nigrescens,CARANGIFORM_FISHES_intersection,LC,102004.81,0.8787
tetrapturus pfluegeri,CARANGIFORM_FISHES_intersection,LC,102584.84,0.8787
trachinotus ovatus,CARANGIFORM_FISHES_intersection,LC,73469.49,0.8787
trachurus mediterraneus,CARANGIFORM_FISHES_intersection,LC,259842.47,0.8787
trachurus picturatus,CARANGIFORM_FISHES_intersection,LC,79372.06,0.8787
trachurus trachurus,CARANGIFORM_FISHES_intersection,VU,392064.96,0.8787
xiphias gladius,CARANGIFORM_FISHES_intersection,NT,411268.86,0.8787
zeugopterus punctatus,CARANGIFORM_FISHES_intersection,LC,73843.56,0.8787
zeugopterus regius,CARANGIFORM_FISHES_intersection,LC,73467.17,0.8787
arnoglossus imperialis,CARANGIFORM_FISHES_intersection2,LC,73467.9,0.8787
arnoglossus laterna,CARANGIFORM_FISHES_intersection2,LC,73467.9,0.8787
bathysolea profundicola,CARANGIFORM_FISHES_intersection2,LC,395537.11,0.8787
bothus podas,CARANGIFORM_FISHES_intersection2,LC,5002.03,0.8787
buglossidium luteum,CARANGIFORM_FISHES_intersection2,LC,73469.49,0.8787
campogramma glaycos,CARANGIFORM_FISHES_intersection2,LC,73465.97,0.8787
coryphaena hippurus,CARANGIFORM_FISHES_intersection2,LC,76963.5,0.8787
dicologlossa cuneata,CARANGIFORM_FISHES_intersection2,LC,73469.49,0.8787
istiophorus platypterus,CARANGIFORM_FISHES_intersection2,VU,411268.64,0.8787
kajikia albida,CARANGIFORM_FISHES_intersection2,LC,411268.64,0.8787
lepidorhombus boscii,CARANGIFORM_FISHES_intersection2,LC,100662.82,0.8787
lepidorhombus whiffiagonis,CARANGIFORM_FISHES_intersection2,LC,100662.82,0.8787
lichia amia,CARANGIFORM_FISHES_intersection2,LC,93243.64,0.8787
makaira nigricans,CARANGIFORM_FISHES_intersection2,VU,108602.78,0.8787
microchirus variegatus,CARANGIFORM_FISHES_intersection2,LC,73469.48,0.8787
naucrates ductor,CARANGIFORM_FISHES_intersection2,LC,73468.72,0.8787
pegusa lascaris,CARANGIFORM_FISHES_intersection2,LC,73469.49,0.8787
phtheirichthys lineatus,CARANGIFORM_FISHES_intersection2,LC,11.14,0.8787
platichthys flesus,CARANGIFORM_FISHES_intersection2,LC,440.22,0.8787
pleuronectes platessa,CARANGIFORM_FISHES_intersection2,LC,35174.97,0.8787
pseudocaranx dentex,CARANGIFORM_FISHES_intersection2,LC,37136.24,0.8787
remora remora,CARANGIFORM_FISHES_intersection2,LC,368127.77,0.8787
scophthalmus maximus,CARANGIFORM_FISHES_intersection2,LC,171576.27,0.8787
scophthalmus rhombus,CARANGIFORM_FISHES_intersection2,LC,73468.41,0.8787
seriola carpenteri,CARANGIFORM_FISHES_intersection2,LC,73469.49,0.8787
seriola dumerili,CARANGIFORM_FISHES_intersection2,LC,93241.21,0.8787
seriola fasciata,CARANGIFORM_FISHES_intersection2,LC,53799.62,0.8787
sphyraena sphyraena,CARANGIFORM_FISHES_intersection2,LC,73473.11,0.8787
sphyraena viridensis,CARANGIFORM_FISHES_intersection2,LC,73469.49,0.8787
symphurus nigrescens,CARANGIFORM_FISHES_intersection2,LC,102004.81,0.8787
tetrapturus pfluegeri,CARANGIFORM_FISHES_intersection2,LC,102584.84,0.8787
trachinotus ovatus,CARANGIFORM_FISHES_intersection2,LC,73469.49,0.8787
trachurus mediterraneus,CARANGIFORM_FISHES_intersection2,LC,259842.47,0.8787
trachurus picturatus,CARANGIFORM_FISHES_intersection2,LC,79372.06,0.8787
trachurus trachurus,CARANGIFORM_FISHES_intersection2,VU,392064.96,0.8787
xiphias gladius,CARANGIFORM_FISHES_intersection2,NT,411268.86,0.8787
zeugopterus punctatus,CARANGIFORM_FISHES_intersection2,LC,73843.56,0.8787
zeugopterus regius,CARANGIFORM_FISHES_intersection2,LC,73467.17,0.8787
alosa alosa,CLUPEIFORMES_intersection2,CR,61896.21,0.7844
alosa fallax,CLUPEIFORMES_intersection2,LC,23970.34,0.7844
engraulis encrasicolus,CLUPEIFORMES_intersection2,LC,73469.83,0.7844
sardina pilchardus,CLUPEIFORMES_intersection2,LC,73469.83,0.7844
sprattus sprattus,CLUPEIFORMES_intersection2,LC,73469.49,0.7844
anguilla anguilla,EELS_intersection2,CR,37694.65,0.9911
avocettina infans,EELS_intersection2,LC,411268.64,0.9911
conger conger,EELS_intersection2,LC,73469.49,0.9911
cyema atrum,EELS_intersection2,LC,370694.28,0.9911
dalophis imberbis,EELS_intersection2,LC,73469.49,0.9911
derichthys serpentinus,EELS_intersection2,LC,192084.87,0.9911
echelus myrus,EELS_intersection2,LC,73469.49,0.9911
eurypharynx pelecanoides,EELS_intersection2,LC,361564.41,0.9911
facciolella oxyrhyncha,EELS_intersection2,LC,39631.63,0.9911
gymnothorax unicolor,EELS_intersection2,LC,65534.89,0.9911
ilyophis brunneus,EELS_intersection2,LC,369568.64,0.9911
muraena helena,EELS_intersection2,LC,73469.49,0.9911
nemichthys scolopaceus,EELS_intersection2,LC,411268.64,0.9911
nessorhamphus ingolfianus,EELS_intersection2,LC,411268.64,0.9911
nettastoma melanurum,EELS_intersection2,LC,1462.43,0.9911
ophisurus serpens,EELS_intersection2,LC,102597.32,0.9911
pisodonophis semicinctus,EELS_intersection2,LC,73469.49,0.9911
saccopharynx ampullaceus,EELS_intersection2,LC,411268.64,0.9911
serrivomer beanii,EELS_intersection2,LC,411268.64,0.9911
simenchelys parasitica,EELS_intersection2,LC,110024.16,0.9911
synaphobranchus kaupii,EELS_intersection2,LC,411268.66,0.9911
venefica proboscidea,EELS_intersection2,LC,40098.53,0.9911
acipenser sturio,FW_FISH_PART1_intersection,CR,9772.88,0.9441
alosa fallax,FW_FISH_PART1_intersection,LC,23970.34,0.9441
atherina boyeri,FW_FISH_PART1_intersection,LC,7766.56,0.9441
chelon labrosus,FW_FISH_PART1_intersection,NT,51490.79,0.9441
dicentrarchus labrax,FW_FISH_PART1_intersection,NT,47059.86,0.9441
dicentrarchus punctatus,FW_FISH_PART1_intersection,LC,73469.49,0.9441
mugil cephalus,FW_FISH_PART1_intersection,LC,94119.54,0.9441
petromyzon marinus,FW_FISH_PART1_intersection,LC,71736.61,0.9441
planiliza subviridis,FW_FISH_PART1_intersection,LC,20552.58,0.9441
platichthys flesus,FW_FISH_PART1_intersection,LC,440.22,0.9441
pleuronectes platessa,FW_FISH_PART1_intersection,LC,35174.97,0.9441
pomatoschistus microps,FW_FISH_PART1_intersection,LC,439.92,0.9441
pomatoschistus minutus,FW_FISH_PART1_intersection,LC,73908.62,0.9441
sprattus sprattus,FW_FISH_PART1_intersection,LC,73469.49,0.9441
syngnathus typhle,FW_FISH_PART1_intersection,LC,73469.49,0.9441
alosa alosa,FW_FISH_PART2_intersection,CR,61896.21,0.6987
anguilla anguilla,FW_FISH_PART2_intersection,CR,37694.65,0.6987
chelon auratus,FW_FISH_PART2_intersection,NT,51490.79,0.6987
chelon ramada,FW_FISH_PART2_intersection,NT,51490.95,0.6987
chelon saliens,FW_FISH_PART2_intersection,NT,51490.95,0.6987
gasterosteus aculeatus,FW_FISH_PART2_intersection,LC,83420.39,0.6987
gobius paganellus,FW_FISH_PART2_intersection,LC,73469.49,0.6987
kuhlia mugil,FW_FISH_PART2_intersection,LC,438.38,0.6987
morone saxatilis,FW_FISH_PART2_intersection,LC,440.22,0.6987
salmo salar,FW_FISH_PART2_intersection,NT,411455.3,0.6987
salmo trutta,FW_FISH_PART2_intersection,LC,17655.13,0.6987
syngnathus abaster,FW_FISH_PART2_intersection,LC,12456.04,0.6987
hydrobia acuta,FW_MOLLUSCS_intersection2,LC,440.22,1
myosotella myosotis,FW_MOLLUSCS_intersection2,LC,26.74,1
arenaria interpres,FW_OTHER_PART1_intersection,NT,411512.02,0.8536
aythya fuligula,FW_OTHER_PART1_intersection,LC,126.04,0.8536
calidris alba,FW_OTHER_PART1_intersection,LC,411512.02,0.8536
calidris ferruginea,FW_OTHER_PART1_intersection,VU,411512.02,0.8536
calidris maritima,FW_OTHER_PART1_intersection,LC,7.84,0.8536
haematopus ostralegus,FW_OTHER_PART1_intersection,NT,266.89,0.8536
hydrocoloeus minutus,FW_OTHER_PART1_intersection,LC,83517.4,0.8536
larus argentatus,FW_OTHER_PART1_intersection,LC,63217.33,0.8536
larus melanocephalus,FW_OTHER_PART1_intersection,LC,14860.74,0.8536
larus ridibundus,FW_OTHER_PART1_intersection,LC,411512.02,0.8536
limosa limosa,FW_OTHER_PART1_intersection,NT,64.39,0.8536
lutra lutra,FW_OTHER_PART1_intersection,NT,225.76,0.8536
melanitta nigra,FW_OTHER_PART1_intersection,LC,29266.11,0.8536
milvus migrans,FW_OTHER_PART1_intersection,LC,244.45,0.8536
pluvialis apricaria,FW_OTHER_PART1_intersection,LC,198.63,0.8536
spatula clypeata,FW_OTHER_PART1_intersection,LC,244.62,0.8536
xema sabini,FW_OTHER_PART1_intersection,LC,411267.4,0.8536
anas acuta,FW_OTHER_PART2_intersection,LC,114.82,0.9178
anthus pratensis,FW_OTHER_PART2_intersection,LC,244.61,0.9178
anthus spinoletta,FW_OTHER_PART2_intersection,LC,244.59,0.9178
ardea cinerea,FW_OTHER_PART2_intersection,LC,244.43,0.9178
aythya ferina,FW_OTHER_PART2_intersection,VU,238.42,0.9178
calidris alpina,FW_OTHER_PART2_intersection,NT,411274.14,0.9178
cisticola juncidis,FW_OTHER_PART2_intersection,LC,200.29,0.9178
corvus corone,FW_OTHER_PART2_intersection,LC,244.54,0.9178
himantopus himantopus,FW_OTHER_PART2_intersection,LC,227.02,0.9178
larus canus,FW_OTHER_PART2_intersection,LC,328776.86,0.9178
larus fuscus,FW_OTHER_PART2_intersection,LC,323823.29,0.9178
numenius phaeopus,FW_OTHER_PART2_intersection,LC,224.67,0.9178
oenanthe oenanthe,FW_OTHER_PART2_intersection,LC,116.19,0.9178
pandion haliaetus,FW_OTHER_PART2_intersection,LC,0.37,0.9178
recurvirostra avosetta,FW_OTHER_PART2_intersection,LC,2521.14,0.9178
stercorarius pomarinus,FW_OTHER_PART2_intersection,LC,267637.48,0.9178
tachybaptus ruficollis,FW_OTHER_PART2_intersection,LC,167.21,0.9178
tringa nebularia,FW_OTHER_PART2_intersection,LC,193.91,0.9178
alauda arvensis,FW_OTHER_PART3_intersection,LC,244.6,0.6099
alcedo atthis,FW_OTHER_PART3_intersection,LC,717.79,0.6099
anthus petrosus,FW_OTHER_PART3_intersection,LC,240.69,0.6099
aythya marila,FW_OTHER_PART3_intersection,LC,36958.4,0.6099
calidris canutus,FW_OTHER_PART3_intersection,NT,411211.78,0.6099
calidris falcinellus,FW_OTHER_PART3_intersection,VU,354939.22,0.6099
charadrius alexandrinus,FW_OTHER_PART3_intersection,LC,234.62,0.6099
charadrius dubius,FW_OTHER_PART3_intersection,LC,115.33,0.6099
charadrius hiaticula,FW_OTHER_PART3_intersection,LC,244.64,0.6099
falco peregrinus,FW_OTHER_PART3_intersection,LC,244.46,0.6099
fulica atra,FW_OTHER_PART3_intersection,LC,227.72,0.6099
gavia arctica,FW_OTHER_PART3_intersection,LC,9646.79,0.6099
limosa lapponica,FW_OTHER_PART3_intersection,NT,218.58,0.6099
mareca penelope,FW_OTHER_PART3_intersection,LC,189.69,0.6099
numenius arquata,FW_OTHER_PART3_intersection,NT,244.58,0.6099
petromyzon marinus,FW_OTHER_PART3_intersection,LC,71736.61,0.6099
pluvialis squatarola,FW_OTHER_PART3_intersection,VU,411512.02,0.6099
podiceps cristatus,FW_OTHER_PART3_intersection,LC,30050.49,0.6099
poecile palustris,FW_OTHER_PART3_intersection,LC,4.45,0.6099
tringa totanus,FW_OTHER_PART3_intersection,LC,244.46,0.6099
actitis hypoleucos,FW_OTHER_PART4_intersection,LC,244.66,0.9863
branta bernicla,FW_OTHER_PART4_intersection,LC,243.01,0.9863
calidris minuta,FW_OTHER_PART4_intersection,LC,94.37,0.9863
chlidonias niger,FW_OTHER_PART4_intersection,LC,94230.96,0.9863
gallinula chloropus,FW_OTHER_PART4_intersection,LC,242.5,0.9863
gavia immer,FW_OTHER_PART4_intersection,LC,54061.2,0.9863
gavia stellata,FW_OTHER_PART4_intersection,LC,57835.26,0.9863
gulosus aristotelis,FW_OTHER_PART4_intersection,LC,27053.06,0.9863
larus michahellis,FW_OTHER_PART4_intersection,LC,47869.8,0.9863
lymnocryptes minimus,FW_OTHER_PART4_intersection,LC,158.51,0.9863
melanitta fusca,FW_OTHER_PART4_intersection,VU,7747.91,0.9863
podiceps nigricollis,FW_OTHER_PART4_intersection,LC,12598.14,0.9863
spatula querquedula,FW_OTHER_PART4_intersection,LC,3.87,0.9863
bolboschoenus maritimus,FW_PLANTS_PART1_intersection,LC,440.22,1
zostera noltii,FW_PLANTS_PART2_intersection2,LC,73466.73,1
mycteroperca marginata,GROUPERS_intersection2,VU,73467.18,0.4667
myxine glutinosa,HAGFISH_intersection2,LC,100662.84,1
cardus crucifer,LOBSTERS_intersection2,LC,5782.27,1
homarus gammarus,LOBSTERS_intersection2,LC,73469.49,1
nephrops norvegicus,LOBSTERS_intersection2,LC,227861.74,1
nephropsis atlantica,LOBSTERS_intersection2,LC,277723.26,1
palinurus mauritanicus,LOBSTERS_intersection2,LC,64990.16,1
polycheles typhlops,LOBSTERS_intersection2,LC,102006.56,1
scyllarus arctus,LOBSTERS_intersection2,LC,73469.49,1
stereomastis nana,LOBSTERS_intersection2,LC,102006.56,1
stereomastis sculpta,LOBSTERS_intersection2,LC,39969.69,1
balaenoptera acutorostrata,MAMMALS_intersection,LC,411268.46,0.8143
balaenoptera borealis,MAMMALS_intersection,EN,411268.66,0.8143
balaenoptera musculus,MAMMALS_intersection,EN,411268.64,0.8143
balaenoptera physalus,MAMMALS_intersection,VU,411268.46,0.8143
delphinus delphis,MAMMALS_intersection,LC,411269.3,0.8143
eubalaena glacialis,MAMMALS_intersection,CR,411268.42,0.8143
feresa attenuata,MAMMALS_intersection,LC,211395.02,0.8143
globicephala macrorhynchus,MAMMALS_intersection,LC,265009.37,0.8143
globicephala melas,MAMMALS_intersection,LC,411268.46,0.8143
grampus griseus,MAMMALS_intersection,LC,411270.01,0.8143
hyperoodon ampullatus,MAMMALS_intersection,NT,411268.44,0.8143
kogia breviceps,MAMMALS_intersection,LC,411268.46,0.8143
kogia sima,MAMMALS_intersection,LC,38711.76,0.8143
lagenorhynchus albirostris,MAMMALS_intersection,LC,345623.64,0.8143
lutra lutra,MAMMALS_intersection,NT,225.76,0.8143
megaptera novaeangliae,MAMMALS_intersection,LC,411268.46,0.8143
mesoplodon bidens,MAMMALS_intersection,LC,411267.64,0.8143
mesoplodon densirostris,MAMMALS_intersection,LC,411269.25,0.8143
mesoplodon europaeus,MAMMALS_intersection,LC,411268.46,0.8143
mesoplodon mirus,MAMMALS_intersection,LC,411268.46,0.8143
phocoena phocoena,MAMMALS_intersection,LC,128544.78,0.8143
physeter macrocephalus,MAMMALS_intersection,VU,411268.5,0.8143
pseudorca crassidens,MAMMALS_intersection,NT,240132.07,0.8143
stenella coeruleoalba,MAMMALS_intersection,LC,411268.46,0.8143
steno bredanensis,MAMMALS_intersection,LC,159354.08,0.8143
tursiops truncatus,MAMMALS_intersection,LC,411268.46,0.8143
ziphius cavirostris,MAMMALS_intersection,LC,411268.46,0.8143
alopias vulpinus,MARINEFISH_PART1_intersection,VU,57866.1,0.9474
antigonia capros,MARINEFISH_PART1_intersection,LC,73467.88,0.9474
argyropelecus aculeatus,MARINEFISH_PART1_intersection,LC,345843.03,0.9474
arnoglossus imperialis,MARINEFISH_PART1_intersection,LC,73467.9,0.9474
astronesthes leucopogon,MARINEFISH_PART1_intersection,LC,411268.64,0.9474
auxis rochei,MARINEFISH_PART1_intersection,LC,171487.62,0.9474
auxis thazard,MARINEFISH_PART1_intersection,LC,171487.62,0.9474
avocettina infans,MARINEFISH_PART1_intersection,LC,411268.64,0.9474
bathophilus metallicus,MARINEFISH_PART1_intersection,LC,126305.56,0.9474
bathysolea profundicola,MARINEFISH_PART1_intersection,LC,395537.11,0.9474
benthosema glaciale,MARINEFISH_PART1_intersection,LC,383834.47,0.9474
blennius ocellaris,MARINEFISH_PART1_intersection,LC,73469.49,0.9474
bothus podas,MARINEFISH_PART1_intersection,LC,5002.03,0.9474
cataetyx alleni,MARINEFISH_PART1_intersection,LC,79372.06,0.9474
cataetyx laticeps,MARINEFISH_PART1_intersection,LC,89077.45,0.9474
centrophorus squamosus,MARINEFISH_PART1_intersection,EN,83810.74,0.9474
centroscyllium fabricii,MARINEFISH_PART1_intersection,LC,50926.36,0.9474
chaenophryne ramifera,MARINEFISH_PART1_intersection,LC,79372.06,0.9474
chauliodus danae,MARINEFISH_PART1_intersection,LC,411268.64,0.9474
chauliodus sloani,MARINEFISH_PART1_intersection,LC,373183.08,0.9474
chirostomias pliopterus,MARINEFISH_PART1_intersection,LC,313927.85,0.9474
chlorophthalmus agassizi,MARINEFISH_PART1_intersection,LC,100664.43,0.9474
coryphoblennius galerita,MARINEFISH_PART1_intersection,LC,73469.49,0.9474
derichthys serpentinus,MARINEFISH_PART1_intersection,LC,192084.87,0.9474
diaphus effulgens,MARINEFISH_PART1_intersection,LC,411268.64,0.9474
diplodus annularis,MARINEFISH_PART1_intersection,LC,73467.17,0.9474
dipturus nidarosiensis,MARINEFISH_PART1_intersection,EN,7949.12,0.9474
diretmus argenteus,MARINEFISH_PART1_intersection,LC,411268.64,0.9474
galeorhinus galeus,MARINEFISH_PART1_intersection,CR,31650.64,0.9474
halobatrachus didactylus,MARINEFISH_PART1_intersection,LC,73469.49,0.9474
hygophum hygomii,MARINEFISH_PART1_intersection,LC,269601.19,0.9474
ilyophis brunneus,MARINEFISH_PART1_intersection,LC,369568.64,0.9474
istiophorus platypterus,MARINEFISH_PART1_intersection,VU,411268.64,0.9474
labrus bergylta,MARINEFISH_PART1_intersection,LC,73469.49,0.9474
lagocephalus lagocephalus,MARINEFISH_PART1_intersection,LC,318823.35,0.9474
lampadena speculigera,MARINEFISH_PART1_intersection,LC,411268.64,0.9474
leptostomias haplocaulus,MARINEFISH_PART1_intersection,LC,120226.41,0.9474
lestidiops similis,MARINEFISH_PART1_intersection,LC,210531.34,0.9474
lithognathus mormyrus,MARINEFISH_PART1_intersection,LC,73467.17,0.9474
masturus lanceolatus,MARINEFISH_PART1_intersection,LC,295696.51,0.9474
maurolicus muelleri,MARINEFISH_PART1_intersection,LC,411268.64,0.9474
melamphaes falsidicus,MARINEFISH_PART1_intersection,LC,411268.64,0.9474
melamphaes simus,MARINEFISH_PART1_intersection,LC,411268.64,0.9474
melanocetus johnsonii,MARINEFISH_PART1_intersection,LC,395676.17,0.9474
melanostomias macrophotus,MARINEFISH_PART1_intersection,LC,110047.88,0.9474
nerophis lumbriciformis,MARINEFISH_PART1_intersection,LC,73469.49,0.9474
notoscopelus kroyeri,MARINEFISH_PART1_intersection,LC,411268.64,0.9474
pagrus auriga,MARINEFISH_PART1_intersection,LC,2254.58,0.9474
photonectes mirabilis,MARINEFISH_PART1_intersection,LC,102006.33,0.9474
photostomias guernei,MARINEFISH_PART1_intersection,LC,310605.81,0.9474
pleuronectes platessa,MARINEFISH_PART1_intersection,LC,35174.97,0.9474
polymetme thaeocoryla,MARINEFISH_PART1_intersection,LC,40202.57,0.9474
raja microocellata,MARINEFISH_PART1_intersection,NT,47526.45,0.9474
raja miraletus,MARINEFISH_PART1_intersection,LC,0.61,0.9474
ranzania laevis,MARINEFISH_PART1_intersection,LC,411268.64,0.9474
rhinochimaera atlantica,MARINEFISH_PART1_intersection,LC,12094.98,0.9474
sciaena umbra,MARINEFISH_PART1_intersection,NT,73468.4,0.9474
scopelosaurus lepidus,MARINEFISH_PART1_intersection,LC,411268.64,0.9474
scophthalmus maximus,MARINEFISH_PART1_intersection,LC,171576.27,0.9474
scyliorhinus canicula,MARINEFISH_PART1_intersection,LC,33215.37,0.9474
seriola carpenteri,MARINEFISH_PART1_intersection,LC,73469.49,0.9474
somniosus rostratus,MARINEFISH_PART1_intersection,LC,27310.6,0.9474
sphoeroides pachygaster,MARINEFISH_PART1_intersection,LC,73469.49,0.9474
stomias longibarbatus,MARINEFISH_PART1_intersection,LC,216566.99,0.9474
tetrapturus pfluegeri,MARINEFISH_PART1_intersection,LC,102584.84,0.9474
torpedo torpedo,MARINEFISH_PART1_intersection,VU,25118.22,0.9474
trachipterus arcticus,MARINEFISH_PART1_intersection,LC,411268.64,0.9474
trachurus trachurus,MARINEFISH_PART1_intersection,VU,392064.96,0.9474
xiphias gladius,MARINEFISH_PART1_intersection,NT,411268.86,0.9474
acantholabrus palloni,MARINEFISH_PART2_intersection,LC,73469.49,0.9367
aluterus monoceros,MARINEFISH_PART2_intersection,LC,1435.04,0.9367
aluterus scriptus,MARINEFISH_PART2_intersection,LC,73469.49,0.9367
anguilla anguilla,MARINEFISH_PART2_intersection,CR,37694.65,0.9367
argyropelecus gigas,MARINEFISH_PART2_intersection,LC,210744.33,0.9367
bassozetus compressus,MARINEFISH_PART2_intersection,LC,368204.39,0.9367
bathophilus nigerrimus,MARINEFISH_PART2_intersection,LC,356598.13,0.9367
bathophilus vaillanti,MARINEFISH_PART2_intersection,LC,157548.42,0.9367
bolinichthys indicus,MARINEFISH_PART2_intersection,LC,304479.42,0.9367
carapus acus,MARINEFISH_PART2_intersection,LC,73469.49,0.9367
carcharhinus plumbeus,MARINEFISH_PART2_intersection,EN,22320.93,0.9367
carcharodon carcharias,MARINEFISH_PART2_intersection,VU,411268.64,0.9367
caulophryne jordani,MARINEFISH_PART2_intersection,LC,400894.4,0.9367
centracanthus cirrus,MARINEFISH_PART2_intersection,LC,21.03,0.9367
cepola macrophthalma,MARINEFISH_PART2_intersection,LC,100662.96,0.9367
ceratias holboelli,MARINEFISH_PART2_intersection,LC,394252.09,0.9367
ceratoscopelus maderensis,MARINEFISH_PART2_intersection,LC,411268.64,0.9367
chimaera monstrosa,MARINEFISH_PART2_intersection,VU,15149.7,0.9367
chimaera opalescens,MARINEFISH_PART2_intersection,LC,5.93,0.9367
coryphaena hippurus,MARINEFISH_PART2_intersection,LC,76963.5,0.9367
dalophis imberbis,MARINEFISH_PART2_intersection,LC,73469.49,0.9367
dasyatis pastinaca,MARINEFISH_PART2_intersection,VU,19658.55,0.9367
diaphus rafinesquii,MARINEFISH_PART2_intersection,LC,392209.76,0.9367
diplodus vulgaris,MARINEFISH_PART2_intersection,LC,73467.17,0.9367
dolopichthys allector,MARINEFISH_PART2_intersection,LC,79372.06,0.9367
etmopterus princeps,MARINEFISH_PART2_intersection,LC,40459.85,0.9367
eustomias macrurus,MARINEFISH_PART2_intersection,LC,208112.23,0.9367
euthynnus alletteratus,MARINEFISH_PART2_intersection,LC,374859.31,0.9367
evermannella balbo,MARINEFISH_PART2_intersection,LC,411268.64,0.9367
flagellostomias boureei,MARINEFISH_PART2_intersection,LC,411268.64,0.9367
galeus melastomus,MARINEFISH_PART2_intersection,LC,55347.07,0.9367
gonostoma denudatum,MARINEFISH_PART2_intersection,LC,283916.85,0.9367
gonostoma elongatum,MARINEFISH_PART2_intersection,LC,382975.42,0.9367
gymnura altavela,MARINEFISH_PART2_intersection,EN,5644.25,0.9367
hexanchus griseus,MARINEFISH_PART2_intersection,NT,36731.16,0.9367
isurus oxyrinchus,MARINEFISH_PART2_intersection,EN,411268.64,0.9367
lampanyctus alatus,MARINEFISH_PART2_intersection,LC,191815.45,0.9367
lampanyctus crocodilus,MARINEFISH_PART2_intersection,LC,411267.11,0.9367
lampanyctus photonotus,MARINEFISH_PART2_intersection,LC,411268.64,0.9367
leptostomias longibarba,MARINEFISH_PART2_intersection,LC,102004.45,0.9367
lichia amia,MARINEFISH_PART2_intersection,LC,93243.64,0.9367
linophryne coronata,MARINEFISH_PART2_intersection,LC,313693.43,0.9367
lipophrys trigloides,MARINEFISH_PART2_intersection,LC,73469.49,0.9367
lobianchia gemellarii,MARINEFISH_PART2_intersection,LC,411267.64,0.9367
makaira nigricans,MARINEFISH_PART2_intersection,VU,108602.78,0.9367
melanostomias valdiviae,MARINEFISH_PART2_intersection,LC,411268.64,0.9367
neoraja iberica,MARINEFISH_PART2_intersection,LC,109902.76,0.9367
nessorhamphus ingolfianus,MARINEFISH_PART2_intersection,LC,411268.64,0.9367
oxynotus paradoxus,MARINEFISH_PART2_intersection,VU,13865.12,0.9367
parablennius tentacularis,MARINEFISH_PART2_intersection,LC,73469.49,0.9367
pegusa lascaris,MARINEFISH_PART2_intersection,LC,73469.49,0.9367
pentherichthys atratus,MARINEFISH_PART2_intersection,LC,223934.46,0.9367
pollichthys mauli,MARINEFISH_PART2_intersection,LC,411268.64,0.9367
porogadus miles,MARINEFISH_PART2_intersection,LC,402028.75,0.9367
prionace glauca,MARINEFISH_PART2_intersection,NT,411268.64,0.9367
pseudocaranx dentex,MARINEFISH_PART2_intersection,LC,37136.24,0.9367
scopelosaurus argenteus,MARINEFISH_PART2_intersection,LC,217909.95,0.9367
scophthalmus rhombus,MARINEFISH_PART2_intersection,LC,73468.41,0.9367
simenchelys parasitica,MARINEFISH_PART2_intersection,LC,110024.16,0.9367
spectrunculus crassus,MARINEFISH_PART2_intersection,LC,411268.64,0.9367
sphyraena sphyraena,MARINEFISH_PART2_intersection,LC,73473.11,0.9367
sphyrna zygaena,MARINEFISH_PART2_intersection,VU,93238.52,0.9367
squalus margaretsmithae,MARINEFISH_PART2_intersection,LC,2418.12,0.9367
sternoptyx pseudobscura,MARINEFISH_PART2_intersection,LC,411268.64,0.9367
symphodus melops,MARINEFISH_PART2_intersection,LC,73469.49,0.9367
syngnathus abaster,MARINEFISH_PART2_intersection,LC,12456.04,0.9367
syngnathus rostellatus,MARINEFISH_PART2_intersection,LC,68623.67,0.9367
syngnathus typhle,MARINEFISH_PART2_intersection,LC,73469.49,0.9367
trigonolampa miriceps,MARINEFISH_PART2_intersection,LC,411268.64,0.9367
umbrina canariensis,MARINEFISH_PART2_intersection,LC,93238.52,0.9367
zeugopterus punctatus,MARINEFISH_PART2_intersection,LC,73843.56,0.9367
aetomylaeus bovinus,MARINEFISH_PART3_intersection,CR,12932.27,0.9525
alopias superciliosus,MARINEFISH_PART3_intersection,VU,283548.39,0.9525
alosa fallax,MARINEFISH_PART3_intersection,LC,23970.34,0.9525
arctozenus risso,MARINEFISH_PART3_intersection,LC,411268.64,0.9525
argyropelecus olfersii,MARINEFISH_PART3_intersection,LC,411268.64,0.9525
aristostomias tittmanni,MARINEFISH_PART3_intersection,LC,411268.64,0.9525
astronesthes niger,MARINEFISH_PART3_intersection,LC,411268.64,0.9525
bathysaurus ferox,MARINEFISH_PART3_intersection,LC,106278.41,0.9525
bonapartia pedaliota,MARINEFISH_PART3_intersection,LC,204659.23,0.9525
borostomias antarcticus,MARINEFISH_PART3_intersection,LC,365196.62,0.9525
brotulotaenia crassa,MARINEFISH_PART3_intersection,LC,348712.75,0.9525
carcharhinus longimanus,MARINEFISH_PART3_intersection,CR,152969.1,0.9525
centrolabrus exoletus,MARINEFISH_PART3_intersection,LC,73469.49,0.9525
centroselachus crepidater,MARINEFISH_PART3_intersection,NT,25928.92,0.9525
chaunax suttkusi,MARINEFISH_PART3_intersection,LC,42858.21,0.9525
cyclothone acclinidens,MARINEFISH_PART3_intersection,LC,411268.64,0.9525
cyclothone microdon,MARINEFISH_PART3_intersection,LC,379174.25,0.9525
deania calceus,MARINEFISH_PART3_intersection,NT,42837.13,0.9525
dentex macrophthalmus,MARINEFISH_PART3_intersection,LC,22779.26,0.9525
diaphus holti,MARINEFISH_PART3_intersection,LC,406912.27,0.9525
diaphus metopoclampus,MARINEFISH_PART3_intersection,LC,392209.86,0.9525
dicologlossa cuneata,MARINEFISH_PART3_intersection,LC,73469.49,0.9525
diplodus puntazzo,MARINEFISH_PART3_intersection,LC,73467.17,0.9525
dolopichthys longicornis,MARINEFISH_PART3_intersection,LC,79562.37,0.9525
echelus myrus,MARINEFISH_PART3_intersection,LC,73469.49,0.9525
engraulis encrasicolus,MARINEFISH_PART3_intersection,LC,73469.83,0.9525
grammatostomias flagellibarba,MARINEFISH_PART3_intersection,LC,411268.64,0.9525
gymnothorax unicolor,MARINEFISH_PART3_intersection,LC,65534.89,0.9525
himantolophus mauli,MARINEFISH_PART3_intersection,LC,411268.64,0.9525
hydrolagus pallidus,MARINEFISH_PART3_intersection,LC,12372.55,0.9525
kajikia albida,MARINEFISH_PART3_intersection,LC,411268.64,0.9525
lampanyctus pusillus,MARINEFISH_PART3_intersection,LC,411268.64,0.9525
lestidiops jayakari,MARINEFISH_PART3_intersection,LC,411268.64,0.9525
leucoraja fullonica,MARINEFISH_PART3_intersection,VU,73468.36,0.9525
linophryne pennibarbata,MARINEFISH_PART3_intersection,LC,76994.96,0.9525
loweina interrupta,MARINEFISH_PART3_intersection,LC,230464.98,0.9525
macroparalepis affinis,MARINEFISH_PART3_intersection,LC,411268.64,0.9525
macroramphosus scolopax,MARINEFISH_PART3_intersection,LC,390431.95,0.9525
melanostomias spilorhynchus,MARINEFISH_PART3_intersection,LC,411268.64,0.9525
microlophichthys microlophus,MARINEFISH_PART3_intersection,LC,79372.06,0.9525
neonesthes capensis,MARINEFISH_PART3_intersection,LC,399303.54,0.9525
notoscopelus resplendens,MARINEFISH_PART3_intersection,LC,411268.64,0.9525
oneirodes eschrichtii,MARINEFISH_PART3_intersection,LC,369864.58,0.9525
oneirodes macrosteus,MARINEFISH_PART3_intersection,LC,365477.7,0.9525
ophidion barbatum,MARINEFISH_PART3_intersection,LC,73469.49,0.9525
pagellus bogaraveo,MARINEFISH_PART3_intersection,NT,73467.97,0.9525
parablennius gattorugine,MARINEFISH_PART3_intersection,LC,73469.49,0.9525
rajella bigelowi,MARINEFISH_PART3_intersection,LC,34650.7,0.9525
sarda sarda,MARINEFISH_PART3_intersection,LC,372800.19,0.9525
sarpa salpa,MARINEFISH_PART3_intersection,LC,73465.89,0.9525
scomber colias,MARINEFISH_PART3_intersection,LC,167300.03,0.9525
seriola dumerili,MARINEFISH_PART3_intersection,LC,93241.21,0.9525
seriola fasciata,MARINEFISH_PART3_intersection,LC,53799.62,0.9525
sparisoma cretense,MARINEFISH_PART3_intersection,LC,9929.98,0.9525
spectrunculus grandis,MARINEFISH_PART3_intersection,LC,106956.07,0.9525
sprattus sprattus,MARINEFISH_PART3_intersection,LC,73469.49,0.9525
symphodus roissali,MARINEFISH_PART3_intersection,LC,73469.49,0.9525
thalassoma pavo,MARINEFISH_PART3_intersection,LC,10.84,0.9525
thunnus obesus,MARINEFISH_PART3_intersection,VU,267291.34,0.9525
umbrina cirrosa,MARINEFISH_PART3_intersection,VU,73469.49,0.9525
zeugopterus regius,MARINEFISH_PART3_intersection,LC,73467.17,0.9525
alosa alosa,MARINEFISH_PART4_intersection,CR,61896.21,0.9718
anotopterus pharao,MARINEFISH_PART4_intersection,LC,411268.64,0.9718
argyropelecus hemigymnus,MARINEFISH_PART4_intersection,LC,411268.77,0.9718
astronesthes neopogon,MARINEFISH_PART4_intersection,LC,41417.4,0.9718
bassozetus levistomatus,MARINEFISH_PART4_intersection,LC,230054.97,0.9718
bassozetus nielseni,MARINEFISH_PART4_intersection,LC,411268.64,0.9718
bathypterois longipes,MARINEFISH_PART4_intersection,LC,335893.03,0.9718
bathytoshia lata,MARINEFISH_PART4_intersection,VU,32204.53,0.9718
beryx decadactylus,MARINEFISH_PART4_intersection,LC,100662.83,0.9718
beryx splendens,MARINEFISH_PART4_intersection,LC,92127.37,0.9718
boops boops,MARINEFISH_PART4_intersection,LC,73467.17,0.9718
borostomias elucens,MARINEFISH_PART4_intersection,LC,380138.86,0.9718
bufoceratias wedli,MARINEFISH_PART4_intersection,LC,199853.04,0.9718
capros aper,MARINEFISH_PART4_intersection,LC,100662.84,0.9718
chaenophryne draco,MARINEFISH_PART4_intersection,LC,387107.36,0.9718
cyclothone braueri,MARINEFISH_PART4_intersection,LC,411268.64,0.9718
cyclothone livida,MARINEFISH_PART4_intersection,LC,218373.74,0.9718
cyema atrum,MARINEFISH_PART4_intersection,LC,370694.28,0.9718
deania profundorum,MARINEFISH_PART4_intersection,NT,9163.01,0.9718
dentex dentex,MARINEFISH_PART4_intersection,VU,73469.49,0.9718
diceratias pileatus,MARINEFISH_PART4_intersection,LC,5725.43,0.9718
diogenichthys atlanticus,MARINEFISH_PART4_intersection,LC,263613.23,0.9718
diplodus sargus,MARINEFISH_PART4_intersection,LC,146938.98,0.9718
dipturus oxyrinchus,MARINEFISH_PART4_intersection,VU,7384.16,0.9718
echiostoma barbatum,MARINEFISH_PART4_intersection,LC,64128.92,0.9718
etmopterus pusillus,MARINEFISH_PART4_intersection,LC,9847.36,0.9718
eustomias monodactylus,MARINEFISH_PART4_intersection,LC,410919.26,0.9718
fistularia petimba,MARINEFISH_PART4_intersection,LC,73468.57,0.9718
grammatostomias dentatus,MARINEFISH_PART4_intersection,LC,23090.51,0.9718
haplophryne mollis,MARINEFISH_PART4_intersection,LC,411268.64,0.9718
hydrolagus affinis,MARINEFISH_PART4_intersection,LC,29869.73,0.9718
hydrolagus mirabilis,MARINEFISH_PART4_intersection,LC,12615.74,0.9718
hygophum benoiti,MARINEFISH_PART4_intersection,LC,405668.93,0.9718
idiacanthus fasciola,MARINEFISH_PART4_intersection,LC,35840.77,0.9718
isurus paucus,MARINEFISH_PART4_intersection,EN,122864.41,0.9718
katsuwonus pelamis,MARINEFISH_PART4_intersection,LC,312768.85,0.9718
labrus viridis,MARINEFISH_PART4_intersection,VU,8996.62,0.9718
lampadena chavesi,MARINEFISH_PART4_intersection,LC,115756.29,0.9718
lampanyctus festivus,MARINEFISH_PART4_intersection,LC,133740.46,0.9718
lampanyctus macdonaldi,MARINEFISH_PART4_intersection,LC,411268.64,0.9718
lestidiops sphyrenoides,MARINEFISH_PART4_intersection,LC,411268.64,0.9718
leucoraja naevus,MARINEFISH_PART4_intersection,LC,73469.48,0.9718
lipophrys pholis,MARINEFISH_PART4_intersection,LC,73469.49,0.9718
lobianchia dofleini,MARINEFISH_PART4_intersection,LC,411268.64,0.9718
magnisudis atlantica,MARINEFISH_PART4_intersection,LC,411268.64,0.9718
muraena helena,MARINEFISH_PART4_intersection,LC,73469.49,0.9718
myliobatis aquila,MARINEFISH_PART4_intersection,CR,29155.23,0.9718
myxine glutinosa,MARINEFISH_PART4_intersection,LC,100662.84,0.9718
notolychnus valdiviae,MARINEFISH_PART4_intersection,LC,411268.64,0.9718
oblada melanura,MARINEFISH_PART4_intersection,LC,73467.17,0.9718
ophisurus serpens,MARINEFISH_PART4_intersection,LC,102597.32,0.9718
pachystomias microdon,MARINEFISH_PART4_intersection,LC,361598.61,0.9718
parablennius pilicornis,MARINEFISH_PART4_intersection,LC,81746.6,0.9718
parablennius ruber,MARINEFISH_PART4_intersection,LC,63364.65,0.9718
parablennius sanguinolentus,MARINEFISH_PART4_intersection,LC,73469.49,0.9718
raja montagui,MARINEFISH_PART4_intersection,LC,29071.05,0.9718
remora remora,MARINEFISH_PART4_intersection,LC,368127.77,0.9718
rondeletia loricata,MARINEFISH_PART4_intersection,LC,384935.03,0.9718
scartella cristata,MARINEFISH_PART4_intersection,LC,81746.59,0.9718
scyliorhinus stellaris,MARINEFISH_PART4_intersection,VU,26609.55,0.9718
scymnodon ringens,MARINEFISH_PART4_intersection,VU,21441.48,0.9718
sigmops bathyphilus,MARINEFISH_PART4_intersection,LC,411268.64,0.9718
somniosus microcephalus,MARINEFISH_PART4_intersection,VU,31637.48,0.9718
spicara maena,MARINEFISH_PART4_intersection,LC,15515.55,0.9718
squalus acanthias,MARINEFISH_PART4_intersection,VU,32720.82,0.9718
squatina squatina,MARINEFISH_PART4_intersection,CR,73469.49,0.9718
sternoptyx diaphana,MARINEFISH_PART4_intersection,LC,389977.87,0.9718
symbolophorus veranyi,MARINEFISH_PART4_intersection,LC,411268.64,0.9718
symphodus cinereus,MARINEFISH_PART4_intersection,LC,73469.49,0.9718
symphurus nigrescens,MARINEFISH_PART4_intersection,LC,102004.81,0.9718
synaphobranchus kaupii,MARINEFISH_PART4_intersection,LC,411268.66,0.9718
taaningichthys bathyphilus,MARINEFISH_PART4_intersection,LC,364839.68,0.9718
thunnus alalunga,MARINEFISH_PART4_intersection,LC,408397.37,0.9718
thunnus thynnus,MARINEFISH_PART4_intersection,LC,411268.64,0.9718
torpedo marmorata,MARINEFISH_PART4_intersection,VU,25105.27,0.9718
trachinotus ovatus,MARINEFISH_PART4_intersection,LC,73469.49,0.9718
trachipterus trachypterus,MARINEFISH_PART4_intersection,LC,411268.64,0.9718
venefica proboscidea,MARINEFISH_PART4_intersection,LC,40098.53,0.9718
xyrichtys novacula,MARINEFISH_PART4_intersection,LC,17871.94,0.9718
acipenser sturio,MARINEFISH_PART5_intersection,CR,9772.88,0.9234
barathrites iris,MARINEFISH_PART5_intersection,LC,246597.91,0.9234
benthalbella infans,MARINEFISH_PART5_intersection,LC,79372.06,0.9234
callanthias ruber,MARINEFISH_PART5_intersection,LC,100662.84,0.9234
carcharhinus galapagensis,MARINEFISH_PART5_intersection,LC,19446.84,0.9234
carcharhinus obscurus,MARINEFISH_PART5_intersection,EN,19825.47,0.9234
centroscymnus coelolepis,MARINEFISH_PART5_intersection,NT,43265.64,0.9234
cetorhinus maximus,MARINEFISH_PART5_intersection,EN,411268.64,0.9234
chaunax pictus,MARINEFISH_PART5_intersection,LC,79372.16,0.9234
ctenolabrus rupestris,MARINEFISH_PART5_intersection,LC,73469.49,0.9234
cyclothone alba,MARINEFISH_PART5_intersection,LC,411268.64,0.9234
cyclothone pallida,MARINEFISH_PART5_intersection,LC,388955.57,0.9234
dalatias licha,MARINEFISH_PART5_intersection,VU,116560.66,0.9234
dicentrarchus labrax,MARINEFISH_PART5_intersection,NT,47059.86,0.9234
dicentrarchus punctatus,MARINEFISH_PART5_intersection,LC,73469.49,0.9234
electrona risso,MARINEFISH_PART5_intersection,LC,411268.64,0.9234
entelurus aequoreus,MARINEFISH_PART5_intersection,LC,73469.49,0.9234
etmopterus spinax,MARINEFISH_PART5_intersection,VU,20319.17,0.9234
eurypharynx pelecanoides,MARINEFISH_PART5_intersection,LC,361564.41,0.9234
facciolella oxyrhyncha,MARINEFISH_PART5_intersection,LC,39631.63,0.9234
galeus murinus,MARINEFISH_PART5_intersection,LC,10551.95,0.9234
hexanchus nakamurai,MARINEFISH_PART5_intersection,NT,33655.5,0.9234
hoplostethus mediterraneus,MARINEFISH_PART5_intersection,LC,72290.59,0.9234
ijimaia loppei,MARINEFISH_PART5_intersection,LC,8517.75,0.9234
lamna nasus,MARINEFISH_PART5_intersection,VU,411268.64,0.9234
lampadena atlantica,MARINEFISH_PART5_intersection,LC,411268.64,0.9234
lampanyctus gemmifer,MARINEFISH_PART5_intersection,LC,380136.39,0.9234
lampanyctus intricarius,MARINEFISH_PART5_intersection,LC,341206.69,0.9234
lepidorhombus boscii,MARINEFISH_PART5_intersection,LC,100662.82,0.9234
leptostomias gladiator,MARINEFISH_PART5_intersection,LC,411268.64,0.9234
lophodolos acanthognathus,MARINEFISH_PART5_intersection,LC,369667.47,0.9234
malacosteus niger,MARINEFISH_PART5_intersection,LC,310605.81,0.9234
melanostomias tentaculatus,MARINEFISH_PART5_intersection,LC,102006.56,0.9234
mitsukurina owstoni,MARINEFISH_PART5_intersection,LC,37973.44,0.9234
mobula mobular,MARINEFISH_PART5_intersection,EN,32753.17,0.9234
mola mola,MARINEFISH_PART5_intersection,VU,102006.52,0.9234
nannobrachium atrum,MARINEFISH_PART5_intersection,LC,411268.64,0.9234
naucrates ductor,MARINEFISH_PART5_intersection,LC,73468.72,0.9234
nemichthys scolopaceus,MARINEFISH_PART5_intersection,LC,411268.64,0.9234
nerophis ophidion,MARINEFISH_PART5_intersection,LC,73469.49,0.9234
notoscopelus bolini,MARINEFISH_PART5_intersection,LC,411268.64,0.9234
oxynotus centrina,MARINEFISH_PART5_intersection,EN,30115.07,0.9234
parablennius incognitus,MARINEFISH_PART5_intersection,LC,31238.71,0.9234
paralepis coregonoides,MARINEFISH_PART5_intersection,LC,411268.64,0.9234
phtheirichthys lineatus,MARINEFISH_PART5_intersection,LC,11.14,0.9234
platichthys flesus,MARINEFISH_PART5_intersection,LC,440.22,0.9234
protomyctophum arcticum,MARINEFISH_PART5_intersection,LC,411268.64,0.9234
raja brachyura,MARINEFISH_PART5_intersection,NT,33048.43,0.9234
raja clavata,MARINEFISH_PART5_intersection,NT,30252.37,0.9234
rhadinesthes decimus,MARINEFISH_PART5_intersection,LC,411268.64,0.9234
rostroraja alba,MARINEFISH_PART5_intersection,EN,28556.57,0.9234
salaria pavo,MARINEFISH_PART5_intersection,LC,73469.49,0.9234
serrivomer beanii,MARINEFISH_PART5_intersection,LC,411268.64,0.9234
sphyraena viridensis,MARINEFISH_PART5_intersection,LC,73469.49,0.9234
sphyrna lewini,MARINEFISH_PART5_intersection,CR,46807.69,0.9234
spiniphryne gladisfenae,MARINEFISH_PART5_intersection,LC,347330.37,0.9234
spondyliosoma cantharus,MARINEFISH_PART5_intersection,LC,73469.49,0.9234
symphodus bailloni,MARINEFISH_PART5_intersection,LC,73469.49,0.9234
symphodus tinca,MARINEFISH_PART5_intersection,LC,49297.64,0.9234
taeniurops grabatus,MARINEFISH_PART5_intersection,NT,26752.92,0.9234
tetronarce nobiliana,MARINEFISH_PART5_intersection,LC,33896.23,0.9234
trachurus mediterraneus,MARINEFISH_PART5_intersection,LC,259842.47,0.9234
valenciennellus tripunctulatus,MARINEFISH_PART5_intersection,LC,387246.45,0.9234
vinciguerria attenuata,MARINEFISH_PART5_intersection,LC,411268.64,0.9234
zu cristatus,MARINEFISH_PART5_intersection,LC,324237.74,0.9234
acanthochaenus luetkenii,MARINEFISH_PART6_intersection,LC,14220.29,0.9664
ahliesaurus berryi,MARINEFISH_PART6_intersection,LC,79937.47,0.9664
alepisaurus ferox,MARINEFISH_PART6_intersection,LC,411268.86,0.9664
anoplogaster cornuta,MARINEFISH_PART6_intersection,LC,411268.64,0.9664
argyropelecus affinis,MARINEFISH_PART6_intersection,LC,182028.14,0.9664
argyrosomus regius,MARINEFISH_PART6_intersection,LC,73467.17,0.9664
aristostomias lunifer,MARINEFISH_PART6_intersection,LC,173155.45,0.9664
arnoglossus laterna,MARINEFISH_PART6_intersection,LC,73467.9,0.9664
balistes capriscus,MARINEFISH_PART6_intersection,VU,73469.49,0.9664
barbourisia rufa,MARINEFISH_PART6_intersection,LC,45307.04,0.9664
bathypterois dubius,MARINEFISH_PART6_intersection,LC,259910.05,0.9664
bathysaurus mollis,MARINEFISH_PART6_intersection,LC,98389.34,0.9664
brotulotaenia brevicauda,MARINEFISH_PART6_intersection,LC,269761.07,0.9664
buglossidium luteum,MARINEFISH_PART6_intersection,LC,73469.49,0.9664
campogramma glaycos,MARINEFISH_PART6_intersection,LC,73465.97,0.9664
canthidermis maculata,MARINEFISH_PART6_intersection,LC,73469.49,0.9664
carcharhinus falciformis,MARINEFISH_PART6_intersection,VU,170386.74,0.9664
centrophorus granulosus,MARINEFISH_PART6_intersection,EN,39398.87,0.9664
chaenophryne longiceps,MARINEFISH_PART6_intersection,LC,327159.24,0.9664
chlamydoselachus anguineus,MARINEFISH_PART6_intersection,LC,38530.18,0.9664
conger conger,MARINEFISH_PART6_intersection,LC,73469.49,0.9664
coris julis,MARINEFISH_PART6_intersection,LC,62485.02,0.9664
cryptopsaras couesii,MARINEFISH_PART6_intersection,LC,399839.23,0.9664
cyclothone pseudoacclinidens,MARINEFISH_PART6_intersection,LC,408287.74,0.9664
cyclothone pseudopallida,MARINEFISH_PART6_intersection,LC,394050.74,0.9664
danaphryne nigrifilis,MARINEFISH_PART6_intersection,LC,94506.11,0.9664
dentex maroccanus,MARINEFISH_PART6_intersection,LC,73485.86,0.9664
diodon eydouxii,MARINEFISH_PART6_intersection,LC,42370.8,0.9664
diodon hystrix,MARINEFISH_PART6_intersection,LC,73469.49,0.9664
diplodus cervinus,MARINEFISH_PART6_intersection,LC,73467.17,0.9664
diretmichthys parini,MARINEFISH_PART6_intersection,LC,411268.64,0.9664
echinorhinus brucus,MARINEFISH_PART6_intersection,EN,34677.28,0.9664
eustomias achirus,MARINEFISH_PART6_intersection,LC,56315.49,0.9664
eustomias filifer,MARINEFISH_PART6_intersection,LC,1024.12,0.9664
galeus atlanticus,MARINEFISH_PART6_intersection,NT,1423.4,0.9664
gonichthys cocco,MARINEFISH_PART6_intersection,LC,197502.51,0.9664
heptranchias perlo,MARINEFISH_PART6_intersection,NT,37028.47,0.9664
himantolophus groenlandicus,MARINEFISH_PART6_intersection,LC,411268.64,0.9664
labrus merula,MARINEFISH_PART6_intersection,LC,8996.62,0.9664
labrus mixtus,MARINEFISH_PART6_intersection,LC,73469.49,0.9664
lampris guttatus,MARINEFISH_PART6_intersection,LC,411268.64,0.9664
lepidorhombus whiffiagonis,MARINEFISH_PART6_intersection,LC,100662.82,0.9664
leucoraja circularis,MARINEFISH_PART6_intersection,EN,73469.22,0.9664
lophius piscatorius,MARINEFISH_PART6_intersection,LC,73469.49,0.9664
maurolicus amethystinopunctatus,MARINEFISH_PART6_intersection,LC,288826.31,0.9664
melamphaes microps,MARINEFISH_PART6_intersection,LC,6950.47,0.9664
melanostomias bartonbeani,MARINEFISH_PART6_intersection,LC,411268.64,0.9664
microchirus variegatus,MARINEFISH_PART6_intersection,LC,73469.48,0.9664
mobula tarapacana,MARINEFISH_PART6_intersection,EN,40125.67,0.9664
morone saxatilis,MARINEFISH_PART6_intersection,LC,440.22,0.9664
mustelus asterias,MARINEFISH_PART6_intersection,NT,19597.41,0.9664
mycteroperca marginata,MARINEFISH_PART6_intersection,VU,73467.18,0.9664
myctophum punctatum,MARINEFISH_PART6_intersection,LC,411268.64,0.9664
neoscopelus microchir,MARINEFISH_PART6_intersection,LC,207144.42,0.9664
nettastoma melanurum,MARINEFISH_PART6_intersection,LC,1462.43,0.9664
odontaspis ferox,MARINEFISH_PART6_intersection,EN,35217.35,0.9664
pagellus acarne,MARINEFISH_PART6_intersection,LC,73469.49,0.9664
pagellus erythrinus,MARINEFISH_PART6_intersection,LC,73467.97,0.9664
pagrus pagrus,MARINEFISH_PART6_intersection,LC,73469.49,0.9664
parabrotula plagiophthalma,MARINEFISH_PART6_intersection,LC,411268.64,0.9664
photonectes margarita,MARINEFISH_PART6_intersection,LC,79370.84,0.9664
pisodonophis semicinctus,MARINEFISH_PART6_intersection,LC,73469.49,0.9664
pseudotriakis microdon,MARINEFISH_PART6_intersection,LC,121053.4,0.9664
raja undulata,MARINEFISH_PART6_intersection,NT,16953.66,0.9664
rajella kukujevi,MARINEFISH_PART6_intersection,LC,16711.95,0.9664
regalecus glesne,MARINEFISH_PART6_intersection,LC,411267.11,0.9664
rhinobatos rhinobatos,MARINEFISH_PART6_intersection,CR,17219.18,0.9664
saccopharynx ampullaceus,MARINEFISH_PART6_intersection,LC,411268.64,0.9664
sardina pilchardus,MARINEFISH_PART6_intersection,LC,73469.83,0.9664
sciadonus pedicellaris,MARINEFISH_PART6_intersection,LC,125827.88,0.9664
scomber scombrus,MARINEFISH_PART6_intersection,LC,411267.09,0.9664
scopelarchus analis,MARINEFISH_PART6_intersection,LC,411268.64,0.9664
scopelogadus mizolepis,MARINEFISH_PART6_intersection,LC,45488.73,0.9664
sparus aurata,MARINEFISH_PART6_intersection,LC,73467.17,0.9664
sphyrna mokarran,MARINEFISH_PART6_intersection,CR,23980.7,0.9664
stomias boa,MARINEFISH_PART6_intersection,LC,384390.85,0.9664
stomias brevibarbatus,MARINEFISH_PART6_intersection,LC,245803.34,0.9664
symphodus mediterraneus,MARINEFISH_PART6_intersection,LC,73469.49,0.9664
syngnathus acus,MARINEFISH_PART6_intersection,LC,73465.97,0.9664
trachurus picturatus,MARINEFISH_PART6_intersection,LC,79372.06,0.9664
tripterygion delaisi,MARINEFISH_PART6_intersection,LC,73469.49,0.9664
vinciguerria nimbaria,MARINEFISH_PART6_intersection,LC,182187.59,0.9664
vinciguerria poweriae,MARINEFISH_PART6_intersection,LC,33006.69,0.9664
zameus squamulosus,MARINEFISH_PART6_intersection,LC,42091.73,0.9664
aluterus monoceros,PUFFERFISHES_AND_RELATIVES_intersection2,LC,1435.04,0.9392
aluterus scriptus,PUFFERFISHES_AND_RELATIVES_intersection2,LC,73469.49,0.9392
balistes capriscus,PUFFERFISHES_AND_RELATIVES_intersection2,VU,73469.49,0.9392
canthidermis maculata,PUFFERFISHES_AND_RELATIVES_intersection2,LC,73469.49,0.9392
diodon eydouxii,PUFFERFISHES_AND_RELATIVES_intersection2,LC,42370.8,0.9392
diodon hystrix,PUFFERFISHES_AND_RELATIVES_intersection2,LC,73469.49,0.9392
lagocephalus lagocephalus,PUFFERFISHES_AND_RELATIVES_intersection2,LC,318823.35,0.9392
masturus lanceolatus,PUFFERFISHES_AND_RELATIVES_intersection2,LC,295696.51,0.9392
mola mola,PUFFERFISHES_AND_RELATIVES_intersection2,VU,102006.52,0.9392
ranzania laevis,PUFFERFISHES_AND_RELATIVES_intersection2,LC,411268.64,0.9392
sphoeroides pachygaster,PUFFERFISHES_AND_RELATIVES_intersection2,LC,73469.49,0.9392
caretta caretta,REPTILES_PART1_intersection2,VU,410737.53,0.1999
chelonia mydas,REPTILES_PART1_intersection2,EN,410737.53,0.1999
dermochelys coriacea,REPTILES_PART1_intersection2,VU,410737.53,0.1999
eretmochelys imbricata,REPTILES_PART1_intersection2,CR,411268.64,0.1999
lepidochelys kempii,REPTILES_PART1_intersection2,CR,411112.13,0.1999
zostera marina,SEAGRASSES_intersection2,LC,93238.52,1
zostera noltii,SEAGRASSES_intersection2,LC,73466.73,1
aetomylaeus bovinus,SHARKS_RAYS_CHIMAERAS_intersection,CR,12932.27,0.484
alopias superciliosus,SHARKS_RAYS_CHIMAERAS_intersection,VU,283548.39,0.484
alopias vulpinus,SHARKS_RAYS_CHIMAERAS_intersection,VU,57866.1,0.484
bathytoshia lata,SHARKS_RAYS_CHIMAERAS_intersection,VU,32204.53,0.484
carcharhinus falciformis,SHARKS_RAYS_CHIMAERAS_intersection,VU,170386.74,0.484
carcharhinus galapagensis,SHARKS_RAYS_CHIMAERAS_intersection,LC,19446.84,0.484
carcharhinus longimanus,SHARKS_RAYS_CHIMAERAS_intersection,CR,152969.1,0.484
carcharhinus obscurus,SHARKS_RAYS_CHIMAERAS_intersection,EN,19825.47,0.484
carcharhinus plumbeus,SHARKS_RAYS_CHIMAERAS_intersection,EN,22320.93,0.484
carcharodon carcharias,SHARKS_RAYS_CHIMAERAS_intersection,VU,411268.64,0.484
centrophorus granulosus,SHARKS_RAYS_CHIMAERAS_intersection,EN,39398.87,0.484
centrophorus squamosus,SHARKS_RAYS_CHIMAERAS_intersection,EN,83810.74,0.484
centroscyllium fabricii,SHARKS_RAYS_CHIMAERAS_intersection,LC,50926.36,0.484
centroscymnus coelolepis,SHARKS_RAYS_CHIMAERAS_intersection,NT,43265.64,0.484
centroselachus crepidater,SHARKS_RAYS_CHIMAERAS_intersection,NT,25928.92,0.484
cetorhinus maximus,SHARKS_RAYS_CHIMAERAS_intersection,EN,411268.64,0.484
chimaera monstrosa,SHARKS_RAYS_CHIMAERAS_intersection,VU,15149.7,0.484
chimaera opalescens,SHARKS_RAYS_CHIMAERAS_intersection,LC,5.93,0.484
chlamydoselachus anguineus,SHARKS_RAYS_CHIMAERAS_intersection,LC,38530.18,0.484
dalatias licha,SHARKS_RAYS_CHIMAERAS_intersection,VU,116560.66,0.484
dasyatis pastinaca,SHARKS_RAYS_CHIMAERAS_intersection,VU,19658.55,0.484
deania calceus,SHARKS_RAYS_CHIMAERAS_intersection,NT,42837.13,0.484
deania profundorum,SHARKS_RAYS_CHIMAERAS_intersection,NT,9163.01,0.484
dipturus nidarosiensis,SHARKS_RAYS_CHIMAERAS_intersection,EN,7949.12,0.484
dipturus oxyrinchus,SHARKS_RAYS_CHIMAERAS_intersection,VU,7384.16,0.484
echinorhinus brucus,SHARKS_RAYS_CHIMAERAS_intersection,EN,34677.28,0.484
etmopterus princeps,SHARKS_RAYS_CHIMAERAS_intersection,LC,40459.85,0.484
etmopterus pusillus,SHARKS_RAYS_CHIMAERAS_intersection,LC,9847.36,0.484
etmopterus spinax,SHARKS_RAYS_CHIMAERAS_intersection,VU,20319.17,0.484
galeorhinus galeus,SHARKS_RAYS_CHIMAERAS_intersection,CR,31650.64,0.484
galeus atlanticus,SHARKS_RAYS_CHIMAERAS_intersection,NT,1423.4,0.484
galeus melastomus,SHARKS_RAYS_CHIMAERAS_intersection,LC,55347.07,0.484
galeus murinus,SHARKS_RAYS_CHIMAERAS_intersection,LC,10551.95,0.484
gymnura altavela,SHARKS_RAYS_CHIMAERAS_intersection,EN,5644.25,0.484
heptranchias perlo,SHARKS_RAYS_CHIMAERAS_intersection,NT,37028.47,0.484
hexanchus griseus,SHARKS_RAYS_CHIMAERAS_intersection,NT,36731.16,0.484
hexanchus nakamurai,SHARKS_RAYS_CHIMAERAS_intersection,NT,33655.5,0.484
hydrolagus affinis,SHARKS_RAYS_CHIMAERAS_intersection,LC,29869.73,0.484
hydrolagus mirabilis,SHARKS_RAYS_CHIMAERAS_intersection,LC,12615.74,0.484
hydrolagus pallidus,SHARKS_RAYS_CHIMAERAS_intersection,LC,12372.55,0.484
isurus oxyrinchus,SHARKS_RAYS_CHIMAERAS_intersection,EN,411268.64,0.484
isurus paucus,SHARKS_RAYS_CHIMAERAS_intersection,EN,122864.41,0.484
lamna nasus,SHARKS_RAYS_CHIMAERAS_intersection,VU,411268.64,0.484
leucoraja circularis,SHARKS_RAYS_CHIMAERAS_intersection,EN,73469.22,0.484
leucoraja fullonica,SHARKS_RAYS_CHIMAERAS_intersection,VU,73468.36,0.484
leucoraja naevus,SHARKS_RAYS_CHIMAERAS_intersection,LC,73469.48,0.484
mitsukurina owstoni,SHARKS_RAYS_CHIMAERAS_intersection,LC,37973.44,0.484
mobula mobular,SHARKS_RAYS_CHIMAERAS_intersection,EN,32753.17,0.484
mobula tarapacana,SHARKS_RAYS_CHIMAERAS_intersection,EN,40125.67,0.484
mustelus asterias,SHARKS_RAYS_CHIMAERAS_intersection,NT,19597.41,0.484
myliobatis aquila,SHARKS_RAYS_CHIMAERAS_intersection,CR,29155.23,0.484
neoraja iberica,SHARKS_RAYS_CHIMAERAS_intersection,LC,109902.76,0.484
odontaspis ferox,SHARKS_RAYS_CHIMAERAS_intersection,EN,35217.35,0.484
oxynotus centrina,SHARKS_RAYS_CHIMAERAS_intersection,EN,30115.07,0.484
oxynotus paradoxus,SHARKS_RAYS_CHIMAERAS_intersection,VU,13865.12,0.484
prionace glauca,SHARKS_RAYS_CHIMAERAS_intersection,NT,411268.64,0.484
pseudotriakis microdon,SHARKS_RAYS_CHIMAERAS_intersection,LC,121053.4,0.484
raja brachyura,SHARKS_RAYS_CHIMAERAS_intersection,NT,33048.43,0.484
raja clavata,SHARKS_RAYS_CHIMAERAS_intersection,NT,30252.37,0.484
raja microocellata,SHARKS_RAYS_CHIMAERAS_intersection,NT,47526.45,0.484
raja miraletus,SHARKS_RAYS_CHIMAERAS_intersection,LC,0.61,0.484
raja montagui,SHARKS_RAYS_CHIMAERAS_intersection,LC,29071.05,0.484
raja undulata,SHARKS_RAYS_CHIMAERAS_intersection,NT,16953.66,0.484
rajella bigelowi,SHARKS_RAYS_CHIMAERAS_intersection,LC,34650.7,0.484
rajella kukujevi,SHARKS_RAYS_CHIMAERAS_intersection,LC,16711.95,0.484
rhinobatos rhinobatos,SHARKS_RAYS_CHIMAERAS_intersection,CR,17219.18,0.484
rhinochimaera atlantica,SHARKS_RAYS_CHIMAERAS_intersection,LC,12094.98,0.484
rostroraja alba,SHARKS_RAYS_CHIMAERAS_intersection,EN,28556.57,0.484
scyliorhinus canicula,SHARKS_RAYS_CHIMAERAS_intersection,LC,33215.37,0.484
scyliorhinus stellaris,SHARKS_RAYS_CHIMAERAS_intersection,VU,26609.55,0.484
scymnodon ringens,SHARKS_RAYS_CHIMAERAS_intersection,VU,21441.48,0.484
somniosus microcephalus,SHARKS_RAYS_CHIMAERAS_intersection,VU,31637.48,0.484
somniosus rostratus,SHARKS_RAYS_CHIMAERAS_intersection,LC,27310.6,0.484
sphyrna lewini,SHARKS_RAYS_CHIMAERAS_intersection,CR,46807.69,0.484
sphyrna mokarran,SHARKS_RAYS_CHIMAERAS_intersection,CR,23980.7,0.484
sphyrna zygaena,SHARKS_RAYS_CHIMAERAS_intersection,VU,93238.52,0.484
squalus acanthias,SHARKS_RAYS_CHIMAERAS_intersection,VU,32720.82,0.484
squalus margaretsmithae,SHARKS_RAYS_CHIMAERAS_intersection,LC,2418.12,0.484
squatina squatina,SHARKS_RAYS_CHIMAERAS_intersection,CR,73469.49,0.484
taeniurops grabatus,SHARKS_RAYS_CHIMAERAS_intersection,NT,26752.92,0.484
tetronarce nobiliana,SHARKS_RAYS_CHIMAERAS_intersection,LC,33896.23,0.484
torpedo marmorata,SHARKS_RAYS_CHIMAERAS_intersection,VU,25105.27,0.484
torpedo torpedo,SHARKS_RAYS_CHIMAERAS_intersection,VU,25118.22,0.484
zameus squamulosus,SHARKS_RAYS_CHIMAERAS_intersection,LC,42091.73,0.484
acipenser sturio,STURGEONS_PADDLEFISHES_intersection2,CR,9772.88,0
entelurus aequoreus,SYNGNATHIFORM_FISHES_intersection2,LC,73469.49,1
fistularia petimba,SYNGNATHIFORM_FISHES_intersection2,LC,73468.57,1
macroramphosus scolopax,SYNGNATHIFORM_FISHES_intersection2,LC,390431.95,1
nerophis lumbriciformis,SYNGNATHIFORM_FISHES_intersection2,LC,73469.49,1
nerophis ophidion,SYNGNATHIFORM_FISHES_intersection2,LC,73469.49,1
syngnathus abaster,SYNGNATHIFORM_FISHES_intersection2,LC,12456.04,1
syngnathus acus,SYNGNATHIFORM_FISHES_intersection2,LC,73465.97,1
syngnathus rostellatus,SYNGNATHIFORM_FISHES_intersection2,LC,68623.67,1
syngnathus typhle,SYNGNATHIFORM_FISHES_intersection2,LC,73469.49,1
auxis rochei,TUNAS_BILLFISHES_SWORDFISH_intersection2,LC,171487.62,0.8827
auxis thazard,TUNAS_BILLFISHES_SWORDFISH_intersection2,LC,171487.62,0.8827
euthynnus alletteratus,TUNAS_BILLFISHES_SWORDFISH_intersection2,LC,374859.31,0.8827
istiophorus platypterus,TUNAS_BILLFISHES_SWORDFISH_intersection2,VU,411268.64,0.8827
kajikia albida,TUNAS_BILLFISHES_SWORDFISH_intersection2,LC,411268.64,0.8827
katsuwonus pelamis,TUNAS_BILLFISHES_SWORDFISH_intersection2,LC,312768.85,0.8827
makaira nigricans,TUNAS_BILLFISHES_SWORDFISH_intersection2,VU,108602.78,0.8827
sarda sarda,TUNAS_BILLFISHES_SWORDFISH_intersection2,LC,372800.19,0.8827
scomber colias,TUNAS_BILLFISHES_SWORDFISH_intersection2,LC,167300.03,0.8827
scomber scombrus,TUNAS_BILLFISHES_SWORDFISH_intersection2,LC,411267.09,0.8827
tetrapturus pfluegeri,TUNAS_BILLFISHES_SWORDFISH_intersection2,LC,102584.84,0.8827
thunnus alalunga,TUNAS_BILLFISHES_SWORDFISH_intersection2,LC,408397.37,0.8827
thunnus obesus,TUNAS_BILLFISHES_SWORDFISH_intersection2,VU,267291.34,0.8827
thunnus thynnus,TUNAS_BILLFISHES_SWORDFISH_intersection2,LC,411268.64,0.8827
xiphias gladius,TUNAS_BILLFISHES_SWORDFISH_intersection2,NT,411268.86,0.8827
acantholabrus palloni,WRASSES_PARROTFISHES_intersection2,LC,73469.49,0.9946
centrolabrus exoletus,WRASSES_PARROTFISHES_intersection2,LC,73469.49,0.9946
coris julis,WRASSES_PARROTFISHES_intersection2,LC,62485.02,0.9946
ctenolabrus rupestris,WRASSES_PARROTFISHES_intersection2,LC,73469.49,0.9946
labrus bergylta,WRASSES_PARROTFISHES_intersection2,LC,73469.49,0.9946
labrus merula,WRASSES_PARROTFISHES_intersection2,LC,8996.62,0.9946
labrus mixtus,WRASSES_PARROTFISHES_intersection2,LC,73469.49,0.9946
labrus viridis,WRASSES_PARROTFISHES_intersection2,VU,8996.62,0.9946
sparisoma cretense,WRASSES_PARROTFISHES_intersection2,LC,9929.98,0.9946
symphodus bailloni,WRASSES_PARROTFISHES_intersection2,LC,73469.49,0.9946
symphodus cinereus,WRASSES_PARROTFISHES_intersection2,LC,73469.49,0.9946
symphodus mediterraneus,WRASSES_PARROTFISHES_intersection2,LC,73469.49,0.9946
symphodus melops,WRASSES_PARROTFISHES_intersection2,LC,73469.49,0.9946
symphodus roissali,WRASSES_PARROTFISHES_intersection2,LC,73469.49,0.9946
symphodus tinca,WRASSES_PARROTFISHES_intersection2,LC,49297.64,0.9946
thalassoma pavo,WRASSES_PARROTFISHES_intersection2,LC,10.84,0.9946
xyrichtys novacula,WRASSES_PARROTFISHES_intersection2,LC,17871.94,0.9946