sci_name,source_file,iucn_category,area_km2,biodiversity_score
Haliotis tuberculata,ABALONES_intersection2,VU,73469.49,0.4667
accipiter gentilis,BIRDS_intersection_IUCN,LC,174.27,0.764
accipiter nisus,BIRDS_intersection_IUCN,LC,228.2,0.764
acrocephalus arundinaceus,BIRDS_intersection_IUCN,LC,21.17,0.764
acrocephalus paludicola,BIRDS_intersection_IUCN,VU,244.58,0.764
acrocephalus scirpaceus,BIRDS_intersection_IUCN,LC,64.39,0.764
actitis hypoleucos,BIRDS_intersection_IUCN,LC,244.66,0.764
aegithalos caudatus,BIRDS_intersection_IUCN,LC,228.58,0.764
alauda arvensis,BIRDS_intersection_IUCN,LC,244.6,0.764
alca torda,BIRDS_intersection_IUCN,LC,802485.64,0.764
alcedo atthis,BIRDS_intersection_IUCN,LC,717.79,0.764
anas acuta,BIRDS_intersection_IUCN,LC,114.82,0.764
anas crecca,BIRDS_intersection_IUCN,LC,244.58,0.764
anas platyrhynchos,BIRDS_intersection_IUCN,LC,236.63,0.764
anthus petrosus,BIRDS_intersection_IUCN,LC,240.69,0.764
anthus pratensis,BIRDS_intersection_IUCN,LC,244.61,0.764
anthus spinoletta,BIRDS_intersection_IUCN,LC,244.59,0.764
anthus trivialis,BIRDS_intersection_IUCN,LC,122.31,0.764
apus apus,BIRDS_intersection_IUCN,LC,244.56,0.764
ardea cinerea,BIRDS_intersection_IUCN,LC,244.43,0.764
ardenna gravis,BIRDS_intersection_IUCN,LC,77055.91,0.764
ardenna grisea,BIRDS_intersection_IUCN,NT,411283.9,0.764
arenaria interpres,BIRDS_intersection_IUCN,NT,411512.02,0.764
asio flammeus,BIRDS_intersection_IUCN,LC,77.29,0.764
asio otus,BIRDS_intersection_IUCN,LC,15.11,0.764
athene noctua,BIRDS_intersection_IUCN,LC,244.65,0.764
aythya ferina,BIRDS_intersection_IUCN,VU,238.42,0.764
aythya fuligula,BIRDS_intersection_IUCN,LC,126.04,0.764
aythya marila,BIRDS_intersection_IUCN,LC,36958.4,0.764
branta bernicla,BIRDS_intersection_IUCN,LC,243.01,0.764
bulweria bulwerii,BIRDS_intersection_IUCN,LC,115434.41,0.764
burhinus oedicnemus,BIRDS_intersection_IUCN,LC,89.8,0.764
buteo buteo,BIRDS_intersection_IUCN,LC,242.26,0.764
calandrella brachydactyla,BIRDS_intersection_IUCN,LC,0.02,0.764
calidris alba,BIRDS_intersection_IUCN,LC,411512.02,0.764
calidris alpina,BIRDS_intersection_IUCN,NT,411274.14,0.764
calidris canutus,BIRDS_intersection_IUCN,NT,411211.78,0.764
calidris falcinellus,BIRDS_intersection_IUCN,VU,354939.22,0.764
calidris ferruginea,BIRDS_intersection_IUCN,VU,411512.02,0.764
calidris maritima,BIRDS_intersection_IUCN,LC,7.84,0.764
calidris minuta,BIRDS_intersection_IUCN,LC,94.37,0.764
calonectris borealis,BIRDS_intersection_IUCN,LC,411268.44,0.764
calonectris diomedea,BIRDS_intersection_IUCN,LC,411266.43,0.764
caprimulgus europaeus,BIRDS_intersection_IUCN,LC,62.34,0.764
carduelis carduelis,BIRDS_intersection_IUCN,LC,244.62,0.764
catharacta skua,BIRDS_intersection_IUCN,LC,411266.45,0.764
certhia brachydactyla,BIRDS_intersection_IUCN,LC,244.55,0.764
charadrius alexandrinus,BIRDS_intersection_IUCN,LC,234.62,0.764
charadrius dubius,BIRDS_intersection_IUCN,LC,115.33,0.764
charadrius hiaticula,BIRDS_intersection_IUCN,LC,244.64,0.764
chlidonias niger,BIRDS_intersection_IUCN,LC,94230.96,0.764
chloris chloris,BIRDS_intersection_IUCN,LC,244.57,0.764
cinclus cinclus,BIRDS_intersection_IUCN,LC,53.6,0.764
circaetus gallicus,BIRDS_intersection_IUCN,LC,244.46,0.764
circus aeruginosus,BIRDS_intersection_IUCN,LC,132.1,0.764
circus cyaneus,BIRDS_intersection_IUCN,LC,227.02,0.764
circus pygargus,BIRDS_intersection_IUCN,LC,244.45,0.764
cisticola juncidis,BIRDS_intersection_IUCN,LC,200.29,0.764
clamator glandarius,BIRDS_intersection_IUCN,LC,32.06,0.764
coccothraustes coccothraustes,BIRDS_intersection_IUCN,LC,64.39,0.764
columba palumbus,BIRDS_intersection_IUCN,LC,244.61,0.764
corvus corax,BIRDS_intersection_IUCN,LC,244.59,0.764
corvus corone,BIRDS_intersection_IUCN,LC,244.54,0.764
corvus monedula,BIRDS_intersection_IUCN,LC,93.82,0.764
coturnix coturnix,BIRDS_intersection_IUCN,LC,179.12,0.764
cuculus canorus,BIRDS_intersection_IUCN,LC,242.43,0.764
curruca communis,BIRDS_intersection_IUCN,LC,158.73,0.764
curruca melanocephala,BIRDS_intersection_IUCN,LC,82.79,0.764
curruca undata,BIRDS_intersection_IUCN,NT,228.22,0.764
cyanistes caeruleus,BIRDS_intersection_IUCN,LC,244.63,0.764
delichon urbicum,BIRDS_intersection_IUCN,LC,244.55,0.764
dendrocopos major,BIRDS_intersection_IUCN,LC,244.59,0.764
emberiza calandra,BIRDS_intersection_IUCN,LC,31.86,0.764
emberiza cia,BIRDS_intersection_IUCN,LC,64.39,0.764
emberiza cirlus,BIRDS_intersection_IUCN,LC,234.65,0.764
emberiza citrinella,BIRDS_intersection_IUCN,LC,244.25,0.764
emberiza schoeniclus,BIRDS_intersection_IUCN,LC,64.39,0.764
erithacus rubecula,BIRDS_intersection_IUCN,LC,283.16,0.764
falco peregrinus,BIRDS_intersection_IUCN,LC,244.46,0.764
falco subbuteo,BIRDS_intersection_IUCN,LC,244.46,0.764
falco tinnunculus,BIRDS_intersection_IUCN,LC,244.46,0.764
ficedula parva,BIRDS_intersection_IUCN,LC,244.58,0.764
fratercula arctica,BIRDS_intersection_IUCN,VU,411268.61,0.764
fringilla coelebs,BIRDS_intersection_IUCN,LC,244.52,0.764
fringilla montifringilla,BIRDS_intersection_IUCN,LC,244.64,0.764
fulica atra,BIRDS_intersection_IUCN,LC,227.72,0.764
galerida cristata,BIRDS_intersection_IUCN,LC,26.83,0.764
gallinago gallinago,BIRDS_intersection_IUCN,LC,243.41,0.764
gallinula chloropus,BIRDS_intersection_IUCN,LC,242.5,0.764
garrulus glandarius,BIRDS_intersection_IUCN,LC,244.57,0.764
gavia arctica,BIRDS_intersection_IUCN,LC,9646.79,0.764
gavia immer,BIRDS_intersection_IUCN,LC,54061.2,0.764
gavia stellata,BIRDS_intersection_IUCN,LC,57835.26,0.764
gulosus aristotelis,BIRDS_intersection_IUCN,LC,27053.06,0.764
haematopus ostralegus,BIRDS_intersection_IUCN,NT,266.89,0.764
himantopus himantopus,BIRDS_intersection_IUCN,LC,227.02,0.764
hippolais polyglotta,BIRDS_intersection_IUCN,LC,234.62,0.764
hirundo rustica,BIRDS_intersection_IUCN,LC,244.62,0.764
hydrobates castro,BIRDS_intersection_IUCN,LC,369524.26,0.764
hydrobates jabejabe,BIRDS_intersection_IUCN,LC,369524.26,0.764
hydrobates leucorhous,BIRDS_intersection_IUCN,VU,411267.4,0.764
hydrobates pelagicus,BIRDS_intersection_IUCN,LC,411268.64,0.764
hydrocoloeus minutus,BIRDS_intersection_IUCN,LC,83517.4,0.764
jynx torquilla,BIRDS_intersection_IUCN,LC,34.19,0.764
lanius collurio,BIRDS_intersection_IUCN,LC,58.87,0.764
lanius meridionalis,BIRDS_intersection_IUCN,VU,25.8,0.764
lanius senator,BIRDS_intersection_IUCN,NT,19.39,0.764
larus argentatus,BIRDS_intersection_IUCN,LC,63217.33,0.764
larus canus,BIRDS_intersection_IUCN,LC,328776.87,0.764
larus fuscus,BIRDS_intersection_IUCN,LC,323823.29,0.764
larus marinus,BIRDS_intersection_IUCN,LC,407229,0.764
larus melanocephalus,BIRDS_intersection_IUCN,LC,14860.74,0.764
larus michahellis,BIRDS_intersection_IUCN,LC,47869.8,0.764
larus ridibundus,BIRDS_intersection_IUCN,LC,411512.02,0.764
limosa lapponica,BIRDS_intersection_IUCN,NT,411512.02,0.764
limosa limosa,BIRDS_intersection_IUCN,NT,64.39,0.764
linaria cannabina,BIRDS_intersection_IUCN,LC,244.57,0.764
lophophanes cristatus,BIRDS_intersection_IUCN,LC,177.87,0.764
loxia curvirostra,BIRDS_intersection_IUCN,LC,64.39,0.764
lullula arborea,BIRDS_intersection_IUCN,LC,94.77,0.764
luscinia megarhynchos,BIRDS_intersection_IUCN,LC,5.45,0.764
lymnocryptes minimus,BIRDS_intersection_IUCN,LC,158.51,0.764
mareca penelope,BIRDS_intersection_IUCN,LC,189.69,0.764
mareca strepera,BIRDS_intersection_IUCN,LC,40.51,0.764
melanitta fusca,BIRDS_intersection_IUCN,VU,7747.91,0.764
melanitta nigra,BIRDS_intersection_IUCN,LC,29266.11,0.764
milvus migrans,BIRDS_intersection_IUCN,LC,244.45,0.764
morus bassanus,BIRDS_intersection_IUCN,LC,411269.27,0.764
motacilla alba,BIRDS_intersection_IUCN,LC,244.56,0.764
motacilla cinerea,BIRDS_intersection_IUCN,LC,3013.35,0.764
motacilla flava,BIRDS_intersection_IUCN,LC,221.04,0.764
muscicapa striata,BIRDS_intersection_IUCN,LC,83.13,0.764
numenius arquata,BIRDS_intersection_IUCN,NT,244.58,0.764
numenius phaeopus,BIRDS_intersection_IUCN,LC,224.67,0.764
oceanites oceanicus,BIRDS_intersection_IUCN,LC,411283.9,0.764
oenanthe oenanthe,BIRDS_intersection_IUCN,LC,116.19,0.764
oriolus oriolus,BIRDS_intersection_IUCN,LC,173.34,0.764
otus scops,BIRDS_intersection_IUCN,LC,120.49,0.764
pandion haliaetus,BIRDS_intersection_IUCN,LC,0.37,0.764
parus major,BIRDS_intersection_IUCN,LC,244.61,0.764
passer domesticus,BIRDS_intersection_IUCN,LC,435.95,0.764
passer montanus,BIRDS_intersection_IUCN,LC,276.05,0.764
periparus ater,BIRDS_intersection_IUCN,LC,244.7,0.764
pernis apivorus,BIRDS_intersection_IUCN,LC,160.51,0.764
petronia petronia,BIRDS_intersection_IUCN,LC,19.39,0.764
phoenicurus ochruros,BIRDS_intersection_IUCN,LC,244.54,0.764
phoenicurus phoenicurus,BIRDS_intersection_IUCN,LC,64.39,0.764
phylloscopus collybita,BIRDS_intersection_IUCN,LC,243.41,0.764
phylloscopus ibericus,BIRDS_intersection_IUCN,LC,244.58,0.764
phylloscopus trochilus,BIRDS_intersection_IUCN,LC,216.64,0.764
pica pica,BIRDS_intersection_IUCN,LC,244.61,0.764
picus sharpei,BIRDS_intersection_IUCN,LC,242.45,0.764
pinguinus impennis,BIRDS_intersection_IUCN,EX,311779.69,0.764
pluvialis apricaria,BIRDS_intersection_IUCN,LC,198.63,0.764
pluvialis squatarola,BIRDS_intersection_IUCN,VU,411512.02,0.764
podiceps cristatus,BIRDS_intersection_IUCN,LC,30050.5,0.764
podiceps nigricollis,BIRDS_intersection_IUCN,LC,12598.14,0.764
poecile palustris,BIRDS_intersection_IUCN,LC,4.45,0.764
prunella collaris,BIRDS_intersection_IUCN,LC,244.61,0.764
prunella modularis,BIRDS_intersection_IUCN,LC,244.62,0.764
pterodroma cahow,BIRDS_intersection_IUCN,EN,411447.63,0.764
pterodroma deserta,BIRDS_intersection_IUCN,VU,391849.35,0.764
pterodroma feae,BIRDS_intersection_IUCN,NT,294904.02,0.764
pterodroma madeira,BIRDS_intersection_IUCN,EN,406470.75,0.764
ptyonoprogne rupestris,BIRDS_intersection_IUCN,LC,30.75,0.764
puffinus lherminieri,BIRDS_intersection_IUCN,LC,411268.61,0.764
puffinus mauretanicus,BIRDS_intersection_IUCN,CR,378726.87,0.764
puffinus puffinus,BIRDS_intersection_IUCN,LC,411266.43,0.764
pyrrhocorax pyrrhocorax,BIRDS_intersection_IUCN,LC,222.03,0.764
pyrrhula pyrrhula,BIRDS_intersection_IUCN,LC,244.6,0.764
rallus aquaticus,BIRDS_intersection_IUCN,LC,197.72,0.764
recurvirostra avosetta,BIRDS_intersection_IUCN,LC,2521.14,0.764
regulus ignicapilla,BIRDS_intersection_IUCN,LC,244.58,0.764
regulus regulus,BIRDS_intersection_IUCN,LC,101.37,0.764
riparia riparia,BIRDS_intersection_IUCN,LC,13.5,0.764
rissa tridactyla,BIRDS_intersection_IUCN,VU,411298.33,0.764
saxicola torquatus,BIRDS_intersection_IUCN,LC,244.6,0.764
scolopax rusticola,BIRDS_intersection_IUCN,LC,86.36,0.764
serinus serinus,BIRDS_intersection_IUCN,LC,244.57,0.764
sitta europaea,BIRDS_intersection_IUCN,LC,7.61,0.764
somateria mollissima,BIRDS_intersection_IUCN,NT,184106.76,0.764
spatula clypeata,BIRDS_intersection_IUCN,LC,244.62,0.764
spatula querquedula,BIRDS_intersection_IUCN,LC,3.87,0.764
spinus spinus,BIRDS_intersection_IUCN,LC,244.68,0.764
stercorarius pomarinus,BIRDS_intersection_IUCN,LC,267637.48,0.764
streptopelia decaocto,BIRDS_intersection_IUCN,LC,150.84,0.764
streptopelia turtur,BIRDS_intersection_IUCN,VU,244.59,0.764
strix aluco,BIRDS_intersection_IUCN,LC,176.77,0.764
sturnus unicolor,BIRDS_intersection_IUCN,LC,244.48,0.764
sturnus vulgaris,BIRDS_intersection_IUCN,LC,244.61,0.764
sylvia atricapilla,BIRDS_intersection_IUCN,LC,542.81,0.764
sylvia borin,BIRDS_intersection_IUCN,LC,244.58,0.764
tachybaptus ruficollis,BIRDS_intersection_IUCN,LC,167.21,0.764
tachymarptis melba,BIRDS_intersection_IUCN,LC,119.67,0.764
thalasseus sandvicensis,BIRDS_intersection_IUCN,LC,18798.55,0.764
tichodroma muraria,BIRDS_intersection_IUCN,LC,66.57,0.764
tringa nebularia,BIRDS_intersection_IUCN,LC,193.91,0.764
tringa ochropus,BIRDS_intersection_IUCN,LC,112.43,0.764
tringa totanus,BIRDS_intersection_IUCN,LC,244.46,0.764
troglodytes troglodytes,BIRDS_intersection_IUCN,LC,244.65,0.764
turdus iliacus,BIRDS_intersection_IUCN,NT,244.62,0.764
turdus merula,BIRDS_intersection_IUCN,LC,242.46,0.764
turdus philomelos,BIRDS_intersection_IUCN,LC,244.55,0.764
turdus pilaris,BIRDS_intersection_IUCN,LC,132.5,0.764
turdus viscivorus,BIRDS_intersection_IUCN,LC,244.55,0.764
tyto alba,BIRDS_intersection_IUCN,LC,244.63,0.764
upupa epops,BIRDS_intersection_IUCN,LC,155.88,0.764
uria aalge,BIRDS_intersection_IUCN,LC,411267.8,0.764
vanellus vanellus,BIRDS_intersection_IUCN,NT,244.65,0.764
xema sabini,BIRDS_intersection_IUCN,LC,411267.4,0.764
Blennius ocellaris,BLENNIES_intersection2,LC,73469.49,1
Coryphoblennius galerita,BLENNIES_intersection2,LC,73469.49,1
Lipophrys pholis,BLENNIES_intersection2,LC,73469.49,1
Lipophrys trigloides,BLENNIES_intersection2,LC,73469.49,1
Parablennius gattorugine,BLENNIES_intersection2,LC,73469.49,1
Parablennius incognitus,BLENNIES_intersection2,LC,31238.71,1
Parablennius pilicornis,BLENNIES_intersection2,LC,81746.6,1
Parablennius ruber,BLENNIES_intersection2,LC,63364.65,1
Parablennius sanguinolentus,BLENNIES_intersection2,LC,73469.49,1
Parablennius tentacularis,BLENNIES_intersection2,LC,73469.49,1
Salaria pavo,BLENNIES_intersection2,LC,73469.49,1
Scartella cristata,BLENNIES_intersection2,LC,81746.59,1
Tripterygion delaisi,BLENNIES_intersection2,LC,73469.49,1
Antigonia capros,BUTTERFLYFISH_ANGELFISH_ALLIES_intersection,LC,73467.88,0.9401
Argyrosomus regius,BUTTERFLYFISH_ANGELFISH_ALLIES_intersection,LC,73467.17,0.9401
Boops boops,BUTTERFLYFISH_ANGELFISH_ALLIES_intersection,LC,73467.17,0.9401
Callanthias ruber,BUTTERFLYFISH_ANGELFISH_ALLIES_intersection,LC,100662.84,0.9401
Capros aper,BUTTERFLYFISH_ANGELFISH_ALLIES_intersection,LC,100662.84,0.9401
Centracanthus cirrus,BUTTERFLYFISH_ANGELFISH_ALLIES_intersection,LC,21.03,0.9401
Cepola macrophthalma,BUTTERFLYFISH_ANGELFISH_ALLIES_intersection,LC,100662.96,0.9401
Dentex dentex,BUTTERFLYFISH_ANGELFISH_ALLIES_intersection,VU,73469.49,0.9401
Dentex macrophthalmus,BUTTERFLYFISH_ANGELFISH_ALLIES_intersection,LC,22779.26,0.9401
Dentex maroccanus,BUTTERFLYFISH_ANGELFISH_ALLIES_intersection,LC,73485.86,0.9401
Dicentrarchus labrax,BUTTERFLYFISH_ANGELFISH_ALLIES_intersection,NT,47059.86,0.9401
Dicentrarchus punctatus,BUTTERFLYFISH_ANGELFISH_ALLIES_intersection,LC,73469.49,0.9401
Diplodus annularis,BUTTERFLYFISH_ANGELFISH_ALLIES_intersection,LC,73467.17,0.9401
Diplodus cervinus,BUTTERFLYFISH_ANGELFISH_ALLIES_intersection,LC,73467.17,0.9401
Diplodus puntazzo,BUTTERFLYFISH_ANGELFISH_ALLIES_intersection,LC,73467.17,0.9401
Diplodus sargus,BUTTERFLYFISH_ANGELFISH_ALLIES_intersection,LC,146938.98,0.9401
Diplodus vulgaris,BUTTERFLYFISH_ANGELFISH_ALLIES_intersection,LC,73467.17,0.9401
Lithognathus mormyrus,BUTTERFLYFISH_ANGELFISH_ALLIES_intersection,LC,73467.17,0.9401
Morone saxatilis,BUTTERFLYFISH_ANGELFISH_ALLIES_intersection,LC,440.22,0.9401
Oblada melanura,BUTTERFLYFISH_ANGELFISH_ALLIES_intersection,LC,73467.17,0.9401
Pagellus acarne,BUTTERFLYFISH_ANGELFISH_ALLIES_intersection,LC,73469.49,0.9401
Pagellus bogaraveo,BUTTERFLYFISH_ANGELFISH_ALLIES_intersection,NT,73467.97,0.9401
Pagellus erythrinus,BUTTERFLYFISH_ANGELFISH_ALLIES_intersection,LC,73467.97,0.9401
Pagrus auriga,BUTTERFLYFISH_ANGELFISH_ALLIES_intersection,LC,2254.58,0.9401
Pagrus pagrus,BUTTERFLYFISH_ANGELFISH_ALLIES_intersection,LC,73469.49,0.9401
Sarpa salpa,BUTTERFLYFISH_ANGELFISH_ALLIES_intersection,LC,73465.89,0.9401
Sciaena umbra,BUTTERFLYFISH_ANGELFISH_ALLIES_intersection,NT,73468.4,0.9401
Sparus aurata,BUTTERFLYFISH_ANGELFISH_ALLIES_intersection,LC,73467.17,0.9401
Spicara maena,BUTTERFLYFISH_ANGELFISH_ALLIES_intersection,LC,15515.55,0.9401
Spondyliosoma cantharus,BUTTERFLYFISH_ANGELFISH_ALLIES_intersection,LC,73469.49,0.9401
Umbrina canariensis,BUTTERFLYFISH_ANGELFISH_ALLIES_intersection,LC,93238.52,0.9401
Umbrina cirrosa,BUTTERFLYFISH_ANGELFISH_ALLIES_intersection,VU,73469.49,0.9401
Arnoglossus imperialis,CARANGIFORM_FISHES_intersection,LC,73467.9,0.8787
Arnoglossus laterna,CARANGIFORM_FISHES_intersection,LC,73467.9,0.8787
Bathysolea profundicola,CARANGIFORM_FISHES_intersection,LC,395537.11,0.8787
Bothus podas,CARANGIFORM_FISHES_intersection,LC,5002.03,0.8787
Buglossidium luteum,CARANGIFORM_FISHES_intersection,LC,73469.49,0.8787
Campogramma glaycos,CARANGIFORM_FISHES_intersection,LC,73465.97,0.8787
Coryphaena hippurus,CARANGIFORM_FISHES_intersection,LC,76963.5,0.8787
Dicologlossa cuneata,CARANGIFORM_FISHES_intersection,LC,73469.49,0.8787
Istiophorus platypterus,CARANGIFORM_FISHES_intersection,VU,411268.64,0.8787
Kajikia albida,CARANGIFORM_FISHES_intersection,LC,411268.64,0.8787
Lepidorhombus boscii,CARANGIFORM_FISHES_intersection,LC,100662.82,0.8787
Lepidorhombus whiffiagonis,CARANGIFORM_FISHES_intersection,LC,100662.82,0.8787
Lichia amia,CARANGIFORM_FISHES_intersection,LC,93243.64,0.8787
Makaira nigricans,CARANGIFORM_FISHES_intersection,VU,108602.78,0.8787
Microchirus variegatus,CARANGIFORM_FISHES_intersection,LC,73469.48,0.8787
Naucrates ductor,CARANGIFORM_FISHES_intersection,LC,73468.72,0.8787
Pegusa lascaris,CARANGIFORM_FISHES_intersection,LC,73469.49,0.8787
Phtheirichthys lineatus,CARANGIFORM_FISHES_intersection,LC,11.14,0.8787
Platichthys flesus,CARANGIFORM_FISHES_intersection,LC,440.22,0.8787
Pleuronectes platessa,CARANGIFORM_FISHES_intersection,LC,35174.97,0.8787
Pseudocaranx dentex,CARANGIFORM_FISHES_intersection,LC,37136.24,0.8787
Remora remora,CARANGIFORM_FISHES_intersection,LC,368127.77,0.8787
Scophthalmus maximus,CARANGIFORM_FISHES_intersection,LC,171576.27,0.8787
Scophthalmus rhombus,CARANGIFORM_FISHES_intersection,LC,73468.41,0.8787
Seriola carpenteri,CARANGIFORM_FISHES_intersection,LC,73469.49,0.8787
Seriola dumerili,CARANGIFORM_FISHES_intersection,LC,93241.21,0.8787
Seriola fasciata,CARANGIFORM_FISHES_intersection,LC,53799.62,0.8787
Sphyraena sphyraena,CARANGIFORM_FISHES_intersection,LC,73473.11,0.8787
Sphyraena viridensis,CARANGIFORM_FISHES_intersection,LC,73469.49,0.8787
Symphurus nigrescens,CARANGIFORM_FISHES_intersection,LC,102004.81,0.8787
Tetrapturus pfluegeri,CARANGIFORM_FISHES_intersection,LC,102584.84,0.8787
Trachinotus ovatus,CARANGIFORM_FISHES_intersection,LC,73469.49,0.8787
Trachurus mediterraneus,CARANGIFORM_FISHES_intersection,LC,259842.47,0.8787
Trachurus picturatus,CARANGIFORM_FISHES_intersection,LC,79372.06,0.8787
Trachurus trachurus,CARANGIFORM_FISHES_intersection,VU,392064.96,0.8787
Xiphias gladius,CARANGIFORM_FISHES_intersection,NT,411268.86,0.8787
Zeugopterus punctatus,CARANGIFORM_FISHES_intersection,LC,73843.56,0.8787
Zeugopterus regius,CARANGIFORM_FISHES_intersection,LC,73467.17,0.8787
Arnoglossus imperialis,CARANGIFORM_FISHES_intersection2,LC,73467.9,0.8787
Arnoglossus laterna,CARANGIFORM_FISHES_intersection2,LC,73467.9,0.8787
Bathysolea profundicola,CARANGIFORM_FISHES_intersection2,LC,395537.11,0.8787
Bothus podas,CARANGIFORM_FISHES_intersection2,LC,5002.03,0.8787
Buglossidium luteum,CARANGIFORM_FISHES_intersection2,LC,73469.49,0.8787
Campogramma glaycos,CARANGIFORM_FISHES_intersection2,LC,73465.97,0.8787
Coryphaena hippurus,CARANGIFORM_FISHES_intersection2,LC,76963.5,0.8787
Dicologlossa cuneata,CARANGIFORM_FISHES_intersection2,LC,73469.49,0.8787
Istiophorus platypterus,CARANGIFORM_FISHES_intersection2,VU,411268.64,0.8787
Kajikia albida,CARANGIFORM_FISHES_intersection2,LC,411268.64,0.8787
Lepidorhombus boscii,CARANGIFORM_FISHES_intersection2,LC,100662.82,0.8787
Lepidorhombus whiffiagonis,CARANGIFORM_FISHES_intersection2,LC,100662.82,0.8787
Lichia amia,CARANGIFORM_FISHES_intersection2,LC,93243.64,0.8787
Makaira nigricans,CARANGIFORM_FISHES_intersection2,VU,108602.78,0.8787
Microchirus variegatus,CARANGIFORM_FISHES_intersection2,LC,73469.48,0.8787
Naucrates ductor,CARANGIFORM_FISHES_intersection2,LC,73468.72,0.8787
Pegusa lascaris,CARANGIFORM_FISHES_intersection2,LC,73469.49,0.8787
Phtheirichthys lineatus,CARANGIFORM_FISHES_intersection2,LC,11.14,0.8787
Platichthys flesus,CARANGIFORM_FISHES_intersection2,LC,440.22,0.8787
Pleuronectes platessa,CARANGIFORM_FISHES_intersection2,LC,35174.97,0.8787
Pseudocaranx dentex,CARANGIFORM_FISHES_intersection2,LC,37136.24,0.8787
Remora remora,CARANGIFORM_FISHES_intersection2,LC,368127.77,0.8787
Scophthalmus maximus,CARANGIFORM_FISHES_intersection2,LC,171576.27,0.8787
Scophthalmus rhombus,CARANGIFORM_FISHES_intersection2,LC,73468.41,0.8787
Seriola carpenteri,CARANGIFORM_FISHES_intersection2,LC,73469.49,0.8787
Seriola dumerili,CARANGIFORM_FISHES_intersection2,LC,93241.21,0.8787
Seriola fasciata,CARANGIFORM_FISHES_intersection2,LC,53799.62,0.8787
Sphyraena sphyraena,CARANGIFORM_FISHES_intersection2,LC,73473.11,0.8787
Sphyraena viridensis,CARANGIFORM_FISHES_intersection2,LC,73469.49,0.8787
Symphurus nigrescens,CARANGIFORM_FISHES_intersection2,LC,102004.81,0.8787
Tetrapturus pfluegeri,CARANGIFORM_FISHES_intersection2,LC,102584.84,0.8787
Trachinotus ovatus,CARANGIFORM_FISHES_intersection2,LC,73469.49,0.8787
Trachurus mediterraneus,CARANGIFORM_FISHES_intersection2,LC,259842.47,0.8787
Trachurus picturatus,CARANGIFORM_FISHES_intersection2,LC,79372.06,0.8787
Trachurus trachurus,CARANGIFORM_FISHES_intersection2,VU,392064.96,0.8787
Xiphias gladius,CARANGIFORM_FISHES_intersection2,NT,411268.86,0.8787
Zeugopterus punctatus,CARANGIFORM_FISHES_intersection2,LC,73843.56,0.8787
Zeugopterus regius,CARANGIFORM_FISHES_intersection2,LC,73467.17,0.8787
Alosa alosa,CLUPEIFORMES_intersection2,CR,61896.21,0.7844
Alosa fallax,CLUPEIFORMES_intersection2,LC,23970.34,0.7844
Engraulis encrasicolus,CLUPEIFORMES_intersection2,LC,73469.83,0.7844
Sardina pilchardus,CLUPEIFORMES_intersection2,LC,73469.83,0.7844
Sprattus sprattus,CLUPEIFORMES_intersection2,LC,73469.49,0.7844
Anguilla anguilla,EELS_intersection2,CR,37694.65,0.9911
Avocettina infans,EELS_intersection2,LC,411268.64,0.9911
Conger conger,EELS_intersection2,LC,73469.49,0.9911
Cyema atrum,EELS_intersection2,LC,370694.28,0.9911
Dalophis imberbis,EELS_intersection2,LC,73469.49,0.9911
Derichthys serpentinus,EELS_intersection2,LC,192084.87,0.9911
Echelus myrus,EELS_intersection2,LC,73469.49,0.9911
Eurypharynx pelecanoides,EELS_intersection2,LC,361564.41,0.9911
Facciolella oxyrhyncha,EELS_intersection2,LC,39631.63,0.9911
Gymnothorax unicolor,EELS_intersection2,LC,65534.89,0.9911
Ilyophis brunneus,EELS_intersection2,LC,369568.64,0.9911
Muraena helena,EELS_intersection2,LC,73469.49,0.9911
Nemichthys scolopaceus,EELS_intersection2,LC,411268.64,0.9911
Nessorhamphus ingolfianus,EELS_intersection2,LC,411268.64,0.9911
Nettastoma melanurum,EELS_intersection2,LC,1462.43,0.9911
Ophisurus serpens,EELS_intersection2,LC,102597.32,0.9911
Pisodonophis semicinctus,EELS_intersection2,LC,73469.49,0.9911
Saccopharynx ampullaceus,EELS_intersection2,LC,411268.64,0.9911
Serrivomer beanii,EELS_intersection2,LC,411268.64,0.9911
Simenchelys parasitica,EELS_intersection2,LC,110024.16,0.9911
Synaphobranchus kaupii,EELS_intersection2,LC,411268.66,0.9911
Venefica proboscidea,EELS_intersection2,LC,40098.53,0.9911
Acipenser sturio,FW_FISH_PART1_intersection,CR,9772.88,0.9441
Alosa fallax,FW_FISH_PART1_intersection,LC,23970.34,0.9441
Atherina boyeri,FW_FISH_PART1_intersection,LC,7766.56,0.9441
Chelon labrosus,FW_FISH_PART1_intersection,NT,51490.79,0.9441
Dicentrarchus labrax,FW_FISH_PART1_intersection,NT,47059.86,0.9441
Dicentrarchus punctatus,FW_FISH_PART1_intersection,LC,73469.49,0.9441
Mugil cephalus,FW_FISH_PART1_intersection,LC,94119.54,0.9441
Petromyzon marinus,FW_FISH_PART1_intersection,LC,71736.61,0.9441
Planiliza subviridis,FW_FISH_PART1_intersection,LC,20552.58,0.9441
Platichthys flesus,FW_FISH_PART1_intersection,LC,440.22,0.9441
Pleuronectes platessa,FW_FISH_PART1_intersection,LC,35174.97,0.9441
Pomatoschistus microps,FW_FISH_PART1_intersection,LC,439.92,0.9441
Pomatoschistus minutus,FW_FISH_PART1_intersection,LC,73908.62,0.9441
Sprattus sprattus,FW_FISH_PART1_intersection,LC,73469.49,0.9441
Syngnathus typhle,FW_FISH_PART1_intersection,LC,73469.49,0.9441
Alosa alosa,FW_FISH_PART2_intersection,CR,61896.21,0.6987
Anguilla anguilla,FW_FISH_PART2_intersection,CR,37694.65,0.6987
Chelon auratus,FW_FISH_PART2_intersection,NT,51490.79,0.6987
Chelon ramada,FW_FISH_PART2_intersection,NT,51490.95,0.6987
Chelon saliens,FW_FISH_PART2_intersection,NT,51490.95,0.6987
Gasterosteus aculeatus,FW_FISH_PART2_intersection,LC,83420.39,0.6987
Gobius paganellus,FW_FISH_PART2_intersection,LC,73469.49,0.6987
Kuhlia mugil,FW_FISH_PART2_intersection,LC,438.38,0.6987
Morone saxatilis,FW_FISH_PART2_intersection,LC,440.22,0.6987
Salmo salar,FW_FISH_PART2_intersection,NT,411455.3,0.6987
Salmo trutta,FW_FISH_PART2_intersection,LC,17655.13,0.6987
Syngnathus abaster,FW_FISH_PART2_intersection,LC,12456.04,0.6987
Hydrobia acuta,FW_MOLLUSCS_intersection2,LC,440.22,1
Myosotella myosotis,FW_MOLLUSCS_intersection2,LC,26.74,1
Arenaria interpres,FW_OTHER_PART1_intersection,NT,411512.02,0.8536
Aythya fuligula,FW_OTHER_PART1_intersection,LC,126.04,0.8536
Calidris alba,FW_OTHER_PART1_intersection,LC,411512.02,0.8536
Calidris ferruginea,FW_OTHER_PART1_intersection,VU,411512.02,0.8536
Calidris maritima,FW_OTHER_PART1_intersection,LC,7.84,0.8536
Haematopus ostralegus,FW_OTHER_PART1_intersection,NT,266.89,0.8536
Hydrocoloeus minutus,FW_OTHER_PART1_intersection,LC,83517.4,0.8536
Larus argentatus,FW_OTHER_PART1_intersection,LC,63217.33,0.8536
Larus melanocephalus,FW_OTHER_PART1_intersection,LC,14860.74,0.8536
Larus ridibundus,FW_OTHER_PART1_intersection,LC,411512.02,0.8536
Limosa limosa,FW_OTHER_PART1_intersection,NT,64.39,0.8536
Lutra lutra,FW_OTHER_PART1_intersection,NT,225.76,0.8536
Melanitta nigra,FW_OTHER_PART1_intersection,LC,29266.11,0.8536
Milvus migrans,FW_OTHER_PART1_intersection,LC,244.45,0.8536
Pluvialis apricaria,FW_OTHER_PART1_intersection,LC,198.63,0.8536
Spatula clypeata,FW_OTHER_PART1_intersection,LC,244.62,0.8536
Xema sabini,FW_OTHER_PART1_intersection,LC,411267.4,0.8536
Anas acuta,FW_OTHER_PART2_intersection,LC,114.82,0.9178
Anthus pratensis,FW_OTHER_PART2_intersection,LC,244.61,0.9178
Anthus spinoletta,FW_OTHER_PART2_intersection,LC,244.59,0.9178
Ardea cinerea,FW_OTHER_PART2_intersection,LC,244.43,0.9178
Aythya ferina,FW_OTHER_PART2_intersection,VU,238.42,0.9178
Calidris alpina,FW_OTHER_PART2_intersection,NT,411274.14,0.9178
Cisticola juncidis,FW_OTHER_PART2_intersection,LC,200.29,0.9178
Corvus corone,FW_OTHER_PART2_intersection,LC,244.54,0.9178
Himantopus himantopus,FW_OTHER_PART2_intersection,LC,227.02,0.9178
Larus canus,FW_OTHER_PART2_intersection,LC,328776.86,0.9178
Larus fuscus,FW_OTHER_PART2_intersection,LC,323823.29,0.9178
Numenius phaeopus,FW_OTHER_PART2_intersection,LC,224.67,0.9178
Oenanthe oenanthe,FW_OTHER_PART2_intersection,LC,116.19,0.9178
Pandion haliaetus,FW_OTHER_PART2_intersection,LC,0.37,0.9178
Recurvirostra avosetta,FW_OTHER_PART2_intersection,LC,2521.14,0.9178
Stercorarius pomarinus,FW_OTHER_PART2_intersection,LC,267637.48,0.9178
Tachybaptus ruficollis,FW_OTHER_PART2_intersection,LC,167.21,0.9178
Tringa nebularia,FW_OTHER_PART2_intersection,LC,193.91,0.9178
Alauda arvensis,FW_OTHER_PART3_intersection,LC,244.6,0.6099
Alcedo atthis,FW_OTHER_PART3_intersection,LC,717.79,0.6099
Anthus petrosus,FW_OTHER_PART3_intersection,LC,240.69,0.6099
Aythya marila,FW_OTHER_PART3_intersection,LC,36958.4,0.6099
Calidris canutus,FW_OTHER_PART3_intersection,NT,411211.78,0.6099
Calidris falcinellus,FW_OTHER_PART3_intersection,VU,354939.22,0.6099
Charadrius alexandrinus,FW_OTHER_PART3_intersection,LC,234.62,0.6099
Charadrius dubius,FW_OTHER_PART3_intersection,LC,115.33,0.6099
Charadrius hiaticula,FW_OTHER_PART3_intersection,LC,244.64,0.6099
Falco peregrinus,FW_OTHER_PART3_intersection,LC,244.46,0.6099
Fulica atra,FW_OTHER_PART3_intersection,LC,227.72,0.6099
Gavia arctica,FW_OTHER_PART3_intersection,LC,9646.79,0.6099
Limosa lapponica,FW_OTHER_PART3_intersection,NT,218.58,0.6099
Mareca penelope,FW_OTHER_PART3_intersection,LC,189.69,0.6099
Numenius arquata,FW_OTHER_PART3_intersection,NT,244.58,0.6099
Petromyzon marinus,FW_OTHER_PART3_intersection,LC,71736.61,0.6099
Pluvialis squatarola,FW_OTHER_PART3_intersection,VU,411512.02,0.6099
Podiceps cristatus,FW_OTHER_PART3_intersection,LC,30050.49,0.6099
Poecile palustris,FW_OTHER_PART3_intersection,LC,4.45,0.6099
Tringa totanus,FW_OTHER_PART3_intersection,LC,244.46,0.6099
Actitis hypoleucos,FW_OTHER_PART4_intersection,LC,244.66,0.9863
Branta bernicla,FW_OTHER_PART4_intersection,LC,243.01,0.9863
Calidris minuta,FW_OTHER_PART4_intersection,LC,94.37,0.9863
Chlidonias niger,FW_OTHER_PART4_intersection,LC,94230.96,0.9863
Gallinula chloropus,FW_OTHER_PART4_intersection,LC,242.5,0.9863
Gavia immer,FW_OTHER_PART4_intersection,LC,54061.2,0.9863
Gavia stellata,FW_OTHER_PART4_intersection,LC,57835.26,0.9863
Gulosus aristotelis,FW_OTHER_PART4_intersection,LC,27053.06,0.9863
Larus michahellis,FW_OTHER_PART4_intersection,LC,47869.8,0.9863
Lymnocryptes minimus,FW_OTHER_PART4_intersection,LC,158.51,0.9863
Melanitta fusca,FW_OTHER_PART4_intersection,VU,7747.91,0.9863
Podiceps nigricollis,FW_OTHER_PART4_intersection,LC,12598.14,0.9863
Spatula querquedula,FW_OTHER_PART4_intersection,LC,3.87,0.9863
Bolboschoenus maritimus,FW_PLANTS_PART1_intersection,LC,440.22,1
Zostera noltii,FW_PLANTS_PART2_intersection2,LC,73466.73,1
Mycteroperca marginata,GROUPERS_intersection2,VU,73467.18,0.4667
Myxine glutinosa,HAGFISH_intersection2,LC,100662.84,1
Cardus crucifer,LOBSTERS_intersection2,LC,5782.27,1
Homarus gammarus,LOBSTERS_intersection2,LC,73469.49,1
Nephrops norvegicus,LOBSTERS_intersection2,LC,227861.74,1
Nephropsis atlantica,LOBSTERS_intersection2,LC,277723.26,1
Palinurus mauritanicus,LOBSTERS_intersection2,LC,64990.16,1
Polycheles typhlops,LOBSTERS_intersection2,LC,102006.56,1
Scyllarus arctus,LOBSTERS_intersection2,LC,73469.49,1
Stereomastis nana,LOBSTERS_intersection2,LC,102006.56,1
Stereomastis sculpta,LOBSTERS_intersection2,LC,39969.69,1
Balaenoptera acutorostrata,MAMMALS_intersection,LC,411268.46,0.8143
Balaenoptera borealis,MAMMALS_intersection,EN,411268.66,0.8143
Balaenoptera musculus,MAMMALS_intersection,EN,411268.64,0.8143
Balaenoptera physalus,MAMMALS_intersection,VU,411268.46,0.8143
Delphinus delphis,MAMMALS_intersection,LC,411269.3,0.8143
Eubalaena glacialis,MAMMALS_intersection,CR,411268.42,0.8143
Feresa attenuata,MAMMALS_intersection,LC,211395.02,0.8143
Globicephala macrorhynchus,MAMMALS_intersection,LC,265009.37,0.8143
Globicephala melas,MAMMALS_intersection,LC,411268.46,0.8143
Grampus griseus,MAMMALS_intersection,LC,411270.01,0.8143
Hyperoodon ampullatus,MAMMALS_intersection,NT,411268.44,0.8143
Kogia breviceps,MAMMALS_intersection,LC,411268.46,0.8143
Kogia sima,MAMMALS_intersection,LC,38711.76,0.8143
Lagenorhynchus albirostris,MAMMALS_intersection,LC,345623.64,0.8143
Lutra lutra,MAMMALS_intersection,NT,225.76,0.8143
Megaptera novaeangliae,MAMMALS_intersection,LC,411268.46,0.8143
Mesoplodon bidens,MAMMALS_intersection,LC,411267.64,0.8143
Mesoplodon densirostris,MAMMALS_intersection,LC,411269.25,0.8143
Mesoplodon europaeus,MAMMALS_intersection,LC,411268.46,0.8143
Mesoplodon mirus,MAMMALS_intersection,LC,411268.46,0.8143
Phocoena phocoena,MAMMALS_intersection,LC,128544.78,0.8143
Physeter macrocephalus,MAMMALS_intersection,VU,411268.5,0.8143
Pseudorca crassidens,MAMMALS_intersection,NT,240132.07,0.8143
Stenella coeruleoalba,MAMMALS_intersection,LC,411268.46,0.8143
Steno bredanensis,MAMMALS_intersection,LC,159354.08,0.8143
Tursiops truncatus,MAMMALS_intersection,LC,411268.46,0.8143
Ziphius cavirostris,MAMMALS_intersection,LC,411268.46,0.8143
Alopias vulpinus,MARINEFISH_PART1_intersection,VU,57866.1,0.9474
Antigonia capros,MARINEFISH_PART1_intersection,LC,73467.88,0.9474
Argyropelecus aculeatus,MARINEFISH_PART1_intersection,LC,345843.03,0.9474
Arnoglossus imperialis,MARINEFISH_PART1_intersection,LC,73467.9,0.9474
Astronesthes leucopogon,MARINEFISH_PART1_intersection,LC,411268.64,0.9474
Auxis rochei,MARINEFISH_PART1_intersection,LC,171487.62,0.9474
Auxis thazard,MARINEFISH_PART1_intersection,LC,171487.62,0.9474
Avocettina infans,MARINEFISH_PART1_intersection,LC,411268.64,0.9474
Bathophilus metallicus,MARINEFISH_PART1_intersection,LC,126305.56,0.9474
Bathysolea profundicola,MARINEFISH_PART1_intersection,LC,395537.11,0.9474
Benthosema glaciale,MARINEFISH_PART1_intersection,LC,383834.47,0.9474
Blennius ocellaris,MARINEFISH_PART1_intersection,LC,73469.49,0.9474
Bothus podas,MARINEFISH_PART1_intersection,LC,5002.03,0.9474
Cataetyx alleni,MARINEFISH_PART1_intersection,LC,79372.06,0.9474
Cataetyx laticeps,MARINEFISH_PART1_intersection,LC,89077.45,0.9474
Centrophorus squamosus,MARINEFISH_PART1_intersection,EN,83810.74,0.9474
Centroscyllium fabricii,MARINEFISH_PART1_intersection,LC,50926.36,0.9474
Chaenophryne ramifera,MARINEFISH_PART1_intersection,LC,79372.06,0.9474
Chauliodus danae,MARINEFISH_PART1_intersection,LC,411268.64,0.9474
Chauliodus sloani,MARINEFISH_PART1_intersection,LC,373183.08,0.9474
Chirostomias pliopterus,MARINEFISH_PART1_intersection,LC,313927.85,0.9474
Chlorophthalmus agassizi,MARINEFISH_PART1_intersection,LC,100664.43,0.9474
Coryphoblennius galerita,MARINEFISH_PART1_intersection,LC,73469.49,0.9474
Derichthys serpentinus,MARINEFISH_PART1_intersection,LC,192084.87,0.9474
Diaphus effulgens,MARINEFISH_PART1_intersection,LC,411268.64,0.9474
Diplodus annularis,MARINEFISH_PART1_intersection,LC,73467.17,0.9474
Dipturus nidarosiensis,MARINEFISH_PART1_intersection,EN,7949.12,0.9474
Diretmus argenteus,MARINEFISH_PART1_intersection,LC,411268.64,0.9474
Galeorhinus galeus,MARINEFISH_PART1_intersection,CR,31650.64,0.9474
Halobatrachus didactylus,MARINEFISH_PART1_intersection,LC,73469.49,0.9474
Hygophum hygomii,MARINEFISH_PART1_intersection,LC,269601.19,0.9474
Ilyophis brunneus,MARINEFISH_PART1_intersection,LC,369568.64,0.9474
Istiophorus platypterus,MARINEFISH_PART1_intersection,VU,411268.64,0.9474
Labrus bergylta,MARINEFISH_PART1_intersection,LC,73469.49,0.9474
Lagocephalus lagocephalus,MARINEFISH_PART1_intersection,LC,318823.35,0.9474
Lampadena speculigera,MARINEFISH_PART1_intersection,LC,411268.64,0.9474
Leptostomias haplocaulus,MARINEFISH_PART1_intersection,LC,120226.41,0.9474
Lestidiops similis,MARINEFISH_PART1_intersection,LC,210531.34,0.9474
Lithognathus mormyrus,MARINEFISH_PART1_intersection,LC,73467.17,0.9474
Masturus lanceolatus,MARINEFISH_PART1_intersection,LC,295696.51,0.9474
Maurolicus muelleri,MARINEFISH_PART1_intersection,LC,411268.64,0.9474
Melamphaes falsidicus,MARINEFISH_PART1_intersection,LC,411268.64,0.9474
Melamphaes simus,MARINEFISH_PART1_intersection,LC,411268.64,0.9474
Melanocetus johnsonii,MARINEFISH_PART1_intersection,LC,395676.17,0.9474
Melanostomias macrophotus,MARINEFISH_PART1_intersection,LC,110047.88,0.9474
Nerophis lumbriciformis,MARINEFISH_PART1_intersection,LC,73469.49,0.9474
Notoscopelus kroyeri,MARINEFISH_PART1_intersection,LC,411268.64,0.9474
Pagrus auriga,MARINEFISH_PART1_intersection,LC,2254.58,0.9474
Photonectes mirabilis,MARINEFISH_PART1_intersection,LC,102006.33,0.9474
Photostomias guernei,MARINEFISH_PART1_intersection,LC,310605.81,0.9474
Pleuronectes platessa,MARINEFISH_PART1_intersection,LC,35174.97,0.9474
Polymetme thaeocoryla,MARINEFISH_PART1_intersection,LC,40202.57,0.9474
Raja microocellata,MARINEFISH_PART1_intersection,NT,47526.45,0.9474
Raja miraletus,MARINEFISH_PART1_intersection,LC,0.61,0.9474
Ranzania laevis,MARINEFISH_PART1_intersection,LC,411268.64,0.9474
Rhinochimaera atlantica,MARINEFISH_PART1_intersection,LC,12094.98,0.9474
Sciaena umbra,MARINEFISH_PART1_intersection,NT,73468.4,0.9474
Scopelosaurus lepidus,MARINEFISH_PART1_intersection,LC,411268.64,0.9474
Scophthalmus maximus,MARINEFISH_PART1_intersection,LC,171576.27,0.9474
Scyliorhinus canicula,MARINEFISH_PART1_intersection,LC,33215.37,0.9474
Seriola carpenteri,MARINEFISH_PART1_intersection,LC,73469.49,0.9474
Somniosus rostratus,MARINEFISH_PART1_intersection,LC,27310.6,0.9474
Sphoeroides pachygaster,MARINEFISH_PART1_intersection,LC,73469.49,0.9474
Stomias longibarbatus,MARINEFISH_PART1_intersection,LC,216566.99,0.9474
Tetrapturus pfluegeri,MARINEFISH_PART1_intersection,LC,102584.84,0.9474
Torpedo torpedo,MARINEFISH_PART1_intersection,VU,25118.22,0.9474
Trachipterus arcticus,MARINEFISH_PART1_intersection,LC,411268.64,0.9474
Trachurus trachurus,MARINEFISH_PART1_intersection,VU,392064.96,0.9474
Xiphias gladius,MARINEFISH_PART1_intersection,NT,411268.86,0.9474
Acantholabrus palloni,MARINEFISH_PART2_intersection,LC,73469.49,0.9367
Aluterus monoceros,MARINEFISH_PART2_intersection,LC,1435.04,0.9367
Aluterus scriptus,MARINEFISH_PART2_intersection,LC,73469.49,0.9367
Anguilla anguilla,MARINEFISH_PART2_intersection,CR,37694.65,0.9367
Argyropelecus gigas,MARINEFISH_PART2_intersection,LC,210744.33,0.9367
Bassozetus compressus,MARINEFISH_PART2_intersection,LC,368204.39,0.9367
Bathophilus nigerrimus,MARINEFISH_PART2_intersection,LC,356598.13,0.9367
Bathophilus vaillanti,MARINEFISH_PART2_intersection,LC,157548.42,0.9367
Bolinichthys indicus,MARINEFISH_PART2_intersection,LC,304479.42,0.9367
Carapus acus,MARINEFISH_PART2_intersection,LC,73469.49,0.9367
Carcharhinus plumbeus,MARINEFISH_PART2_intersection,EN,22320.93,0.9367
Carcharodon carcharias,MARINEFISH_PART2_intersection,VU,411268.64,0.9367
Caulophryne jordani,MARINEFISH_PART2_intersection,LC,400894.4,0.9367
Centracanthus cirrus,MARINEFISH_PART2_intersection,LC,21.03,0.9367
Cepola macrophthalma,MARINEFISH_PART2_intersection,LC,100662.96,0.9367
Ceratias holboelli,MARINEFISH_PART2_intersection,LC,394252.09,0.9367
Ceratoscopelus maderensis,MARINEFISH_PART2_intersection,LC,411268.64,0.9367
Chimaera monstrosa,MARINEFISH_PART2_intersection,VU,15149.7,0.9367
Chimaera opalescens,MARINEFISH_PART2_intersection,LC,5.93,0.9367
Coryphaena hippurus,MARINEFISH_PART2_intersection,LC,76963.5,0.9367
Dalophis imberbis,MARINEFISH_PART2_intersection,LC,73469.49,0.9367
Dasyatis pastinaca,MARINEFISH_PART2_intersection,VU,19658.55,0.9367
Diaphus rafinesquii,MARINEFISH_PART2_intersection,LC,392209.76,0.9367
Diplodus vulgaris,MARINEFISH_PART2_intersection,LC,73467.17,0.9367
Dolopichthys allector,MARINEFISH_PART2_intersection,LC,79372.06,0.9367
Etmopterus princeps,MARINEFISH_PART2_intersection,LC,40459.85,0.9367
Eustomias macrurus,MARINEFISH_PART2_intersection,LC,208112.23,0.9367
Euthynnus alletteratus,MARINEFISH_PART2_intersection,LC,374859.31,0.9367
Evermannella balbo,MARINEFISH_PART2_intersection,LC,411268.64,0.9367
Flagellostomias boureei,MARINEFISH_PART2_intersection,LC,411268.64,0.9367
Galeus melastomus,MARINEFISH_PART2_intersection,LC,55347.07,0.9367
Gonostoma denudatum,MARINEFISH_PART2_intersection,LC,283916.85,0.9367
Gonostoma elongatum,MARINEFISH_PART2_intersection,LC,382975.42,0.9367
Gymnura altavela,MARINEFISH_PART2_intersection,EN,5644.25,0.9367
Hexanchus griseus,MARINEFISH_PART2_intersection,NT,36731.16,0.9367
Isurus oxyrinchus,MARINEFISH_PART2_intersection,EN,411268.64,0.9367
Lampanyctus alatus,MARINEFISH_PART2_intersection,LC,191815.45,0.9367
Lampanyctus crocodilus,MARINEFISH_PART2_intersection,LC,411267.11,0.9367
Lampanyctus photonotus,MARINEFISH_PART2_intersection,LC,411268.64,0.9367
Leptostomias longibarba,MARINEFISH_PART2_intersection,LC,102004.45,0.9367
Lichia amia,MARINEFISH_PART2_intersection,LC,93243.64,0.9367
Linophryne coronata,MARINEFISH_PART2_intersection,LC,313693.43,0.9367
Lipophrys trigloides,MARINEFISH_PART2_intersection,LC,73469.49,0.9367
Lobianchia gemellarii,MARINEFISH_PART2_intersection,LC,411267.64,0.9367
Makaira nigricans,MARINEFISH_PART2_intersection,VU,108602.78,0.9367
Melanostomias valdiviae,MARINEFISH_PART2_intersection,LC,411268.64,0.9367
Neoraja iberica,MARINEFISH_PART2_intersection,LC,109902.76,0.9367
Nessorhamphus ingolfianus,MARINEFISH_PART2_intersection,LC,411268.64,0.9367
Oxynotus paradoxus,MARINEFISH_PART2_intersection,VU,13865.12,0.9367
Parablennius tentacularis,MARINEFISH_PART2_intersection,LC,73469.49,0.9367
Pegusa lascaris,MARINEFISH_PART2_intersection,LC,73469.49,0.9367
Pentherichthys atratus,MARINEFISH_PART2_intersection,LC,223934.46,0.9367
Pollichthys mauli,MARINEFISH_PART2_intersection,LC,411268.64,0.9367
Porogadus miles,MARINEFISH_PART2_intersection,LC,402028.75,0.9367
Prionace glauca,MARINEFISH_PART2_intersection,NT,411268.64,0.9367
Pseudocaranx dentex,MARINEFISH_PART2_intersection,LC,37136.24,0.9367
Scopelosaurus argenteus,MARINEFISH_PART2_intersection,LC,217909.95,0.9367
Scophthalmus rhombus,MARINEFISH_PART2_intersection,LC,73468.41,0.9367
Simenchelys parasitica,MARINEFISH_PART2_intersection,LC,110024.16,0.9367
Spectrunculus crassus,MARINEFISH_PART2_intersection,LC,411268.64,0.9367
Sphyraena sphyraena,MARINEFISH_PART2_intersection,LC,73473.11,0.9367
Sphyrna zygaena,MARINEFISH_PART2_intersection,VU,93238.52,0.9367
Squalus margaretsmithae,MARINEFISH_PART2_intersection,LC,2418.12,0.9367
Sternoptyx pseudobscura,MARINEFISH_PART2_intersection,LC,411268.64,0.9367
Symphodus melops,MARINEFISH_PART2_intersection,LC,73469.49,0.9367
Syngnathus abaster,MARINEFISH_PART2_intersection,LC,12456.04,0.9367
Syngnathus rostellatus,MARINEFISH_PART2_intersection,LC,68623.67,0.9367
Syngnathus typhle,MARINEFISH_PART2_intersection,LC,73469.49,0.9367
Trigonolampa miriceps,MARINEFISH_PART2_intersection,LC,411268.64,0.9367
Umbrina canariensis,MARINEFISH_PART2_intersection,LC,93238.52,0.9367
Zeugopterus punctatus,MARINEFISH_PART2_intersection,LC,73843.56,0.9367
Aetomylaeus bovinus,MARINEFISH_PART3_intersection,CR,12932.27,0.9525
Alopias superciliosus,MARINEFISH_PART3_intersection,VU,283548.39,0.9525
Alosa fallax,MARINEFISH_PART3_intersection,LC,23970.34,0.9525
Arctozenus risso,MARINEFISH_PART3_intersection,LC,411268.64,0.9525
Argyropelecus olfersii,MARINEFISH_PART3_intersection,LC,411268.64,0.9525
Aristostomias tittmanni,MARINEFISH_PART3_intersection,LC,411268.64,0.9525
Astronesthes niger,MARINEFISH_PART3_intersection,LC,411268.64,0.9525
Bathysaurus ferox,MARINEFISH_PART3_intersection,LC,106278.41,0.9525
Bonapartia pedaliota,MARINEFISH_PART3_intersection,LC,204659.23,0.9525
Borostomias antarcticus,MARINEFISH_PART3_intersection,LC,365196.62,0.9525
Brotulotaenia crassa,MARINEFISH_PART3_intersection,LC,348712.75,0.9525
Carcharhinus longimanus,MARINEFISH_PART3_intersection,CR,152969.1,0.9525
Centrolabrus exoletus,MARINEFISH_PART3_intersection,LC,73469.49,0.9525
Centroselachus crepidater,MARINEFISH_PART3_intersection,NT,25928.92,0.9525
Chaunax suttkusi,MARINEFISH_PART3_intersection,LC,42858.21,0.9525
Cyclothone acclinidens,MARINEFISH_PART3_intersection,LC,411268.64,0.9525
Cyclothone microdon,MARINEFISH_PART3_intersection,LC,379174.25,0.9525
Deania calceus,MARINEFISH_PART3_intersection,NT,42837.13,0.9525
Dentex macrophthalmus,MARINEFISH_PART3_intersection,LC,22779.26,0.9525
Diaphus holti,MARINEFISH_PART3_intersection,LC,406912.27,0.9525
Diaphus metopoclampus,MARINEFISH_PART3_intersection,LC,392209.86,0.9525
Dicologlossa cuneata,MARINEFISH_PART3_intersection,LC,73469.49,0.9525
Diplodus puntazzo,MARINEFISH_PART3_intersection,LC,73467.17,0.9525
Dolopichthys longicornis,MARINEFISH_PART3_intersection,LC,79562.37,0.9525
Echelus myrus,MARINEFISH_PART3_intersection,LC,73469.49,0.9525
Engraulis encrasicolus,MARINEFISH_PART3_intersection,LC,73469.83,0.9525
Grammatostomias flagellibarba,MARINEFISH_PART3_intersection,LC,411268.64,0.9525
Gymnothorax unicolor,MARINEFISH_PART3_intersection,LC,65534.89,0.9525
Himantolophus mauli,MARINEFISH_PART3_intersection,LC,411268.64,0.9525
Hydrolagus pallidus,MARINEFISH_PART3_intersection,LC,12372.55,0.9525
Kajikia albida,MARINEFISH_PART3_intersection,LC,411268.64,0.9525
Lampanyctus pusillus,MARINEFISH_PART3_intersection,LC,411268.64,0.9525
Lestidiops jayakari,MARINEFISH_PART3_intersection,LC,411268.64,0.9525
Leucoraja fullonica,MARINEFISH_PART3_intersection,VU,73468.36,0.9525
Linophryne pennibarbata,MARINEFISH_PART3_intersection,LC,76994.96,0.9525
Loweina interrupta,MARINEFISH_PART3_intersection,LC,230464.98,0.9525
Macroparalepis affinis,MARINEFISH_PART3_intersection,LC,411268.64,0.9525
Macroramphosus scolopax,MARINEFISH_PART3_intersection,LC,390431.95,0.9525
Melanostomias spilorhynchus,MARINEFISH_PART3_intersection,LC,411268.64,0.9525
Microlophichthys microlophus,MARINEFISH_PART3_intersection,LC,79372.06,0.9525
Neonesthes capensis,MARINEFISH_PART3_intersection,LC,399303.54,0.9525
Notoscopelus resplendens,MARINEFISH_PART3_intersection,LC,411268.64,0.9525
Oneirodes eschrichtii,MARINEFISH_PART3_intersection,LC,369864.58,0.9525
Oneirodes macrosteus,MARINEFISH_PART3_intersection,LC,365477.7,0.9525
Ophidion barbatum,MARINEFISH_PART3_intersection,LC,73469.49,0.9525
Pagellus bogaraveo,MARINEFISH_PART3_intersection,NT,73467.97,0.9525
Parablennius gattorugine,MARINEFISH_PART3_intersection,LC,73469.49,0.9525
Rajella bigelowi,MARINEFISH_PART3_intersection,LC,34650.7,0.9525
Sarda sarda,MARINEFISH_PART3_intersection,LC,372800.19,0.9525
Sarpa salpa,MARINEFISH_PART3_intersection,LC,73465.89,0.9525
Scomber colias,MARINEFISH_PART3_intersection,LC,167300.03,0.9525
Seriola dumerili,MARINEFISH_PART3_intersection,LC,93241.21,0.9525
Seriola fasciata,MARINEFISH_PART3_intersection,LC,53799.62,0.9525
Sparisoma cretense,MARINEFISH_PART3_intersection,LC,9929.98,0.9525
Spectrunculus grandis,MARINEFISH_PART3_intersection,LC,106956.07,0.9525
Sprattus sprattus,MARINEFISH_PART3_intersection,LC,73469.49,0.9525
Symphodus roissali,MARINEFISH_PART3_intersection,LC,73469.49,0.9525
Thalassoma pavo,MARINEFISH_PART3_intersection,LC,10.84,0.9525
Thunnus obesus,MARINEFISH_PART3_intersection,VU,267291.34,0.9525
Umbrina cirrosa,MARINEFISH_PART3_intersection,VU,73469.49,0.9525
Zeugopterus regius,MARINEFISH_PART3_intersection,LC,73467.17,0.9525
Alosa alosa,MARINEFISH_PART4_intersection,CR,61896.21,0.9718
Anotopterus pharao,MARINEFISH_PART4_intersection,LC,411268.64,0.9718
Argyropelecus hemigymnus,MARINEFISH_PART4_intersection,LC,411268.77,0.9718
Astronesthes neopogon,MARINEFISH_PART4_intersection,LC,41417.4,0.9718
Bassozetus levistomatus,MARINEFISH_PART4_intersection,LC,230054.97,0.9718
Bassozetus nielseni,MARINEFISH_PART4_intersection,LC,411268.64,0.9718
Bathypterois longipes,MARINEFISH_PART4_intersection,LC,335893.03,0.9718
Bathytoshia lata,MARINEFISH_PART4_intersection,VU,32204.53,0.9718
Beryx decadactylus,MARINEFISH_PART4_intersection,LC,100662.83,0.9718
Beryx splendens,MARINEFISH_PART4_intersection,LC,92127.37,0.9718
Boops boops,MARINEFISH_PART4_intersection,LC,73467.17,0.9718
Borostomias elucens,MARINEFISH_PART4_intersection,LC,380138.86,0.9718
Bufoceratias wedli,MARINEFISH_PART4_intersection,LC,199853.04,0.9718
Capros aper,MARINEFISH_PART4_intersection,LC,100662.84,0.9718
Chaenophryne draco,MARINEFISH_PART4_intersection,LC,387107.36,0.9718
Cyclothone braueri,MARINEFISH_PART4_intersection,LC,411268.64,0.9718
Cyclothone livida,MARINEFISH_PART4_intersection,LC,218373.74,0.9718
Cyema atrum,MARINEFISH_PART4_intersection,LC,370694.28,0.9718
Deania profundorum,MARINEFISH_PART4_intersection,NT,9163.01,0.9718
Dentex dentex,MARINEFISH_PART4_intersection,VU,73469.49,0.9718
Diceratias pileatus,MARINEFISH_PART4_intersection,LC,5725.43,0.9718
Diogenichthys atlanticus,MARINEFISH_PART4_intersection,LC,263613.23,0.9718
Diplodus sargus,MARINEFISH_PART4_intersection,LC,146938.98,0.9718
Dipturus oxyrinchus,MARINEFISH_PART4_intersection,VU,7384.16,0.9718
Echiostoma barbatum,MARINEFISH_PART4_intersection,LC,64128.92,0.9718
Etmopterus pusillus,MARINEFISH_PART4_intersection,LC,9847.36,0.9718
Eustomias monodactylus,MARINEFISH_PART4_intersection,LC,410919.26,0.9718
Fistularia petimba,MARINEFISH_PART4_intersection,LC,73468.57,0.9718
Grammatostomias dentatus,MARINEFISH_PART4_intersection,LC,23090.51,0.9718
Haplophryne mollis,MARINEFISH_PART4_intersection,LC,411268.64,0.9718
Hydrolagus affinis,MARINEFISH_PART4_intersection,LC,29869.73,0.9718
Hydrolagus mirabilis,MARINEFISH_PART4_intersection,LC,12615.74,0.9718
Hygophum benoiti,MARINEFISH_PART4_intersection,LC,405668.93,0.9718
Idiacanthus fasciola,MARINEFISH_PART4_intersection,LC,35840.77,0.9718
Isurus paucus,MARINEFISH_PART4_intersection,EN,122864.41,0.9718
Katsuwonus pelamis,MARINEFISH_PART4_intersection,LC,312768.85,0.9718
Labrus viridis,MARINEFISH_PART4_intersection,VU,8996.62,0.9718
Lampadena chavesi,MARINEFISH_PART4_intersection,LC,115756.29,0.9718
Lampanyctus festivus,MARINEFISH_PART4_intersection,LC,133740.46,0.9718
Lampanyctus macdonaldi,MARINEFISH_PART4_intersection,LC,411268.64,0.9718
Lestidiops sphyrenoides,MARINEFISH_PART4_intersection,LC,411268.64,0.9718
Leucoraja naevus,MARINEFISH_PART4_intersection,LC,73469.48,0.9718
Lipophrys pholis,MARINEFISH_PART4_intersection,LC,73469.49,0.9718
Lobianchia dofleini,MARINEFISH_PART4_intersection,LC,411268.64,0.9718
Magnisudis atlantica,MARINEFISH_PART4_intersection,LC,411268.64,0.9718
Muraena helena,MARINEFISH_PART4_intersection,LC,73469.49,0.9718
Myliobatis aquila,MARINEFISH_PART4_intersection,CR,29155.23,0.9718
Myxine glutinosa,MARINEFISH_PART4_intersection,LC,100662.84,0.9718
Notolychnus valdiviae,MARINEFISH_PART4_intersection,LC,411268.64,0.9718
Oblada melanura,MARINEFISH_PART4_intersection,LC,73467.17,0.9718
Ophisurus serpens,MARINEFISH_PART4_intersection,LC,102597.32,0.9718
Pachystomias microdon,MARINEFISH_PART4_intersection,LC,361598.61,0.9718
Parablennius pilicornis,MARINEFISH_PART4_intersection,LC,81746.6,0.9718
Parablennius ruber,MARINEFISH_PART4_intersection,LC,63364.65,0.9718
Parablennius sanguinolentus,MARINEFISH_PART4_intersection,LC,73469.49,0.9718
Raja montagui,MARINEFISH_PART4_intersection,LC,29071.05,0.9718
Remora remora,MARINEFISH_PART4_intersection,LC,368127.77,0.9718
Rondeletia loricata,MARINEFISH_PART4_intersection,LC,384935.03,0.9718
Scartella cristata,MARINEFISH_PART4_intersection,LC,81746.59,0.9718
Scyliorhinus stellaris,MARINEFISH_PART4_intersection,VU,26609.55,0.9718
Scymnodon ringens,MARINEFISH_PART4_intersection,VU,21441.48,0.9718
Sigmops bathyphilus,MARINEFISH_PART4_intersection,LC,411268.64,0.9718
Somniosus microcephalus,MARINEFISH_PART4_intersection,VU,31637.48,0.9718
Spicara maena,MARINEFISH_PART4_intersection,LC,15515.55,0.9718
Squalus acanthias,MARINEFISH_PART4_intersection,VU,32720.82,0.9718
Squatina squatina,MARINEFISH_PART4_intersection,CR,73469.49,0.9718
Sternoptyx diaphana,MARINEFISH_PART4_intersection,LC,389977.87,0.9718
Symbolophorus veranyi,MARINEFISH_PART4_intersection,LC,411268.64,0.9718
Symphodus cinereus,MARINEFISH_PART4_intersection,LC,73469.49,0.9718
Symphurus nigrescens,MARINEFISH_PART4_intersection,LC,102004.81,0.9718
Synaphobranchus kaupii,MARINEFISH_PART4_intersection,LC,411268.66,0.9718
Taaningichthys bathyphilus,MARINEFISH_PART4_intersection,LC,364839.68,0.9718
Thunnus alalunga,MARINEFISH_PART4_intersection,LC,408397.37,0.9718
Thunnus thynnus,MARINEFISH_PART4_intersection,LC,411268.64,0.9718
Torpedo marmorata,MARINEFISH_PART4_intersection,VU,25105.27,0.9718
Trachinotus ovatus,MARINEFISH_PART4_intersection,LC,73469.49,0.9718
Trachipterus trachypterus,MARINEFISH_PART4_intersection,LC,411268.64,0.9718
Venefica proboscidea,MARINEFISH_PART4_intersection,LC,40098.53,0.9718
Xyrichtys novacula,MARINEFISH_PART4_intersection,LC,17871.94,0.9718
Acipenser sturio,MARINEFISH_PART5_intersection,CR,9772.88,0.9234
Barathrites iris,MARINEFISH_PART5_intersection,LC,246597.91,0.9234
Benthalbella infans,MARINEFISH_PART5_intersection,LC,79372.06,0.9234
Callanthias ruber,MARINEFISH_PART5_intersection,LC,100662.84,0.9234
Carcharhinus galapagensis,MARINEFISH_PART5_intersection,LC,19446.84,0.9234
Carcharhinus obscurus,MARINEFISH_PART5_intersection,EN,19825.47,0.9234
Centroscymnus coelolepis,MARINEFISH_PART5_intersection,NT,43265.64,0.9234
Cetorhinus maximus,MARINEFISH_PART5_intersection,EN,411268.64,0.9234
Chaunax pictus,MARINEFISH_PART5_intersection,LC,79372.16,0.9234
Ctenolabrus rupestris,MARINEFISH_PART5_intersection,LC,73469.49,0.9234
Cyclothone alba,MARINEFISH_PART5_intersection,LC,411268.64,0.9234
Cyclothone pallida,MARINEFISH_PART5_intersection,LC,388955.57,0.9234
Dalatias licha,MARINEFISH_PART5_intersection,VU,116560.66,0.9234
Dicentrarchus labrax,MARINEFISH_PART5_intersection,NT,47059.86,0.9234
Dicentrarchus punctatus,MARINEFISH_PART5_intersection,LC,73469.49,0.9234
Electrona risso,MARINEFISH_PART5_intersection,LC,411268.64,0.9234
Entelurus aequoreus,MARINEFISH_PART5_intersection,LC,73469.49,0.9234
Etmopterus spinax,MARINEFISH_PART5_intersection,VU,20319.17,0.9234
Eurypharynx pelecanoides,MARINEFISH_PART5_intersection,LC,361564.41,0.9234
Facciolella oxyrhyncha,MARINEFISH_PART5_intersection,LC,39631.63,0.9234
Galeus murinus,MARINEFISH_PART5_intersection,LC,10551.95,0.9234
Hexanchus nakamurai,MARINEFISH_PART5_intersection,NT,33655.5,0.9234
Hoplostethus mediterraneus,MARINEFISH_PART5_intersection,LC,72290.59,0.9234
Ijimaia loppei,MARINEFISH_PART5_intersection,LC,8517.75,0.9234
Lamna nasus,MARINEFISH_PART5_intersection,VU,411268.64,0.9234
Lampadena atlantica,MARINEFISH_PART5_intersection,LC,411268.64,0.9234
Lampanyctus gemmifer,MARINEFISH_PART5_intersection,LC,380136.39,0.9234
Lampanyctus intricarius,MARINEFISH_PART5_intersection,LC,341206.69,0.9234
Lepidorhombus boscii,MARINEFISH_PART5_intersection,LC,100662.82,0.9234
Leptostomias gladiator,MARINEFISH_PART5_intersection,LC,411268.64,0.9234
Lophodolos acanthognathus,MARINEFISH_PART5_intersection,LC,369667.47,0.9234
Malacosteus niger,MARINEFISH_PART5_intersection,LC,310605.81,0.9234
Melanostomias tentaculatus,MARINEFISH_PART5_intersection,LC,102006.56,0.9234
Mitsukurina owstoni,MARINEFISH_PART5_intersection,LC,37973.44,0.9234
Mobula mobular,MARINEFISH_PART5_intersection,EN,32753.17,0.9234
Mola mola,MARINEFISH_PART5_intersection,VU,102006.52,0.9234
Nannobrachium atrum,MARINEFISH_PART5_intersection,LC,411268.64,0.9234
Naucrates ductor,MARINEFISH_PART5_intersection,LC,73468.72,0.9234
Nemichthys scolopaceus,MARINEFISH_PART5_intersection,LC,411268.64,0.9234
Nerophis ophidion,MARINEFISH_PART5_intersection,LC,73469.49,0.9234
Notoscopelus bolini,MARINEFISH_PART5_intersection,LC,411268.64,0.9234
Oxynotus centrina,MARINEFISH_PART5_intersection,EN,30115.07,0.9234
Parablennius incognitus,MARINEFISH_PART5_intersection,LC,31238.71,0.9234
Paralepis coregonoides,MARINEFISH_PART5_intersection,LC,411268.64,0.9234
Phtheirichthys lineatus,MARINEFISH_PART5_intersection,LC,11.14,0.9234
Platichthys flesus,MARINEFISH_PART5_intersection,LC,440.22,0.9234
Protomyctophum arcticum,MARINEFISH_PART5_intersection,LC,411268.64,0.9234
Raja brachyura,MARINEFISH_PART5_intersection,NT,33048.43,0.9234
Raja clavata,MARINEFISH_PART5_intersection,NT,30252.37,0.9234
Rhadinesthes decimus,MARINEFISH_PART5_intersection,LC,411268.64,0.9234
Rostroraja alba,MARINEFISH_PART5_intersection,EN,28556.57,0.9234
Salaria pavo,MARINEFISH_PART5_intersection,LC,73469.49,0.9234
Serrivomer beanii,MARINEFISH_PART5_intersection,LC,411268.64,0.9234
Sphyraena viridensis,MARINEFISH_PART5_intersection,LC,73469.49,0.9234
Sphyrna lewini,MARINEFISH_PART5_intersection,CR,46807.69,0.9234
Spiniphryne gladisfenae,MARINEFISH_PART5_intersection,LC,347330.37,0.9234
Spondyliosoma cantharus,MARINEFISH_PART5_intersection,LC,73469.49,0.9234
Symphodus bailloni,MARINEFISH_PART5_intersection,LC,73469.49,0.9234
Symphodus tinca,MARINEFISH_PART5_intersection,LC,49297.64,0.9234
Taeniurops grabatus,MARINEFISH_PART5_intersection,NT,26752.92,0.9234
Tetronarce nobiliana,MARINEFISH_PART5_intersection,LC,33896.23,0.9234
Trachurus mediterraneus,MARINEFISH_PART5_intersection,LC,259842.47,0.9234
Valenciennellus tripunctulatus,MARINEFISH_PART5_intersection,LC,387246.45,0.9234
Vinciguerria attenuata,MARINEFISH_PART5_intersection,LC,411268.64,0.9234
Zu cristatus,MARINEFISH_PART5_intersection,LC,324237.74,0.9234
Acanthochaenus luetkenii,MARINEFISH_PART6_intersection,LC,14220.29,0.9664
Ahliesaurus berryi,MARINEFISH_PART6_intersection,LC,79937.47,0.9664
Alepisaurus ferox,MARINEFISH_PART6_intersection,LC,411268.86,0.9664
Anoplogaster cornuta,MARINEFISH_PART6_intersection,LC,411268.64,0.9664
Argyropelecus affinis,MARINEFISH_PART6_intersection,LC,182028.14,0.9664
Argyrosomus regius,MARINEFISH_PART6_intersection,LC,73467.17,0.9664
Aristostomias lunifer,MARINEFISH_PART6_intersection,LC,173155.45,0.9664
Arnoglossus laterna,MARINEFISH_PART6_intersection,LC,73467.9,0.9664
Balistes capriscus,MARINEFISH_PART6_intersection,VU,73469.49,0.9664
Barbourisia rufa,MARINEFISH_PART6_intersection,LC,45307.04,0.9664
Bathypterois dubius,MARINEFISH_PART6_intersection,LC,259910.05,0.9664
Bathysaurus mollis,MARINEFISH_PART6_intersection,LC,98389.34,0.9664
Brotulotaenia brevicauda,MARINEFISH_PART6_intersection,LC,269761.07,0.9664
Buglossidium luteum,MARINEFISH_PART6_intersection,LC,73469.49,0.9664
Campogramma glaycos,MARINEFISH_PART6_intersection,LC,73465.97,0.9664
Canthidermis maculata,MARINEFISH_PART6_intersection,LC,73469.49,0.9664
Carcharhinus falciformis,MARINEFISH_PART6_intersection,VU,170386.74,0.9664
Centrophorus granulosus,MARINEFISH_PART6_intersection,EN,39398.87,0.9664
Chaenophryne longiceps,MARINEFISH_PART6_intersection,LC,327159.24,0.9664
Chlamydoselachus anguineus,MARINEFISH_PART6_intersection,LC,38530.18,0.9664
Conger conger,MARINEFISH_PART6_intersection,LC,73469.49,0.9664
Coris julis,MARINEFISH_PART6_intersection,LC,62485.02,0.9664
Cryptopsaras couesii,MARINEFISH_PART6_intersection,LC,399839.23,0.9664
Cyclothone pseudoacclinidens,MARINEFISH_PART6_intersection,LC,408287.74,0.9664
Cyclothone pseudopallida,MARINEFISH_PART6_intersection,LC,394050.74,0.9664
Danaphryne nigrifilis,MARINEFISH_PART6_intersection,LC,94506.11,0.9664
Dentex maroccanus,MARINEFISH_PART6_intersection,LC,73485.86,0.9664
Diodon eydouxii,MARINEFISH_PART6_intersection,LC,42370.8,0.9664
Diodon hystrix,MARINEFISH_PART6_intersection,LC,73469.49,0.9664
Diplodus cervinus,MARINEFISH_PART6_intersection,LC,73467.17,0.9664
Diretmichthys parini,MARINEFISH_PART6_intersection,LC,411268.64,0.9664
Echinorhinus brucus,MARINEFISH_PART6_intersection,EN,34677.28,0.9664
Eustomias achirus,MARINEFISH_PART6_intersection,LC,56315.49,0.9664
Eustomias filifer,MARINEFISH_PART6_intersection,LC,1024.12,0.9664
Galeus atlanticus,MARINEFISH_PART6_intersection,NT,1423.4,0.9664
Gonichthys cocco,MARINEFISH_PART6_intersection,LC,197502.51,0.9664
Heptranchias perlo,MARINEFISH_PART6_intersection,NT,37028.47,0.9664
Himantolophus groenlandicus,MARINEFISH_PART6_intersection,LC,411268.64,0.9664
Labrus merula,MARINEFISH_PART6_intersection,LC,8996.62,0.9664
Labrus mixtus,MARINEFISH_PART6_intersection,LC,73469.49,0.9664
Lampris guttatus,MARINEFISH_PART6_intersection,LC,411268.64,0.9664
Lepidorhombus whiffiagonis,MARINEFISH_PART6_intersection,LC,100662.82,0.9664
Leucoraja circularis,MARINEFISH_PART6_intersection,EN,73469.22,0.9664
Lophius piscatorius,MARINEFISH_PART6_intersection,LC,73469.49,0.9664
Maurolicus amethystinopunctatus,MARINEFISH_PART6_intersection,LC,288826.31,0.9664
Melamphaes microps,MARINEFISH_PART6_intersection,LC,6950.47,0.9664
Melanostomias bartonbeani,MARINEFISH_PART6_intersection,LC,411268.64,0.9664
Microchirus variegatus,MARINEFISH_PART6_intersection,LC,73469.48,0.9664
Mobula tarapacana,MARINEFISH_PART6_intersection,EN,40125.67,0.9664
Morone saxatilis,MARINEFISH_PART6_intersection,LC,440.22,0.9664
Mustelus asterias,MARINEFISH_PART6_intersection,NT,19597.41,0.9664
Mycteroperca marginata,MARINEFISH_PART6_intersection,VU,73467.18,0.9664
Myctophum punctatum,MARINEFISH_PART6_intersection,LC,411268.64,0.9664
Neoscopelus microchir,MARINEFISH_PART6_intersection,LC,207144.42,0.9664
Nettastoma melanurum,MARINEFISH_PART6_intersection,LC,1462.43,0.9664
Odontaspis ferox,MARINEFISH_PART6_intersection,EN,35217.35,0.9664
Pagellus acarne,MARINEFISH_PART6_intersection,LC,73469.49,0.9664
Pagellus erythrinus,MARINEFISH_PART6_intersection,LC,73467.97,0.9664
Pagrus pagrus,MARINEFISH_PART6_intersection,LC,73469.49,0.9664
Parabrotula plagiophthalma,MARINEFISH_PART6_intersection,LC,411268.64,0.9664
Photonectes margarita,MARINEFISH_PART6_intersection,LC,79370.84,0.9664
Pisodonophis semicinctus,MARINEFISH_PART6_intersection,LC,73469.49,0.9664
Pseudotriakis microdon,MARINEFISH_PART6_intersection,LC,121053.4,0.9664
Raja undulata,MARINEFISH_PART6_intersection,NT,16953.66,0.9664
Rajella kukujevi,MARINEFISH_PART6_intersection,LC,16711.95,0.9664
Regalecus glesne,MARINEFISH_PART6_intersection,LC,411267.11,0.9664
Rhinobatos rhinobatos,MARINEFISH_PART6_intersection,CR,17219.18,0.9664
Saccopharynx ampullaceus,MARINEFISH_PART6_intersection,LC,411268.64,0.9664
Sardina pilchardus,MARINEFISH_PART6_intersection,LC,73469.83,0.9664
Sciadonus pedicellaris,MARINEFISH_PART6_intersection,LC,125827.88,0.9664
Scomber scombrus,MARINEFISH_PART6_intersection,LC,411267.09,0.9664
Scopelarchus analis,MARINEFISH_PART6_intersection,LC,411268.64,0.9664
Scopelogadus mizolepis,MARINEFISH_PART6_intersection,LC,45488.73,0.9664
Sparus aurata,MARINEFISH_PART6_intersection,LC,73467.17,0.9664
Sphyrna mokarran,MARINEFISH_PART6_intersection,CR,23980.7,0.9664
Stomias boa,MARINEFISH_PART6_intersection,LC,384390.85,0.9664
Stomias brevibarbatus,MARINEFISH_PART6_intersection,LC,245803.34,0.9664
Symphodus mediterraneus,MARINEFISH_PART6_intersection,LC,73469.49,0.9664
Syngnathus acus,MARINEFISH_PART6_intersection,LC,73465.97,0.9664
Trachurus picturatus,MARINEFISH_PART6_intersection,LC,79372.06,0.9664
Tripterygion delaisi,MARINEFISH_PART6_intersection,LC,73469.49,0.9664
Vinciguerria nimbaria,MARINEFISH_PART6_intersection,LC,182187.59,0.9664
Vinciguerria poweriae,MARINEFISH_PART6_intersection,LC,33006.69,0.9664
Zameus squamulosus,MARINEFISH_PART6_intersection,LC,42091.73,0.9664
Aluterus monoceros,PUFFERFISHES_AND_RELATIVES_intersection2,LC,1435.04,0.9392
Aluterus scriptus,PUFFERFISHES_AND_RELATIVES_intersection2,LC,73469.49,0.9392
Balistes capriscus,PUFFERFISHES_AND_RELATIVES_intersection2,VU,73469.49,0.9392
Canthidermis maculata,PUFFERFISHES_AND_RELATIVES_intersection2,LC,73469.49,0.9392
Diodon eydouxii,PUFFERFISHES_AND_RELATIVES_intersection2,LC,42370.8,0.9392
Diodon hystrix,PUFFERFISHES_AND_RELATIVES_intersection2,LC,73469.49,0.9392
Lagocephalus lagocephalus,PUFFERFISHES_AND_RELATIVES_intersection2,LC,318823.35,0.9392
Masturus lanceolatus,PUFFERFISHES_AND_RELATIVES_intersection2,LC,295696.51,0.9392
Mola mola,PUFFERFISHES_AND_RELATIVES_intersection2,VU,102006.52,0.9392
Ranzania laevis,PUFFERFISHES_AND_RELATIVES_intersection2,LC,411268.64,0.9392
Sphoeroides pachygaster,PUFFERFISHES_AND_RELATIVES_intersection2,LC,73469.49,0.9392
Caretta caretta,REPTILES_PART1_intersection2,VU,410737.53,0.1999
Chelonia mydas,REPTILES_PART1_intersection2,EN,410737.53,0.1999
Dermochelys coriacea,REPTILES_PART1_intersection2,VU,410737.53,0.1999
Eretmochelys imbricata,REPTILES_PART1_intersection2,CR,411268.64,0.1999
Lepidochelys kempii,REPTILES_PART1_intersection2,CR,411112.13,0.1999
Zostera marina,SEAGRASSES_intersection2,LC,93238.52,1
Zostera noltii,SEAGRASSES_intersection2,LC,73466.73,1
Aetomylaeus bovinus,SHARKS_RAYS_CHIMAERAS_intersection,CR,12932.27,0.484
Alopias superciliosus,SHARKS_RAYS_CHIMAERAS_intersection,VU,283548.39,0.484
Alopias vulpinus,SHARKS_RAYS_CHIMAERAS_intersection,VU,57866.1,0.484
Bathytoshia lata,SHARKS_RAYS_CHIMAERAS_intersection,VU,32204.53,0.484
Carcharhinus falciformis,SHARKS_RAYS_CHIMAERAS_intersection,VU,170386.74,0.484
Carcharhinus galapagensis,SHARKS_RAYS_CHIMAERAS_intersection,LC,19446.84,0.484
Carcharhinus longimanus,SHARKS_RAYS_CHIMAERAS_intersection,CR,152969.1,0.484
Carcharhinus obscurus,SHARKS_RAYS_CHIMAERAS_intersection,EN,19825.47,0.484
Carcharhinus plumbeus,SHARKS_RAYS_CHIMAERAS_intersection,EN,22320.93,0.484
Carcharodon carcharias,SHARKS_RAYS_CHIMAERAS_intersection,VU,411268.64,0.484
Centrophorus granulosus,SHARKS_RAYS_CHIMAERAS_intersection,EN,39398.87,0.484
Centrophorus squamosus,SHARKS_RAYS_CHIMAERAS_intersection,EN,83810.74,0.484
Centroscyllium fabricii,SHARKS_RAYS_CHIMAERAS_intersection,LC,50926.36,0.484
Centroscymnus coelolepis,SHARKS_RAYS_CHIMAERAS_intersection,NT,43265.64,0.484
Centroselachus crepidater,SHARKS_RAYS_CHIMAERAS_intersection,NT,25928.92,0.484
Cetorhinus maximus,SHARKS_RAYS_CHIMAERAS_intersection,EN,411268.64,0.484
Chimaera monstrosa,SHARKS_RAYS_CHIMAERAS_intersection,VU,15149.7,0.484
Chimaera opalescens,SHARKS_RAYS_CHIMAERAS_intersection,LC,5.93,0.484
Chlamydoselachus anguineus,SHARKS_RAYS_CHIMAERAS_intersection,LC,38530.18,0.484
Dalatias licha,SHARKS_RAYS_CHIMAERAS_intersection,VU,116560.66,0.484
Dasyatis pastinaca,SHARKS_RAYS_CHIMAERAS_intersection,VU,19658.55,0.484
Deania calceus,SHARKS_RAYS_CHIMAERAS_intersection,NT,42837.13,0.484
Deania profundorum,SHARKS_RAYS_CHIMAERAS_intersection,NT,9163.01,0.484
Dipturus nidarosiensis,SHARKS_RAYS_CHIMAERAS_intersection,EN,7949.12,0.484
Dipturus oxyrinchus,SHARKS_RAYS_CHIMAERAS_intersection,VU,7384.16,0.484
Echinorhinus brucus,SHARKS_RAYS_CHIMAERAS_intersection,EN,34677.28,0.484
Etmopterus princeps,SHARKS_RAYS_CHIMAERAS_intersection,LC,40459.85,0.484
Etmopterus pusillus,SHARKS_RAYS_CHIMAERAS_intersection,LC,9847.36,0.484
Etmopterus spinax,SHARKS_RAYS_CHIMAERAS_intersection,VU,20319.17,0.484
Galeorhinus galeus,SHARKS_RAYS_CHIMAERAS_intersection,CR,31650.64,0.484
Galeus atlanticus,SHARKS_RAYS_CHIMAERAS_intersection,NT,1423.4,0.484
Galeus melastomus,SHARKS_RAYS_CHIMAERAS_intersection,LC,55347.07,0.484
Galeus murinus,SHARKS_RAYS_CHIMAERAS_intersection,LC,10551.95,0.484
Gymnura altavela,SHARKS_RAYS_CHIMAERAS_intersection,EN,5644.25,0.484
Heptranchias perlo,SHARKS_RAYS_CHIMAERAS_intersection,NT,37028.47,0.484
Hexanchus griseus,SHARKS_RAYS_CHIMAERAS_intersection,NT,36731.16,0.484
Hexanchus nakamurai,SHARKS_RAYS_CHIMAERAS_intersection,NT,33655.5,0.484
Hydrolagus affinis,SHARKS_RAYS_CHIMAERAS_intersection,LC,29869.73,0.484
Hydrolagus mirabilis,SHARKS_RAYS_CHIMAERAS_intersection,LC,12615.74,0.484
Hydrolagus pallidus,SHARKS_RAYS_CHIMAERAS_intersection,LC,12372.55,0.484
Isurus oxyrinchus,SHARKS_RAYS_CHIMAERAS_intersection,EN,411268.64,0.484
Isurus paucus,SHARKS_RAYS_CHIMAERAS_intersection,EN,122864.41,0.484
Lamna nasus,SHARKS_RAYS_CHIMAERAS_intersection,VU,411268.64,0.484
Leucoraja circularis,SHARKS_RAYS_CHIMAERAS_intersection,EN,73469.22,0.484
Leucoraja fullonica,SHARKS_RAYS_CHIMAERAS_intersection,VU,73468.36,0.484
Leucoraja naevus,SHARKS_RAYS_CHIMAERAS_intersection,LC,73469.48,0.484
Mitsukurina owstoni,SHARKS_RAYS_CHIMAERAS_intersection,LC,37973.44,0.484
Mobula mobular,SHARKS_RAYS_CHIMAERAS_intersection,EN,32753.17,0.484
Mobula tarapacana,SHARKS_RAYS_CHIMAERAS_intersection,EN,40125.67,0.484
Mustelus asterias,SHARKS_RAYS_CHIMAERAS_intersection,NT,19597.41,0.484
Myliobatis aquila,SHARKS_RAYS_CHIMAERAS_intersection,CR,29155.23,0.484
Neoraja iberica,SHARKS_RAYS_CHIMAERAS_intersection,LC,109902.76,0.484
Odontaspis ferox,SHARKS_RAYS_CHIMAERAS_intersection,EN,35217.35,0.484
Oxynotus centrina,SHARKS_RAYS_CHIMAERAS_intersection,EN,30115.07,0.484
Oxynotus paradoxus,SHARKS_RAYS_CHIMAERAS_intersection,VU,13865.12,0.484
Prionace glauca,SHARKS_RAYS_CHIMAERAS_intersection,NT,411268.64,0.484
Pseudotriakis microdon,SHARKS_RAYS_CHIMAERAS_intersection,LC,121053.4,0.484
Raja brachyura,SHARKS_RAYS_CHIMAERAS_intersection,NT,33048.43,0.484
Raja clavata,SHARKS_RAYS_CHIMAERAS_intersection,NT,30252.37,0.484
Raja microocellata,SHARKS_RAYS_CHIMAERAS_intersection,NT,47526.45,0.484
Raja miraletus,SHARKS_RAYS_CHIMAERAS_intersection,LC,0.61,0.484
Raja montagui,SHARKS_RAYS_CHIMAERAS_intersection,LC,29071.05,0.484
Raja undulata,SHARKS_RAYS_CHIMAERAS_intersection,NT,16953.66,0.484
Rajella bigelowi,SHARKS_RAYS_CHIMAERAS_intersection,LC,34650.7,0.484
Rajella kukujevi,SHARKS_RAYS_CHIMAERAS_intersection,LC,16711.95,0.484
Rhinobatos rhinobatos,SHARKS_RAYS_CHIMAERAS_intersection,CR,17219.18,0.484
Rhinochimaera atlantica,SHARKS_RAYS_CHIMAERAS_intersection,LC,12094.98,0.484
Rostroraja alba,SHARKS_RAYS_CHIMAERAS_intersection,EN,28556.57,0.484
Scyliorhinus canicula,SHARKS_RAYS_CHIMAERAS_intersection,LC,33215.37,0.484
Scyliorhinus stellaris,SHARKS_RAYS_CHIMAERAS_intersection,VU,26609.55,0.484
Scymnodon ringens,SHARKS_RAYS_CHIMAERAS_intersection,VU,21441.48,0.484
Somniosus microcephalus,SHARKS_RAYS_CHIMAERAS_intersection,VU,31637.48,0.484
Somniosus rostratus,SHARKS_RAYS_CHIMAERAS_intersection,LC,27310.6,0.484
Sphyrna lewini,SHARKS_RAYS_CHIMAERAS_intersection,CR,46807.69,0.484
Sphyrna mokarran,SHARKS_RAYS_CHIMAERAS_intersection,CR,23980.7,0.484
Sphyrna zygaena,SHARKS_RAYS_CHIMAERAS_intersection,VU,93238.52,0.484
Squalus acanthias,SHARKS_RAYS_CHIMAERAS_intersection,VU,32720.82,0.484
Squalus margaretsmithae,SHARKS_RAYS_CHIMAERAS_intersection,LC,2418.12,0.484
Squatina squatina,SHARKS_RAYS_CHIMAERAS_intersection,CR,73469.49,0.484
Taeniurops grabatus,SHARKS_RAYS_CHIMAERAS_intersection,NT,26752.92,0.484
Tetronarce nobiliana,SHARKS_RAYS_CHIMAERAS_intersection,LC,33896.23,0.484
Torpedo marmorata,SHARKS_RAYS_CHIMAERAS_intersection,VU,25105.27,0.484
Torpedo torpedo,SHARKS_RAYS_CHIMAERAS_intersection,VU,25118.22,0.484
Zameus squamulosus,SHARKS_RAYS_CHIMAERAS_intersection,LC,42091.73,0.484
Acipenser sturio,STURGEONS_PADDLEFISHES_intersection2,CR,9772.88,0
Entelurus aequoreus,SYNGNATHIFORM_FISHES_intersection2,LC,73469.49,1
Fistularia petimba,SYNGNATHIFORM_FISHES_intersection2,LC,73468.57,1
Macroramphosus scolopax,SYNGNATHIFORM_FISHES_intersection2,LC,390431.95,1
Nerophis lumbriciformis,SYNGNATHIFORM_FISHES_intersection2,LC,73469.49,1
Nerophis ophidion,SYNGNATHIFORM_FISHES_intersection2,LC,73469.49,1
Syngnathus abaster,SYNGNATHIFORM_FISHES_intersection2,LC,12456.04,1
Syngnathus acus,SYNGNATHIFORM_FISHES_intersection2,LC,73465.97,1
Syngnathus rostellatus,SYNGNATHIFORM_FISHES_intersection2,LC,68623.67,1
Syngnathus typhle,SYNGNATHIFORM_FISHES_intersection2,LC,73469.49,1
Auxis rochei,TUNAS_BILLFISHES_SWORDFISH_intersection2,LC,171487.62,0.8827
Auxis thazard,TUNAS_BILLFISHES_SWORDFISH_intersection2,LC,171487.62,0.8827
Euthynnus alletteratus,TUNAS_BILLFISHES_SWORDFISH_intersection2,LC,374859.31,0.8827
Istiophorus platypterus,TUNAS_BILLFISHES_SWORDFISH_intersection2,VU,411268.64,0.8827
Kajikia albida,TUNAS_BILLFISHES_SWORDFISH_intersection2,LC,411268.64,0.8827
Katsuwonus pelamis,TUNAS_BILLFISHES_SWORDFISH_intersection2,LC,312768.85,0.8827
Makaira nigricans,TUNAS_BILLFISHES_SWORDFISH_intersection2,VU,108602.78,0.8827
Sarda sarda,TUNAS_BILLFISHES_SWORDFISH_intersection2,LC,372800.19,0.8827
Scomber colias,TUNAS_BILLFISHES_SWORDFISH_intersection2,LC,167300.03,0.8827
Scomber scombrus,TUNAS_BILLFISHES_SWORDFISH_intersection2,LC,411267.09,0.8827
Tetrapturus pfluegeri,TUNAS_BILLFISHES_SWORDFISH_intersection2,LC,102584.84,0.8827
Thunnus alalunga,TUNAS_BILLFISHES_SWORDFISH_intersection2,LC,408397.37,0.8827
Thunnus obesus,TUNAS_BILLFISHES_SWORDFISH_intersection2,VU,267291.34,0.8827
Thunnus thynnus,TUNAS_BILLFISHES_SWORDFISH_intersection2,LC,411268.64,0.8827
Xiphias gladius,TUNAS_BILLFISHES_SWORDFISH_intersection2,NT,411268.86,0.8827
Acantholabrus palloni,WRASSES_PARROTFISHES_intersection2,LC,73469.49,0.9946
Centrolabrus exoletus,WRASSES_PARROTFISHES_intersection2,LC,73469.49,0.9946
Coris julis,WRASSES_PARROTFISHES_intersection2,LC,62485.02,0.9946
Ctenolabrus rupestris,WRASSES_PARROTFISHES_intersection2,LC,73469.49,0.9946
Labrus bergylta,WRASSES_PARROTFISHES_intersection2,LC,73469.49,0.9946
Labrus merula,WRASSES_PARROTFISHES_intersection2,LC,8996.62,0.9946
Labrus mixtus,WRASSES_PARROTFISHES_intersection2,LC,73469.49,0.9946
Labrus viridis,WRASSES_PARROTFISHES_intersection2,VU,8996.62,0.9946
Sparisoma cretense,WRASSES_PARROTFISHES_intersection2,LC,9929.98,0.9946
Symphodus bailloni,WRASSES_PARROTFISHES_intersection2,LC,73469.49,0.9946
Symphodus cinereus,WRASSES_PARROTFISHES_intersection2,LC,73469.49,0.9946
Symphodus mediterraneus,WRASSES_PARROTFISHES_intersection2,LC,73469.49,0.9946
Symphodus melops,WRASSES_PARROTFISHES_intersection2,LC,73469.49,0.9946
Symphodus roissali,WRASSES_PARROTFISHES_intersection2,LC,73469.49,0.9946
Symphodus tinca,WRASSES_PARROTFISHES_intersection2,LC,49297.64,0.9946
Thalassoma pavo,WRASSES_PARROTFISHES_intersection2,LC,10.84,0.9946
Xyrichtys novacula,WRASSES_PARROTFISHES_intersection2,LC,17871.94,0.9946
