species,iucn_category,area_km2,biodiversity_score
Haliotis tuberculata,VU,1948.7684786182654,0.4666666666666666
accipiter gentilis,LC,0.3683591941997707,1
accipiter nisus,LC,0.3683591941997707,1
acrocephalus arundinaceus,LC,6.772571966794101,1
acrocephalus paludicola,VU,0.36800307423808426,0.4666666666666666
acrocephalus scirpaceus,LC,0.6615906774516395,1
actitis hypoleucos,LC,0.3683591941997707,1
aegithalos caudatus,LC,0.36835921283901485,1
alauda arvensis,LC,0.3683591941997707,1
alca torda,LC,344.32939855034635,1
alcedo atthis,LC,49.05267847421497,1
anas acuta,LC,3.14109763625208,1
anas crecca,LC,0.3683591941997707,1
anas platyrhynchos,LC,0.3683591941997707,1
anthus petrosus,LC,0.3683591941997707,1
anthus pratensis,LC,0.3683591941997707,1
anthus spinoletta,LC,0.3683591941997707,1
anthus trivialis,LC,0.661590755158415,1
apus apus,LC,0.3683591941997707,1
ardea cinerea,LC,0.36800307423808426,1
ardenna gravis,LC,344.32939855034635,1
ardenna grisea,NT,344.32939855034635,0.7333333333333334
arenaria interpres,NT,344.32939855034635,0.7333333333333334
asio flammeus,LC,4.564681446200758,1
asio otus,LC,14.982769474627297,1
athene noctua,LC,0.3683591941997707,1
aythya ferina,VU,0.3683591941997707,0.4666666666666666
aythya fuligula,LC,0.3683591941997707,1
aythya marila,LC,417.07998613303664,1
branta bernicla,LC,5.192538185687828,1
bulweria bulwerii,LC,344.32939855034635,1
burhinus oedicnemus,LC,5.210455435536613,1
buteo buteo,LC,0.3683945580025017,1
calandrella brachydactyla,LC,0.0216989951759167,1
calidris alba,LC,344.32939855034635,1
calidris alpina,NT,344.32939855034635,0.7333333333333334
calidris canutus,NT,344.32939855034635,0.7333333333333334
calidris falcinellus,VU,173.1690138070755,0.4666666666666666
calidris ferruginea,VU,344.32939855034635,0.4666666666666666
calidris maritima,LC,0.20996366016215343,1
calidris minuta,LC,0.3683591941997707,1
calonectris borealis,LC,344.32939855034635,1
calonectris diomedea,LC,344.32939855034635,1
caprimulgus europaeus,LC,5.2104554355368515,1
carduelis carduelis,LC,0.3683591941997707,1
catharacta skua,LC,344.32939855034635,1
certhia brachydactyla,LC,0.3683591941997707,1
charadrius alexandrinus,LC,5.194284163509334,1
charadrius dubius,LC,2.902947418376982,1
charadrius hiaticula,LC,0.3683591941997707,1
chlidonias niger,LC,1335.9834510657347,1
chloris chloris,LC,0.3683591941997707,1
cinclus cinclus,LC,28.806856261961986,1
circaetus gallicus,LC,0.3683591941997707,1
circus aeruginosus,LC,0.008164601502835751,1
circus cyaneus,LC,0.3734095898602307,1
circus pygargus,LC,0.3683591941997707,1
cisticola juncidis,LC,0.3683591941997707,1
clamator glandarius,LC,3.3320393061257025,1
coccothraustes coccothraustes,LC,0.6615906774516395,1
columba palumbus,LC,0.3683591941997707,1
corvus corax,LC,0.3683591941997707,1
corvus corone,LC,0.3683591941997707,1
corvus monedula,LC,5.2104554355368515,1
coturnix coturnix,LC,0.3683591941997707,1
cuculus canorus,LC,0.3683592194860503,1
curruca communis,LC,0.3683591941997707,1
curruca melanocephala,LC,0.36800307423808426,1
curruca undata,NT,0.3683591941997707,0.7333333333333333
cyanistes caeruleus,LC,0.3683591941997707,1
delichon urbicum,LC,0.3683591941997707,1
dendrocopos major,LC,0.3683591941997707,1
emberiza calandra,LC,5.205459862493597,1
emberiza cia,LC,0.6615906774516395,1
emberiza cirlus,LC,0.36800307423808426,1
emberiza citrinella,LC,0.0049681028995215894,1
emberiza schoeniclus,LC,0.03958027984358883,1
erithacus rubecula,LC,0.3683591941997707,1
falco peregrinus,LC,0.3683591941997707,1
falco subbuteo,LC,0.15182892693600059,1
falco tinnunculus,LC,0.3683593124979362,1
ficedula parva,LC,0.36800307423808426,1
fratercula arctica,VU,344.32939855034635,0.4666666666666666
fringilla coelebs,LC,0.3683591941997707,1
fringilla montifringilla,LC,0.3683591941997707,1
fulica atra,LC,5.2104554355368515,1
galerida cristata,LC,0.04378521642247401,1
gallinago gallinago,LC,0.37402881324635445,1
gallinula chloropus,LC,0.3683592194860503,1
garrulus glandarius,LC,0.3683591941997707,1
gavia arctica,LC,365.1119768902588,1
gavia immer,LC,757.7986970439806,1
gavia stellata,LC,2450.334999520344,1
gulosus aristotelis,LC,1107.802434013157,1
haematopus ostralegus,NT,0.3683591941997707,0.7333333333333333
himantopus himantopus,LC,0.37407780403596164,1
hippolais polyglotta,LC,0.3683591941997707,1
hirundo rustica,LC,0.3683591941997707,1
hydrobates castro,LC,344.32939855034635,1
hydrobates jabejabe,LC,344.32939855034635,1
hydrobates leucorhous,VU,344.32939855034635,0.4666666666666666
hydrobates pelagicus,LC,344.32939855034635,1
hydrocoloeus minutus,LC,2203.182768468174,1
jynx torquilla,LC,18.119928295025517,1
lanius collurio,LC,1.6413861974895434,1
lanius meridionalis,VU,0.36800328805720806,0.4666666666666666
lanius senator,NT,13.944591242932983,0.7333333333333334
larus argentatus,LC,258.7281937785988,1
larus canus,LC,1226.563888443346,1
larus fuscus,LC,734.6262895944824,1
larus marinus,LC,90.06065955070878,1
larus melanocephalus,LC,1127.3064699202928,1
larus michahellis,LC,1287.6204148182792,1
larus ridibundus,LC,344.32939855034635,1
limosa lapponica,NT,344.32939855034635,0.7333333333333334
limosa limosa,NT,0.6615906774516395,0.7333333333333334
linaria cannabina,LC,0.3683591941997707,1
lophophanes cristatus,LC,0.3683591941997707,1
loxia curvirostra,LC,0.6615906774516395,1
lullula arborea,LC,0.3683591941997707,1
luscinia megarhynchos,LC,5.451360655795991,1
lymnocryptes minimus,LC,0.3683591941997707,1
mareca penelope,LC,0.3683591941997707,1
mareca strepera,LC,1.279206959874002,1
melanitta fusca,VU,203.9908673216063,0.4666666666666666
melanitta nigra,LC,1510.4661386689263,1
milvus migrans,LC,0.3683591941997707,1
morus bassanus,LC,344.32939855034635,1
motacilla alba,LC,0.3683591941997707,1
motacilla cinerea,LC,202.51647921110762,1
motacilla flava,LC,0.3683591941997707,1
muscicapa striata,LC,0.6615907130662216,1
numenius arquata,NT,0.36800307423808426,0.7333333333333334
numenius phaeopus,LC,0.3683591941997707,1
oceanites oceanicus,LC,344.32939855034635,1
oenanthe oenanthe,LC,6.23655810071218,1
oriolus oriolus,LC,6.015825898164576,1
otus scops,LC,0.36339120604103803,1
pandion haliaetus,LC,0.3684778980529681,1
parus major,LC,0.3683591941997707,1
passer domesticus,LC,0.5903972378278999,1
passer montanus,LC,0.6615906774516395,1
periparus ater,LC,0.3683591941997707,1
pernis apivorus,LC,0.3683591941997707,1
petronia petronia,LC,19.391160131260037,1
phoenicurus ochruros,LC,0.3683591941997707,1
phoenicurus phoenicurus,LC,0.661590755158415,1
phylloscopus collybita,LC,0.37434765889167787,1
phylloscopus ibericus,LC,0.36800307423808426,1
phylloscopus trochilus,LC,0.36800307423808426,1
pica pica,LC,0.3683591941997707,1
picus sharpei,LC,0.37015917528393866,1
pinguinus impennis,EX,948.4995698640099,0
pluvialis apricaria,LC,0.3683591941997707,1
pluvialis squatarola,VU,344.32939855034635,0.4666666666666666
podiceps cristatus,LC,959.9663078218313,1
podiceps nigricollis,LC,383.0514486676073,1
poecile palustris,LC,4.447636208471246,1
prunella collaris,LC,0.3683591941997707,1
prunella modularis,LC,0.3683591941997707,1
pterodroma cahow,EN,344.32939855034635,0.20000000000000004
pterodroma deserta,VU,344.32939855034635,0.4666666666666666
pterodroma feae,NT,344.32939855034635,0.7333333333333334
pterodroma madeira,EN,344.32939855034635,0.20000000000000004
ptyonoprogne rupestris,LC,10.045622506519633,1
puffinus lherminieri,LC,344.32939855034635,1
puffinus mauretanicus,CR,1178.4839464921704,0
puffinus puffinus,LC,344.32939855034635,1
pyrrhocorax pyrrhocorax,LC,5.2104554355368515,1
pyrrhula pyrrhula,LC,0.3683591941997707,1
rallus aquaticus,LC,0.3009510751310368,1
recurvirostra avosetta,LC,89.34330570050898,1
regulus ignicapilla,LC,0.36800307423808426,1
regulus regulus,LC,13.462212998990623,1
riparia riparia,LC,0.3683591941997707,1
rissa tridactyla,VU,344.32939855034635,0.4666666666666666
saxicola torquatus,LC,0.3683591941997707,1
scolopax rusticola,LC,0.3683591941997707,1
serinus serinus,LC,0.3683591941997707,1
sitta europaea,LC,7.611024869645521,1
somateria mollissima,NT,72.24097218757343,0.7333333333333334
spatula clypeata,LC,0.3683591941997707,1
spatula querquedula,LC,0.0049681028995215894,1
spinus spinus,LC,0.3683591941997707,1
stercorarius pomarinus,LC,344.32939855034635,1
streptopelia decaocto,LC,0.6615906817068644,1
streptopelia turtur,VU,0.3683591941997707,0.4666666666666666
strix aluco,LC,0.37406604523155096,1
sturnus unicolor,LC,0.36800307423808426,1
sturnus vulgaris,LC,0.3683591941997707,1
sylvia atricapilla,LC,2.2323626991233256,1
sylvia borin,LC,0.36800307423808426,1
tachybaptus ruficollis,LC,0.3683591941997707,1
tachymarptis melba,LC,0.3683591941997707,1
thalasseus sandvicensis,LC,899.5651422580744,1
tichodroma muraria,LC,4.564681446200758,1
tringa nebularia,LC,0.3683591941997707,1
tringa ochropus,LC,0.44910209329296624,1
tringa totanus,LC,0.3683591941997707,1
troglodytes troglodytes,LC,0.3683591941997707,1
turdus iliacus,NT,0.36800307423808426,0.7333333333333334
turdus merula,LC,0.36835921283901485,1
turdus philomelos,LC,0.3683591941997707,1
turdus pilaris,LC,0.3683591941997707,1
turdus viscivorus,LC,0.3683591941997707,1
tyto alba,LC,0.3683591941997707,1
upupa epops,LC,0.3683591941997707,1
uria aalge,LC,344.32939855034635,1
vanellus vanellus,NT,0.3683591941997707,0.7333333333333333
xema sabini,LC,344.32939855034635,1
Blennius ocellaris,LC,1948.7685745722376,1
Coryphoblennius galerita,LC,1948.7684706665523,1
Lipophrys pholis,LC,1948.7684807155254,1
Lipophrys trigloides,LC,1948.7684770674389,1
Parablennius gattorugine,LC,1948.7684807155254,1
Parablennius incognitus,LC,20.932708519224644,1
Parablennius pilicornis,LC,43.74161196738697,1
Parablennius ruber,LC,1948.7685745722376,1
Parablennius sanguinolentus,LC,1948.7684770674389,1
Parablennius tentacularis,LC,1948.7684770674389,1
Salaria pavo,LC,1948.7684811997706,1
Scartella cristata,LC,43.74161196738697,1
Tripterygion delaisi,LC,1948.7686786336315,1
Antigonia capros,LC,1948.5139621059984,1
Argyrosomus regius,LC,1948.6888619369324,1
Boops boops,LC,1948.6888909413192,1
Callanthias ruber,LC,1635.2183397561928,1
Capros aper,LC,1635.218384401899,1
Centracanthus cirrus,LC,9.153473713355542,1
Cepola macrophthalma,LC,1635.3551638521371,1
Dentex dentex,VU,1948.7684786182654,0.4666666666666666
Dentex macrophthalmus,LC,1948.7684786182654,1
Dentex maroccanus,LC,1948.76861304172,1
Dicentrarchus labrax,NT,1682.3008805226912,0.7333333333333335
Dicentrarchus punctatus,LC,1948.7684897994066,1
Diplodus annularis,LC,1948.688889367604,1
Diplodus cervinus,LC,1948.688889367604,1
Diplodus puntazzo,LC,1948.688889367604,1
Diplodus sargus,LC,1948.7684786182654,1
Diplodus vulgaris,LC,1948.688889367604,1
Lithognathus mormyrus,LC,1948.688889367604,1
Morone saxatilis,LC,3.1533980594480986,1
Oblada melanura,LC,1948.688889367604,1
Pagellus acarne,LC,1948.7684786182654,1
Pagellus bogaraveo,NT,1948.7684786182654,0.7333333333333334
Pagellus erythrinus,LC,1948.7684786182654,1
Pagrus auriga,LC,604.9623942509621,1
Pagrus pagrus,LC,1948.7684786182654,1
Sarpa salpa,LC,1948.5723556248279,1
Sciaena umbra,NT,1948.7020238313348,0.7333333333333334
Sparus aurata,LC,1948.688889367604,1
Spicara maena,LC,1948.7684706665523,1
Spondyliosoma cantharus,LC,1948.7684786182654,1
Umbrina canariensis,LC,43.741634105295375,1
Umbrina cirrosa,VU,1948.7684902836518,0.4666666666666666
Arnoglossus imperialis,LC,1948.6937186340372,1
Arnoglossus laterna,LC,1948.6937186340372,1
Bathysolea profundicola,LC,344.32939855034635,1
Bothus podas,LC,1862.6558350124003,1
Buglossidium luteum,LC,1948.7684706665523,1
Campogramma glaycos,LC,1948.56404902502,1
Coryphaena hippurus,LC,344.32939855034635,1
Dicologlossa cuneata,LC,1948.7684807155254,1
Istiophorus platypterus,VU,344.32939855034635,0.4666666666666666
Kajikia albida,LC,344.32939855034635,1
Lepidorhombus boscii,LC,1635.2183294731574,1
Lepidorhombus whiffiagonis,LC,1635.2183294731574,1
Lichia amia,LC,43.718313920843364,1
Makaira nigricans,VU,344.32939855034635,0.4666666666666666
Microchirus variegatus,LC,1948.7684706665523,1
Naucrates ductor,LC,1948.6861393171687,1
Pegusa lascaris,LC,1948.7684706665523,1
Phtheirichthys lineatus,LC,11.140011575546891,1
Platichthys flesus,LC,3.1533980594480986,1
Pleuronectes platessa,LC,865.1665831854563,1
Pseudocaranx dentex,LC,1948.6943383144512,1
Remora remora,LC,344.32939855034635,1
Scophthalmus maximus,LC,118.33527770486069,1
Scophthalmus rhombus,LC,1948.7020238313348,1
Seriola carpenteri,LC,1948.76861304172,1
Seriola dumerili,LC,43.74161196738697,1
Seriola fasciata,LC,1948.7686786336315,1
Sphyraena sphyraena,LC,1948.6569088227695,1
Sphyraena viridensis,LC,1948.7686886826045,1
Symphurus nigrescens,LC,1635.3551480387362,1
Tetrapturus pfluegeri,LC,344.32939855034635,1
Trachinotus ovatus,LC,1948.7686786336315,1
Trachurus mediterraneus,LC,382.0146292172258,1
Trachurus picturatus,LC,1635.218687069293,1
Trachurus trachurus,VU,1608.226050038559,0.4666666666666666
Xiphias gladius,NT,344.32939855034635,0.7333333333333334
Zeugopterus punctatus,LC,1948.7684706665523,1
Zeugopterus regius,LC,1948.6888281308532,1
Alosa alosa,CR,0.14937376228944213,0
Alosa fallax,LC,1682.3008735821697,1
Engraulis encrasicolus,LC,1948.7157803131472,1
Sardina pilchardus,LC,1948.7157803131472,1
Sprattus sprattus,LC,1948.7684050744656,1
Anguilla anguilla,CR,1930.2216357602567,0
Avocettina infans,LC,344.32939855034635,1
Conger conger,LC,1948.7684786182654,1
Cyema atrum,LC,344.32939855034635,1
Dalophis imberbis,LC,1948.7684797504335,1
Derichthys serpentinus,LC,344.32939855034635,1
Echelus myrus,LC,1948.7684706665523,1
Eurypharynx pelecanoides,LC,344.32939855034635,1
Facciolella oxyrhyncha,LC,1948.7684797504335,1
Gymnothorax unicolor,LC,1948.7684706665523,1
Ilyophis brunneus,LC,344.32939855034635,1
Muraena helena,LC,1948.7684706665523,1
Nemichthys scolopaceus,LC,344.32939855034635,1
Nessorhamphus ingolfianus,LC,344.32939855034635,1
Nettastoma melanurum,LC,663.4724974544849,1
Ophisurus serpens,LC,1635.2184035409903,1
Pisodonophis semicinctus,LC,1948.7684706665523,1
Saccopharynx ampullaceus,LC,344.32939855034635,1
Serrivomer beanii,LC,344.32939855034635,1
Simenchelys parasitica,LC,94.64190432599258,1
Synaphobranchus kaupii,LC,344.32939855034635,1
Venefica proboscidea,LC,1488.7133321635818,1
Acipenser sturio,CR,451.6231158610734,0
Atherina boyeri,LC,34.621472813857466,1
Chelon labrosus,NT,1716.7426488350898,0.7333333333333334
Mugil cephalus,LC,43.736246311288255,1
Petromyzon marinus,LC,11.422885165512458,1
Planiliza subviridis,LC,1948.7684786182654,1
Pomatoschistus microps,LC,3.1533980594480986,1
Pomatoschistus minutus,LC,1948.7020238313348,1
Syngnathus typhle,LC,1948.7684685692923,1
Chelon auratus,NT,1716.7426488350898,0.7333333333333334
Chelon ramada,NT,1716.7426488350898,0.7333333333333334
Chelon saliens,NT,1716.7426527546988,0.7333333333333335
Gasterosteus aculeatus,LC,395.41575990241597,1
Gobius paganellus,LC,1948.7684706665523,1
Kuhlia mugil,LC,3.1533980594480986,1
Salmo salar,NT,344.32939855034635,0.7333333333333334
Salmo trutta,LC,865.1665940204697,1
Syngnathus abaster,LC,154.96317648643182,1
Hydrobia acuta,LC,3.153398059448665,1
Myosotella myosotis,LC,0.33100064793764056,1
Arenaria interpres,NT,344.32939855034635,0.7333333333333334
Aythya fuligula,LC,0.3683602637784481,1
Calidris alba,LC,344.32939855034635,1
Calidris ferruginea,VU,344.32939855034635,0.4666666666666666
Calidris maritima,LC,0.20996114336793595,1
Haematopus ostralegus,NT,0.3683602637784481,0.7333333333333334
Hydrocoloeus minutus,LC,2203.1828740939673,1
Larus argentatus,LC,258.7280800942154,1
Larus melanocephalus,LC,1127.3062858449298,1
Larus ridibundus,LC,344.32939855034635,1
Limosa limosa,NT,0.6615882388558066,0.7333333333333334
Lutra lutra,NT,0.37138326987519116,0.7333333333333333
Melanitta nigra,LC,1510.4662675950317,1
Milvus migrans,LC,0.3683602637784481,1
Pluvialis apricaria,LC,0.3683602637784481,1
Spatula clypeata,LC,0.3683602637784481,1
Xema sabini,LC,344.32939855034635,1
Anas acuta,LC,3.1411028449744722,1
Anthus pratensis,LC,0.3683602637784481,1
Anthus spinoletta,LC,0.3683602637784481,1
Ardea cinerea,LC,0.36800412269135563,1
Aythya ferina,VU,0.3683602637784481,0.4666666666666666
Calidris alpina,NT,344.32939855034635,0.7333333333333334
Cisticola juncidis,LC,0.3683602637784481,1
Corvus corone,LC,0.3683602637784481,1
Himantopus himantopus,LC,0.3740732285466492,1
Larus canus,LC,1226.5637966428815,1
Larus fuscus,LC,734.6261462369347,1
Numenius phaeopus,LC,0.3683602637784481,1
Oenanthe oenanthe,LC,6.236563379871238,1
Pandion haliaetus,LC,0.36847883437356355,1
Recurvirostra avosetta,LC,89.34327771387652,1
Stercorarius pomarinus,LC,344.32939855034635,1
Tachybaptus ruficollis,LC,0.3683602637784481,1
Tringa nebularia,LC,0.3683602637784481,1
Alauda arvensis,LC,0.3683602637784481,1
Alcedo atthis,LC,49.052705837305844,1
Anthus petrosus,LC,0.3683602637784481,1
Aythya marila,LC,417.0799955959244,1
Calidris canutus,NT,344.32939855034635,0.7333333333333334
Calidris falcinellus,VU,173.16886918712234,0.4666666666666666
Charadrius alexandrinus,LC,5.194222222808725,1
Charadrius dubius,LC,2.9029490254432915,1
Charadrius hiaticula,LC,0.3683602637784481,1
Falco peregrinus,LC,0.3683602637784481,1
Fulica atra,LC,5.210464184747409,1
Gavia arctica,LC,365.11183198145295,1
Limosa lapponica,NT,0.3683602637784481,0.7333333333333334
Mareca penelope,LC,0.3683602637784481,1
Numenius arquata,NT,0.36800412269135563,0.7333333333333334
Pluvialis squatarola,VU,344.32939855034635,0.4666666666666666
Podiceps cristatus,LC,959.9661256796946,1
Poecile palustris,LC,4.447634538134969,1
Tringa totanus,LC,0.3683602637784481,1
Actitis hypoleucos,LC,0.3683602637784481,1
Branta bernicla,LC,5.192538359535007,1
Calidris minuta,LC,0.3683602637784481,1
Chlidonias niger,LC,1335.9833405347476,1
Gallinula chloropus,LC,0.3683602402100712,1
Gavia immer,LC,757.7985942475428,1
Gavia stellata,LC,2450.335211735329,1
Gulosus aristotelis,LC,1107.8024711394185,1
Larus michahellis,LC,1287.620295243496,1
Lymnocryptes minimus,LC,0.3683602637784481,1
Melanitta fusca,VU,203.99092642495037,0.4666666666666666
Podiceps nigricollis,LC,383.05155203109405,1
Spatula querquedula,LC,0.004968660558581352,1
Bolboschoenus maritimus,LC,3.1533980594480986,1
Zostera noltii,LC,1948.76861304172,1
Mycteroperca marginata,VU,1948.6948292286158,0.4666666666666666
Myxine glutinosa,LC,1635.2183397561928,1
Cardus crucifer,LC,374.18668251534376,1
Homarus gammarus,LC,1948.76861304172,1
Nephrops norvegicus,LC,531.5516839637818,1
Nephropsis atlantica,LC,344.32939855034635,1
Palinurus mauritanicus,LC,1635.2187682827253,1
Polycheles typhlops,LC,1635.2183397561928,1
Scyllarus arctus,LC,1948.76861304172,1
Stereomastis nana,LC,1635.2183397561928,1
Stereomastis sculpta,LC,390.4501268706216,1
Balaenoptera acutorostrata,LC,344.32939855034635,1
Balaenoptera borealis,EN,344.32939855034635,0.20000000000000004
Balaenoptera musculus,EN,344.32939855034635,0.20000000000000004
Balaenoptera physalus,VU,344.32939855034635,0.4666666666666666
Delphinus delphis,LC,344.32939855034635,1
Eubalaena glacialis,CR,344.32939855034635,0
Feresa attenuata,LC,344.32939855034635,1
Globicephala macrorhynchus,LC,344.32939855034635,1
Globicephala melas,LC,344.32939855034635,1
Grampus griseus,LC,344.32939855034635,1
Hyperoodon ampullatus,NT,344.32939855034635,0.7333333333333334
Kogia breviceps,LC,344.32939855034635,1
Kogia sima,LC,344.32939855034635,1
Lagenorhynchus albirostris,LC,148.2877502654171,1
Megaptera novaeangliae,LC,344.32939855034635,1
Mesoplodon bidens,LC,344.32939855034635,1
Mesoplodon densirostris,LC,344.32939855034635,1
Mesoplodon europaeus,LC,344.32939855034635,1
Mesoplodon mirus,LC,344.32939855034635,1
Phocoena phocoena,LC,61.35409941295481,1
Physeter macrocephalus,VU,344.32939855034635,0.4666666666666666
Pseudorca crassidens,NT,135.5518525487957,0.7333333333333334
Stenella coeruleoalba,LC,344.32939855034635,1
Steno bredanensis,LC,512.1335071294651,1
Tursiops truncatus,LC,344.32939855034635,1
Ziphius cavirostris,LC,344.32939855034635,1
Alopias vulpinus,VU,1551.185854547049,0.4666666666666666
Argyropelecus aculeatus,LC,344.32939855034635,1
Astronesthes leucopogon,LC,344.32939855034635,1
Auxis rochei,LC,452.2142936224651,1
Auxis thazard,LC,452.2142936224651,1
Bathophilus metallicus,LC,344.32939855034635,1
Benthosema glaciale,LC,344.32939855034635,1
Cataetyx alleni,LC,1635.218687069293,1
Cataetyx laticeps,LC,1105.114873963292,1
Centrophorus squamosus,EN,262.66457385441396,0.20000000000000004
Centroscyllium fabricii,LC,28.201024794885157,1
Chaenophryne ramifera,LC,1635.2187682827253,1
Chauliodus danae,LC,344.32939855034635,1
Chauliodus sloani,LC,344.32939855034635,1
Chirostomias pliopterus,LC,344.32939855034635,1
Chlorophthalmus agassizi,LC,1634.9326215255694,1
Diaphus effulgens,LC,344.32939855034635,1
Dipturus nidarosiensis,EN,376.6467892799644,0.19999999999999996
Diretmus argenteus,LC,344.32939855034635,1
Galeorhinus galeus,CR,1721.8187279207439,0
Halobatrachus didactylus,LC,1948.7684786182654,1
Hygophum hygomii,LC,344.32939855034635,1
Labrus bergylta,LC,1948.7684786182654,1
Lagocephalus lagocephalus,LC,813.5265344887314,1
Lampadena speculigera,LC,344.32939855034635,1
Leptostomias haplocaulus,LC,344.32939855034635,1
Lestidiops similis,LC,344.32939855034635,1
Masturus lanceolatus,LC,344.32939855034635,1
Maurolicus muelleri,LC,344.32939855034635,1
Melamphaes falsidicus,LC,344.32939855034635,1
Melamphaes simus,LC,344.32939855034635,1
Melanocetus johnsonii,LC,344.32939855034635,1
Melanostomias macrophotus,LC,344.32939855034635,1
Nerophis lumbriciformis,LC,1948.7686765363715,1
Notoscopelus kroyeri,LC,344.32939855034635,1
Photonectes mirabilis,LC,1635.3551638521371,1
Photostomias guernei,LC,344.32939855034635,1
Polymetme thaeocoryla,LC,1030.3575275878973,1
Raja microocellata,NT,676.2643840488529,0.7333333333333334
Raja miraletus,LC,0.5551087069303244,1
Ranzania laevis,LC,344.32939855034635,1
Rhinochimaera atlantica,LC,108.80993431253255,1
Scopelosaurus lepidus,LC,344.32939855034635,1
Scyliorhinus canicula,LC,1751.4493181695066,1
Somniosus rostratus,LC,1106.4626551444276,1
Sphoeroides pachygaster,LC,1948.7684786182654,1
Stomias longibarbatus,LC,344.32939855034635,1
Torpedo torpedo,VU,1523.0058180209994,0.4666666666666666
Trachipterus arcticus,LC,344.32939855034635,1
Acantholabrus palloni,LC,1948.76861304172,1
Aluterus monoceros,LC,55.44623493962756,1
Aluterus scriptus,LC,1948.7684685692923,1
Argyropelecus gigas,LC,344.32939855034635,1
Bassozetus compressus,LC,344.32939855034635,1
Bathophilus nigerrimus,LC,344.32939855034635,1
Bathophilus vaillanti,LC,344.32939855034635,1
Bolinichthys indicus,LC,344.32939855034635,1
Carapus acus,LC,1948.76861304172,1
Carcharhinus plumbeus,EN,1519.261459072073,0.20000000000000004
Carcharodon carcharias,VU,344.32939855034635,0.4666666666666666
Caulophryne jordani,LC,344.32939855034635,1
Ceratias holboelli,LC,344.32939855034635,1
Ceratoscopelus maderensis,LC,344.32939855034635,1
Chimaera monstrosa,VU,151.6863273700633,0.4666666666666666
Chimaera opalescens,LC,5.927761185139895,1
Dasyatis pastinaca,VU,1352.5097682221046,0.4666666666666666
Diaphus rafinesquii,LC,344.32939855034635,1
Dolopichthys allector,LC,1635.2187682827253,1
Etmopterus princeps,LC,28.201024794885157,1
Eustomias macrurus,LC,344.32939855034635,1
Euthynnus alletteratus,LC,344.32939855034635,1
Evermannella balbo,LC,344.32939855034635,1
Flagellostomias boureei,LC,344.32939855034635,1
Galeus melastomus,LC,654.6755025083442,1
Gonostoma denudatum,LC,344.32939855034635,1
Gonostoma elongatum,LC,344.32939855034635,1
Gymnura altavela,EN,1276.7220911745717,0.20000000000000004
Hexanchus griseus,NT,191.64439898905957,0.7333333333333334
Isurus oxyrinchus,EN,344.32939855034635,0.20000000000000004
Lampanyctus alatus,LC,344.32939855034635,1
Lampanyctus crocodilus,LC,344.32939855034635,1
Lampanyctus photonotus,LC,344.32939855034635,1
Leptostomias longibarba,LC,1635.2183397561928,1
Linophryne coronata,LC,344.32939855034635,1
Lobianchia gemellarii,LC,344.32939855034635,1
Melanostomias valdiviae,LC,344.32939855034635,1
Neoraja iberica,LC,1864.543675764577,1
Oxynotus paradoxus,VU,4.75510353165555,0.4666666666666666
Pentherichthys atratus,LC,344.32939855034635,1
Pollichthys mauli,LC,344.32939855034635,1
Porogadus miles,LC,344.32939855034635,1
Prionace glauca,NT,344.32939855034635,0.7333333333333334
Scopelosaurus argenteus,LC,711.7044165400786,1
Spectrunculus crassus,LC,344.32939855034635,1
Sphyrna zygaena,VU,43.74161196738697,0.4666666666666666
Squalus margaretsmithae,LC,1355.4893804062478,1
Sternoptyx pseudobscura,LC,344.32939855034635,1
Symphodus melops,LC,1948.7684962002932,1
Syngnathus rostellatus,LC,4.16187698285012,1
Trigonolampa miriceps,LC,344.32939855034635,1
Aetomylaeus bovinus,CR,1276.1178055778964,0
Alopias superciliosus,VU,344.32939855034635,0.4666666666666666
Arctozenus risso,LC,344.32939855034635,1
Argyropelecus olfersii,LC,344.32939855034635,1
Aristostomias tittmanni,LC,344.32939855034635,1
Astronesthes niger,LC,344.32939855034635,1
Bathysaurus ferox,LC,819.3104458672802,1
Bonapartia pedaliota,LC,344.32939855034635,1
Borostomias antarcticus,LC,344.32939855034635,1
Brotulotaenia crassa,LC,344.32939855034635,1
Carcharhinus longimanus,CR,344.32939855034635,0
Centrolabrus exoletus,LC,1948.768527710963,1
Centroselachus crepidater,NT,21.789049651055574,0.7333333333333334
Chaunax suttkusi,LC,19.863769282470525,1
Cyclothone acclinidens,LC,344.32939855034635,1
Cyclothone microdon,LC,344.32939855034635,1
Deania calceus,NT,541.1427959879909,0.7333333333333334
Diaphus holti,LC,344.32939855034635,1
Diaphus metopoclampus,LC,344.32939855034635,1
Dolopichthys longicornis,LC,1651.7547346422696,1
Grammatostomias flagellibarba,LC,344.32939855034635,1
Himantolophus mauli,LC,344.32939855034635,1
Hydrolagus pallidus,LC,776.0505244062442,1
Lampanyctus pusillus,LC,344.32939855034635,1
Lestidiops jayakari,LC,344.32939855034635,1
Leucoraja fullonica,VU,1948.7036227712697,0.4666666666666666
Linophryne pennibarbata,LC,1635.2183397561928,1
Loweina interrupta,LC,344.32939855034635,1
Macroparalepis affinis,LC,344.32939855034635,1
Macroramphosus scolopax,LC,344.32939855034635,1
Melanostomias spilorhynchus,LC,344.32939855034635,1
Microlophichthys microlophus,LC,1635.2187682827253,1
Neonesthes capensis,LC,344.32939855034635,1
Notoscopelus resplendens,LC,344.32939855034635,1
Oneirodes eschrichtii,LC,344.32939855034635,1
Oneirodes macrosteus,LC,344.32939855034635,1
Ophidion barbatum,LC,1948.7684770674389,1
Rajella bigelowi,LC,35.530965723248,1
Sarda sarda,LC,1446.91843754327,1
Scomber colias,LC,163.6999914503765,1
Sparisoma cretense,LC,1899.3641675766546,1
Spectrunculus grandis,LC,799.2357623955586,1
Symphodus roissali,LC,1948.7684962002932,1
Thalassoma pavo,LC,4.362019590918064,1
Thunnus obesus,VU,344.32939855034635,0.4666666666666666
Anotopterus pharao,LC,344.32939855034635,1
Argyropelecus hemigymnus,LC,344.32939855034635,1
Astronesthes neopogon,LC,344.32939855034635,1
Bassozetus levistomatus,LC,344.32939855034635,1
Bassozetus nielseni,LC,344.32939855034635,1
Bathypterois longipes,LC,344.32939855034635,1
Bathytoshia lata,VU,1694.7885290080708,0.4666666666666666
Beryx decadactylus,LC,1635.2183227128726,1
Beryx splendens,LC,1635.2183265371737,1
Borostomias elucens,LC,344.32939855034635,1
Bufoceratias wedli,LC,344.32939855034635,1
Chaenophryne draco,LC,344.32939855034635,1
Cyclothone braueri,LC,344.32939855034635,1
Cyclothone livida,LC,51.35409501973498,1
Deania profundorum,NT,90.03884970945079,0.7333333333333333
Diceratias pileatus,LC,12.084255048934295,1
Diogenichthys atlanticus,LC,344.32939855034635,1
Dipturus oxyrinchus,VU,257.74890917423596,0.4666666666666666
Echiostoma barbatum,LC,344.32939855034635,1
Etmopterus pusillus,LC,350.95194984285155,1
Eustomias monodactylus,LC,344.32939855034635,1
Fistularia petimba,LC,1948.61967843824,1
Grammatostomias dentatus,LC,1635.2183397561928,1
Haplophryne mollis,LC,344.32939855034635,1
Hydrolagus affinis,LC,2116.5198378165856,1
Hydrolagus mirabilis,LC,549.6645747339268,1
Hygophum benoiti,LC,344.32939855034635,1
Idiacanthus fasciola,LC,344.32939855034635,1
Isurus paucus,EN,344.32939855034635,0.20000000000000004
Katsuwonus pelamis,LC,344.32939855034635,1
Labrus viridis,VU,1817.8846395520575,0.4666666666666666
Lampadena chavesi,LC,344.32939855034635,1
Lampanyctus festivus,LC,344.32939855034635,1
Lampanyctus macdonaldi,LC,344.32939855034635,1
Lestidiops sphyrenoides,LC,344.32939855034635,1
Leucoraja naevus,LC,1948.7285840295083,1
Lobianchia dofleini,LC,344.32939855034635,1
Magnisudis atlantica,LC,344.32939855034635,1
Myliobatis aquila,CR,1567.6049658730587,0
Notolychnus valdiviae,LC,344.32939855034635,1
Pachystomias microdon,LC,344.32939855034635,1
Raja montagui,LC,1714.6337761481009,1
Rondeletia loricata,LC,344.32939855034635,1
Scyliorhinus stellaris,VU,1518.3039541937721,0.4666666666666666
Scymnodon ringens,VU,519.060954294376,0.4666666666666666
Sigmops bathyphilus,LC,344.32939855034635,1
Somniosus microcephalus,VU,33.49255434026694,0.4666666666666666
Squalus acanthias,VU,6.075088200569629,0.4666666666666666
Squatina squatina,CR,1948.7684786182654,0
Sternoptyx diaphana,LC,344.32939855034635,1
Symbolophorus veranyi,LC,344.32939855034635,1
Symphodus cinereus,LC,1948.768486908305,1
Taaningichthys bathyphilus,LC,344.32939855034635,1
Thunnus alalunga,LC,344.32939855034635,1
Thunnus thynnus,LC,344.32939855034635,1
Torpedo marmorata,VU,1519.2702275111835,0.4666666666666666
Trachipterus trachypterus,LC,344.32939855034635,1
Xyrichtys novacula,LC,1948.7686001060624,1
Barathrites iris,LC,344.32939855034635,1
Benthalbella infans,LC,1635.2187682827253,1
Carcharhinus galapagensis,LC,43.74161196738697,1
Carcharhinus obscurus,EN,1948.7684786182654,0.20000000000000004
Centroscymnus coelolepis,NT,1635.2183397561928,0.7333333333333335
Cetorhinus maximus,EN,344.32939855034635,0.20000000000000004
Chaunax pictus,LC,1635.3548404010096,1
Ctenolabrus rupestris,LC,1948.7684786182654,1
Cyclothone alba,LC,344.32939855034635,1
Cyclothone pallida,LC,344.32939855034635,1
Dalatias licha,VU,5.240771220966101,0.4666666666666666
Electrona risso,LC,344.32939855034635,1
Entelurus aequoreus,LC,1948.7684685692923,1
Etmopterus spinax,VU,90.58186358238792,0.4666666666666666
Galeus murinus,LC,263.1028665782803,1
Hexanchus nakamurai,NT,20.981001684587877,0.7333333333333334
Hoplostethus mediterraneus,LC,929.4146464086313,1
Ijimaia loppei,LC,10.26604313038446,1
Lamna nasus,VU,344.32939855034635,0.4666666666666666
Lampadena atlantica,LC,344.32939855034635,1
Lampanyctus gemmifer,LC,344.32939855034635,1
Lampanyctus intricarius,LC,344.32939855034635,1
Leptostomias gladiator,LC,344.32939855034635,1
Lophodolos acanthognathus,LC,344.32939855034635,1
Malacosteus niger,LC,344.32939855034635,1
Melanostomias tentaculatus,LC,1635.2183397561928,1
Mitsukurina owstoni,LC,203.44962144026755,1
Mobula mobular,EN,344.32939855034635,0.20000000000000004
Mola mola,VU,1635.2183958075996,0.4666666666666666
Nannobrachium atrum,LC,344.32939855034635,1
Nerophis ophidion,LC,1948.7684685692923,1
Notoscopelus bolini,LC,344.32939855034635,1
Oxynotus centrina,EN,1561.4469829773698,0.20000000000000004
Paralepis coregonoides,LC,344.32939855034635,1
Protomyctophum arcticum,LC,344.32939855034635,1
Raja brachyura,NT,89.86795332212543,0.7333333333333333
Raja clavata,NT,1786.3191346485423,0.7333333333333334
Rhadinesthes decimus,LC,344.32939855034635,1
Rostroraja alba,EN,0.38660963325953485,0.20000000000000004
Sphyrna lewini,CR,14.915360587975531,0
Spiniphryne gladisfenae,LC,344.32939855034635,1
Symphodus bailloni,LC,1948.7684962002932,1
Symphodus tinca,LC,1948.7684962002932,1
Taeniurops grabatus,NT,1518.5233982069667,0.7333333333333334
Tetronarce nobiliana,LC,1779.7173386033635,1
Valenciennellus tripunctulatus,LC,344.32939855034635,1
Vinciguerria attenuata,LC,344.32939855034635,1
Zu cristatus,LC,344.32939855034635,1
Acanthochaenus luetkenii,LC,344.32939855034635,1
Ahliesaurus berryi,LC,344.32939855034635,1
Alepisaurus ferox,LC,344.32939855034635,1
Anoplogaster cornuta,LC,344.32939855034635,1
Argyropelecus affinis,LC,344.32939855034635,1
Aristostomias lunifer,LC,344.32939855034635,1
Balistes capriscus,VU,1948.7684685692923,0.4666666666666666
Barbourisia rufa,LC,13.448371306991815,1
Bathypterois dubius,LC,108.56616851372529,1
Bathysaurus mollis,LC,59.37961449943238,1
Brotulotaenia brevicauda,LC,344.32939855034635,1
Canthidermis maculata,LC,1948.7684685692923,1
Carcharhinus falciformis,VU,344.32939855034635,0.4666666666666666
Centrophorus granulosus,EN,431.85766080328034,0.20000000000000004
Chaenophryne longiceps,LC,344.32939855034635,1
Chlamydoselachus anguineus,LC,397.2149646329181,1
Coris julis,LC,1948.7684786182654,1
Cryptopsaras couesii,LC,344.32939855034635,1
Cyclothone pseudoacclinidens,LC,344.32939855034635,1
Cyclothone pseudopallida,LC,344.32939855034635,1
Danaphryne nigrifilis,LC,344.32939855034635,1
Diodon eydouxii,LC,22.898917667908623,1
Diodon hystrix,LC,1948.7684786182654,1
Diretmichthys parini,LC,344.32939855034635,1
Echinorhinus brucus,EN,81.43880499691343,0.20000000000000004
Eustomias achirus,LC,344.32939855034635,1
Eustomias filifer,LC,36.59543409739623,1
Galeus atlanticus,NT,229.1415134629712,0.7333333333333334
Gonichthys cocco,LC,344.32939855034635,1
Heptranchias perlo,NT,175.89407326139445,0.7333333333333334
Himantolophus groenlandicus,LC,344.32939855034635,1
Labrus merula,LC,1817.8846395520575,1
Labrus mixtus,LC,1948.7684786182654,1
Lampris guttatus,LC,344.32939855034635,1
Leucoraja circularis,EN,1948.583199367084,0.20000000000000004
Lophius piscatorius,LC,1948.7684786182654,1
Maurolicus amethystinopunctatus,LC,344.32939855034635,1
Melamphaes microps,LC,344.32939855034635,1
Melanostomias bartonbeani,LC,344.32939855034635,1
Mobula tarapacana,EN,344.32939855034635,0.20000000000000004
Mustelus asterias,NT,1352.5107439857384,0.7333333333333334
Myctophum punctatum,LC,344.32939855034635,1
Neoscopelus microchir,LC,344.32939855034635,1
Odontaspis ferox,EN,126.05603591230518,0.20000000000000004
Parabrotula plagiophthalma,LC,344.32939855034635,1
Photonectes margarita,LC,1635.1527795766892,1
Pseudotriakis microdon,LC,1715.400692434037,1
Raja undulata,NT,1282.8572999120183,0.7333333333333334
Rajella kukujevi,LC,1636.4490778531474,1
Regalecus glesne,LC,344.32939855034635,1
Rhinobatos rhinobatos,CR,1272.9269731071483,0
Sciadonus pedicellaris,LC,54.63601068929772,1
Scomber scombrus,LC,344.32939855034635,1
Scopelarchus analis,LC,344.32939855034635,1
Scopelogadus mizolepis,LC,344.32939855034635,1
Sphyrna mokarran,CR,0.002068250234786421,0
Stomias boa,LC,344.32939855034635,1
Stomias brevibarbatus,LC,344.32939855034635,1
Symphodus mediterraneus,LC,1948.7684962002932,1
Syngnathus acus,LC,1948.5640673788257,1
Vinciguerria nimbaria,LC,344.32939855034635,1
Vinciguerria poweriae,LC,344.32939855034635,1
Zameus squamulosus,LC,463.06015096965314,1
Caretta caretta,VU,344.32939855034635,0.4666666666666666
Chelonia mydas,EN,344.32939855034635,0.20000000000000004
Dermochelys coriacea,VU,344.32939855034635,0.4666666666666666
Eretmochelys imbricata,CR,344.32939855034635,0
Lepidochelys kempii,CR,344.32939855034635,0
Zostera marina,LC,43.74161196738697,1
