species,iucn_category,area_km2,biodiversity_score
cleaned_ABALONES,VU,1948.77,0.4667
cleaned_BIRDS_intersection_IUCN,LC;VU;NT;EX;EN;CR,31317.71,0.8419
cleaned_BLENNIES,LC,19596.1,1
cleaned_BUTTERFLYFISH_ANGELFISH_ALLIES_intersection,LC;VU;NT,54018.31,0.934
cleaned_CARANGIFORM_FISHES_intersection,LC;VU;NT,47362.09,0.9722
cleaned_CLUPEIFORMES,CR;LC,7528.65,1
cleaned_EELS,CR;LC,22896.94,0.9101
cleaned_FW_FISH_PART1_intersection,CR;LC;NT,8107.54,0.8841
cleaned_FW_FISH_PART2_intersection,NT;LC,8862.02,0.8347
cleaned_FW_MOLLUSCS,LC,3.48,1
cleaned_FW_OTHER_PART1_intersection,NT;LC;VU,6824.42,0.9596
cleaned_FW_OTHER_PART2_intersection,LC;VU;NT,2752.63,0.9666
cleaned_FW_OTHER_PART3_intersection,LC;NT;VU,2673.74,0.86240000000000006
cleaned_FW_OTHER_PART4_intersection,LC;VU,7533.25,0.9856
cleaned_FW_PLANTS_PART1_intersection,LC,3.15,1
cleaned_FW_PLANTS_PART2,LC,1948.77,1
cleaned_GROUPERS,VU,1948.69,0.4667
cleaned_HAGFISH,LC,1635.22,1
cleaned_LOBSTERS,LC,10443.71,1
cleaned_MAMMALS_intersection,LC;EN;VU;CR;NT,8432.57,0.8324
cleaned_MARINEFISH_PART1_intersection,VU;LC;EN;CR;NT,35904.53,0.8839
cleaned_MARINEFISH_PART2_intersection,LC;EN;VU;NT,30615.86,0.8802
cleaned_MARINEFISH_PART3_intersection,CR;VU;LC;NT,29473.15,0.8885
cleaned_MARINEFISH_PART4_intersection,LC;VU;NT;EN;CR,40175.99,0.8014
cleaned_MARINEFISH_PART5_intersection,LC;EN;NT;VU;CR,35762.04,0.837
cleaned_MARINEFISH_PART6_intersection,LC;VU;EN;NT;CR,41814.77,0.8628
cleaned_REPTILES_PART1,VU;EN;CR,1721.65,0.2
cleaned_SEAGRASSES,LC,43.74,1
