"sci_name","source_file"
"Haliotis tuberculata","cleaned_ABALONES_intersection2.gpkg"
"accipiter gentilis","cleaned_BIRDS_intersection_IUCN.gpkg"
"accipiter nisus","cleaned_BIRDS_intersection_IUCN.gpkg"
"acrocephalus arundinaceus","cleaned_BIRDS_intersection_IUCN.gpkg"
"acrocephalus paludicola","cleaned_BIRDS_intersection_IUCN.gpkg"
"acrocephalus scirpaceus","cleaned_BIRDS_intersection_IUCN.gpkg"
"actitis hypoleucos","cleaned_BIRDS_intersection_IUCN.gpkg"
"aegithalos caudatus","cleaned_BIRDS_intersection_IUCN.gpkg"
"alauda arvensis","cleaned_BIRDS_intersection_IUCN.gpkg"
"alca torda","cleaned_BIRDS_intersection_IUCN.gpkg"
"alcedo atthis","cleaned_BIRDS_intersection_IUCN.gpkg"
"anas acuta","cleaned_BIRDS_intersection_IUCN.gpkg"
"anas crecca","cleaned_BIRDS_intersection_IUCN.gpkg"
"anas platyrhynchos","cleaned_BIRDS_intersection_IUCN.gpkg"
"anthus petrosus","cleaned_BIRDS_intersection_IUCN.gpkg"
"anthus pratensis","cleaned_BIRDS_intersection_IUCN.gpkg"
"anthus spinoletta","cleaned_BIRDS_intersection_IUCN.gpkg"
"anthus trivialis","cleaned_BIRDS_intersection_IUCN.gpkg"
"apus apus","cleaned_BIRDS_intersection_IUCN.gpkg"
"ardea cinerea","cleaned_BIRDS_intersection_IUCN.gpkg"
"ardenna gravis","cleaned_BIRDS_intersection_IUCN.gpkg"
"ardenna grisea","cleaned_BIRDS_intersection_IUCN.gpkg"
"arenaria interpres","cleaned_BIRDS_intersection_IUCN.gpkg"
"asio flammeus","cleaned_BIRDS_intersection_IUCN.gpkg"
"asio otus","cleaned_BIRDS_intersection_IUCN.gpkg"
"athene noctua","cleaned_BIRDS_intersection_IUCN.gpkg"
"aythya ferina","cleaned_BIRDS_intersection_IUCN.gpkg"
"aythya fuligula","cleaned_BIRDS_intersection_IUCN.gpkg"
"aythya marila","cleaned_BIRDS_intersection_IUCN.gpkg"
"branta bernicla","cleaned_BIRDS_intersection_IUCN.gpkg"
"bulweria bulwerii","cleaned_BIRDS_intersection_IUCN.gpkg"
"burhinus oedicnemus","cleaned_BIRDS_intersection_IUCN.gpkg"
"buteo buteo","cleaned_BIRDS_intersection_IUCN.gpkg"
"calandrella brachydactyla","cleaned_BIRDS_intersection_IUCN.gpkg"
"calidris alba","cleaned_BIRDS_intersection_IUCN.gpkg"
"calidris alpina","cleaned_BIRDS_intersection_IUCN.gpkg"
"calidris canutus","cleaned_BIRDS_intersection_IUCN.gpkg"
"calidris falcinellus","cleaned_BIRDS_intersection_IUCN.gpkg"
"calidris ferruginea","cleaned_BIRDS_intersection_IUCN.gpkg"
"calidris maritima","cleaned_BIRDS_intersection_IUCN.gpkg"
"calidris minuta","cleaned_BIRDS_intersection_IUCN.gpkg"
"calonectris borealis","cleaned_BIRDS_intersection_IUCN.gpkg"
"calonectris diomedea","cleaned_BIRDS_intersection_IUCN.gpkg"
"caprimulgus europaeus","cleaned_BIRDS_intersection_IUCN.gpkg"
"carduelis carduelis","cleaned_BIRDS_intersection_IUCN.gpkg"
"catharacta skua","cleaned_BIRDS_intersection_IUCN.gpkg"
"certhia brachydactyla","cleaned_BIRDS_intersection_IUCN.gpkg"
"charadrius alexandrinus","cleaned_BIRDS_intersection_IUCN.gpkg"
"charadrius dubius","cleaned_BIRDS_intersection_IUCN.gpkg"
"charadrius hiaticula","cleaned_BIRDS_intersection_IUCN.gpkg"
"chlidonias niger","cleaned_BIRDS_intersection_IUCN.gpkg"
"chloris chloris","cleaned_BIRDS_intersection_IUCN.gpkg"
"cinclus cinclus","cleaned_BIRDS_intersection_IUCN.gpkg"
"circaetus gallicus","cleaned_BIRDS_intersection_IUCN.gpkg"
"circus aeruginosus","cleaned_BIRDS_intersection_IUCN.gpkg"
"circus cyaneus","cleaned_BIRDS_intersection_IUCN.gpkg"
"circus pygargus","cleaned_BIRDS_intersection_IUCN.gpkg"
"cisticola juncidis","cleaned_BIRDS_intersection_IUCN.gpkg"
"clamator glandarius","cleaned_BIRDS_intersection_IUCN.gpkg"
"coccothraustes coccothraustes","cleaned_BIRDS_intersection_IUCN.gpkg"
"columba palumbus","cleaned_BIRDS_intersection_IUCN.gpkg"
"corvus corax","cleaned_BIRDS_intersection_IUCN.gpkg"
"corvus corone","cleaned_BIRDS_intersection_IUCN.gpkg"
"corvus monedula","cleaned_BIRDS_intersection_IUCN.gpkg"
"coturnix coturnix","cleaned_BIRDS_intersection_IUCN.gpkg"
"cuculus canorus","cleaned_BIRDS_intersection_IUCN.gpkg"
"curruca communis","cleaned_BIRDS_intersection_IUCN.gpkg"
"curruca melanocephala","cleaned_BIRDS_intersection_IUCN.gpkg"
"curruca undata","cleaned_BIRDS_intersection_IUCN.gpkg"
"cyanistes caeruleus","cleaned_BIRDS_intersection_IUCN.gpkg"
"delichon urbicum","cleaned_BIRDS_intersection_IUCN.gpkg"
"dendrocopos major","cleaned_BIRDS_intersection_IUCN.gpkg"
"emberiza calandra","cleaned_BIRDS_intersection_IUCN.gpkg"
"emberiza cia","cleaned_BIRDS_intersection_IUCN.gpkg"
"emberiza cirlus","cleaned_BIRDS_intersection_IUCN.gpkg"
"emberiza citrinella","cleaned_BIRDS_intersection_IUCN.gpkg"
"emberiza schoeniclus","cleaned_BIRDS_intersection_IUCN.gpkg"
"erithacus rubecula","cleaned_BIRDS_intersection_IUCN.gpkg"
"falco peregrinus","cleaned_BIRDS_intersection_IUCN.gpkg"
"falco subbuteo","cleaned_BIRDS_intersection_IUCN.gpkg"
"falco tinnunculus","cleaned_BIRDS_intersection_IUCN.gpkg"
"ficedula parva","cleaned_BIRDS_intersection_IUCN.gpkg"
"fratercula arctica","cleaned_BIRDS_intersection_IUCN.gpkg"
"fringilla coelebs","cleaned_BIRDS_intersection_IUCN.gpkg"
"fringilla montifringilla","cleaned_BIRDS_intersection_IUCN.gpkg"
"fulica atra","cleaned_BIRDS_intersection_IUCN.gpkg"
"galerida cristata","cleaned_BIRDS_intersection_IUCN.gpkg"
"gallinago gallinago","cleaned_BIRDS_intersection_IUCN.gpkg"
"gallinula chloropus","cleaned_BIRDS_intersection_IUCN.gpkg"
"garrulus glandarius","cleaned_BIRDS_intersection_IUCN.gpkg"
"gavia arctica","cleaned_BIRDS_intersection_IUCN.gpkg"
"gavia immer","cleaned_BIRDS_intersection_IUCN.gpkg"
"gavia stellata","cleaned_BIRDS_intersection_IUCN.gpkg"
"gulosus aristotelis","cleaned_BIRDS_intersection_IUCN.gpkg"
"haematopus ostralegus","cleaned_BIRDS_intersection_IUCN.gpkg"
"himantopus himantopus","cleaned_BIRDS_intersection_IUCN.gpkg"
"hippolais polyglotta","cleaned_BIRDS_intersection_IUCN.gpkg"
"hirundo rustica","cleaned_BIRDS_intersection_IUCN.gpkg"
"hydrobates castro","cleaned_BIRDS_intersection_IUCN.gpkg"
"hydrobates jabejabe","cleaned_BIRDS_intersection_IUCN.gpkg"
"hydrobates leucorhous","cleaned_BIRDS_intersection_IUCN.gpkg"
"hydrobates pelagicus","cleaned_BIRDS_intersection_IUCN.gpkg"
"hydrocoloeus minutus","cleaned_BIRDS_intersection_IUCN.gpkg"
"jynx torquilla","cleaned_BIRDS_intersection_IUCN.gpkg"
"lanius collurio","cleaned_BIRDS_intersection_IUCN.gpkg"
"lanius meridionalis","cleaned_BIRDS_intersection_IUCN.gpkg"
"lanius senator","cleaned_BIRDS_intersection_IUCN.gpkg"
"larus argentatus","cleaned_BIRDS_intersection_IUCN.gpkg"
"larus canus","cleaned_BIRDS_intersection_IUCN.gpkg"
"larus fuscus","cleaned_BIRDS_intersection_IUCN.gpkg"
"larus marinus","cleaned_BIRDS_intersection_IUCN.gpkg"
"larus melanocephalus","cleaned_BIRDS_intersection_IUCN.gpkg"
"larus michahellis","cleaned_BIRDS_intersection_IUCN.gpkg"
"larus ridibundus","cleaned_BIRDS_intersection_IUCN.gpkg"
"limosa lapponica","cleaned_BIRDS_intersection_IUCN.gpkg"
"limosa limosa","cleaned_BIRDS_intersection_IUCN.gpkg"
"linaria cannabina","cleaned_BIRDS_intersection_IUCN.gpkg"
"lophophanes cristatus","cleaned_BIRDS_intersection_IUCN.gpkg"
"loxia curvirostra","cleaned_BIRDS_intersection_IUCN.gpkg"
"lullula arborea","cleaned_BIRDS_intersection_IUCN.gpkg"
"luscinia megarhynchos","cleaned_BIRDS_intersection_IUCN.gpkg"
"lymnocryptes minimus","cleaned_BIRDS_intersection_IUCN.gpkg"
"mareca penelope","cleaned_BIRDS_intersection_IUCN.gpkg"
"mareca strepera","cleaned_BIRDS_intersection_IUCN.gpkg"
"melanitta fusca","cleaned_BIRDS_intersection_IUCN.gpkg"
"melanitta nigra","cleaned_BIRDS_intersection_IUCN.gpkg"
"milvus migrans","cleaned_BIRDS_intersection_IUCN.gpkg"
"morus bassanus","cleaned_BIRDS_intersection_IUCN.gpkg"
"motacilla alba","cleaned_BIRDS_intersection_IUCN.gpkg"
"motacilla cinerea","cleaned_BIRDS_intersection_IUCN.gpkg"
"motacilla flava","cleaned_BIRDS_intersection_IUCN.gpkg"
"muscicapa striata","cleaned_BIRDS_intersection_IUCN.gpkg"
"numenius arquata","cleaned_BIRDS_intersection_IUCN.gpkg"
"numenius phaeopus","cleaned_BIRDS_intersection_IUCN.gpkg"
"oceanites oceanicus","cleaned_BIRDS_intersection_IUCN.gpkg"
"oenanthe oenanthe","cleaned_BIRDS_intersection_IUCN.gpkg"
"oriolus oriolus","cleaned_BIRDS_intersection_IUCN.gpkg"
"otus scops","cleaned_BIRDS_intersection_IUCN.gpkg"
"pandion haliaetus","cleaned_BIRDS_intersection_IUCN.gpkg"
"parus major","cleaned_BIRDS_intersection_IUCN.gpkg"
"passer domesticus","cleaned_BIRDS_intersection_IUCN.gpkg"
"passer montanus","cleaned_BIRDS_intersection_IUCN.gpkg"
"periparus ater","cleaned_BIRDS_intersection_IUCN.gpkg"
"pernis apivorus","cleaned_BIRDS_intersection_IUCN.gpkg"
"petronia petronia","cleaned_BIRDS_intersection_IUCN.gpkg"
"phoenicurus ochruros","cleaned_BIRDS_intersection_IUCN.gpkg"
"phoenicurus phoenicurus","cleaned_BIRDS_intersection_IUCN.gpkg"
"phylloscopus collybita","cleaned_BIRDS_intersection_IUCN.gpkg"
"phylloscopus ibericus","cleaned_BIRDS_intersection_IUCN.gpkg"
"phylloscopus trochilus","cleaned_BIRDS_intersection_IUCN.gpkg"
"pica pica","cleaned_BIRDS_intersection_IUCN.gpkg"
"picus sharpei","cleaned_BIRDS_intersection_IUCN.gpkg"
"pinguinus impennis","cleaned_BIRDS_intersection_IUCN.gpkg"
"pluvialis apricaria","cleaned_BIRDS_intersection_IUCN.gpkg"
"pluvialis squatarola","cleaned_BIRDS_intersection_IUCN.gpkg"
"podiceps cristatus","cleaned_BIRDS_intersection_IUCN.gpkg"
"podiceps nigricollis","cleaned_BIRDS_intersection_IUCN.gpkg"
"poecile palustris","cleaned_BIRDS_intersection_IUCN.gpkg"
"prunella collaris","cleaned_BIRDS_intersection_IUCN.gpkg"
"prunella modularis","cleaned_BIRDS_intersection_IUCN.gpkg"
"pterodroma cahow","cleaned_BIRDS_intersection_IUCN.gpkg"
"pterodroma deserta","cleaned_BIRDS_intersection_IUCN.gpkg"
"pterodroma feae","cleaned_BIRDS_intersection_IUCN.gpkg"
"pterodroma madeira","cleaned_BIRDS_intersection_IUCN.gpkg"
"ptyonoprogne rupestris","cleaned_BIRDS_intersection_IUCN.gpkg"
"puffinus lherminieri","cleaned_BIRDS_intersection_IUCN.gpkg"
"puffinus mauretanicus","cleaned_BIRDS_intersection_IUCN.gpkg"
"puffinus puffinus","cleaned_BIRDS_intersection_IUCN.gpkg"
"pyrrhocorax pyrrhocorax","cleaned_BIRDS_intersection_IUCN.gpkg"
"pyrrhula pyrrhula","cleaned_BIRDS_intersection_IUCN.gpkg"
"rallus aquaticus","cleaned_BIRDS_intersection_IUCN.gpkg"
"recurvirostra avosetta","cleaned_BIRDS_intersection_IUCN.gpkg"
"regulus ignicapilla","cleaned_BIRDS_intersection_IUCN.gpkg"
"regulus regulus","cleaned_BIRDS_intersection_IUCN.gpkg"
"riparia riparia","cleaned_BIRDS_intersection_IUCN.gpkg"
"rissa tridactyla","cleaned_BIRDS_intersection_IUCN.gpkg"
"saxicola torquatus","cleaned_BIRDS_intersection_IUCN.gpkg"
"scolopax rusticola","cleaned_BIRDS_intersection_IUCN.gpkg"
"serinus serinus","cleaned_BIRDS_intersection_IUCN.gpkg"
"sitta europaea","cleaned_BIRDS_intersection_IUCN.gpkg"
"somateria mollissima","cleaned_BIRDS_intersection_IUCN.gpkg"
"spatula clypeata","cleaned_BIRDS_intersection_IUCN.gpkg"
"spatula querquedula","cleaned_BIRDS_intersection_IUCN.gpkg"
"spinus spinus","cleaned_BIRDS_intersection_IUCN.gpkg"
"stercorarius pomarinus","cleaned_BIRDS_intersection_IUCN.gpkg"
"streptopelia decaocto","cleaned_BIRDS_intersection_IUCN.gpkg"
"streptopelia turtur","cleaned_BIRDS_intersection_IUCN.gpkg"
"strix aluco","cleaned_BIRDS_intersection_IUCN.gpkg"
"sturnus unicolor","cleaned_BIRDS_intersection_IUCN.gpkg"
"sturnus vulgaris","cleaned_BIRDS_intersection_IUCN.gpkg"
"sylvia atricapilla","cleaned_BIRDS_intersection_IUCN.gpkg"
"sylvia borin","cleaned_BIRDS_intersection_IUCN.gpkg"
"tachybaptus ruficollis","cleaned_BIRDS_intersection_IUCN.gpkg"
"tachymarptis melba","cleaned_BIRDS_intersection_IUCN.gpkg"
"thalasseus sandvicensis","cleaned_BIRDS_intersection_IUCN.gpkg"
"tichodroma muraria","cleaned_BIRDS_intersection_IUCN.gpkg"
"tringa nebularia","cleaned_BIRDS_intersection_IUCN.gpkg"
"tringa ochropus","cleaned_BIRDS_intersection_IUCN.gpkg"
"tringa totanus","cleaned_BIRDS_intersection_IUCN.gpkg"
"troglodytes troglodytes","cleaned_BIRDS_intersection_IUCN.gpkg"
"turdus iliacus","cleaned_BIRDS_intersection_IUCN.gpkg"
"turdus merula","cleaned_BIRDS_intersection_IUCN.gpkg"
"turdus philomelos","cleaned_BIRDS_intersection_IUCN.gpkg"
"turdus pilaris","cleaned_BIRDS_intersection_IUCN.gpkg"
"turdus viscivorus","cleaned_BIRDS_intersection_IUCN.gpkg"
"tyto alba","cleaned_BIRDS_intersection_IUCN.gpkg"
"upupa epops","cleaned_BIRDS_intersection_IUCN.gpkg"
"uria aalge","cleaned_BIRDS_intersection_IUCN.gpkg"
"vanellus vanellus","cleaned_BIRDS_intersection_IUCN.gpkg"
"xema sabini","cleaned_BIRDS_intersection_IUCN.gpkg"
"Blennius ocellaris","cleaned_BLENNIES_intersection2.gpkg"
"Coryphoblennius galerita","cleaned_BLENNIES_intersection2.gpkg"
"Lipophrys pholis","cleaned_BLENNIES_intersection2.gpkg"
"Lipophrys trigloides","cleaned_BLENNIES_intersection2.gpkg"
"Parablennius gattorugine","cleaned_BLENNIES_intersection2.gpkg"
"Parablennius incognitus","cleaned_BLENNIES_intersection2.gpkg"
"Parablennius pilicornis","cleaned_BLENNIES_intersection2.gpkg"
"Parablennius ruber","cleaned_BLENNIES_intersection2.gpkg"
"Parablennius sanguinolentus","cleaned_BLENNIES_intersection2.gpkg"
"Parablennius tentacularis","cleaned_BLENNIES_intersection2.gpkg"
"Salaria pavo","cleaned_BLENNIES_intersection2.gpkg"
"Scartella cristata","cleaned_BLENNIES_intersection2.gpkg"
"Tripterygion delaisi","cleaned_BLENNIES_intersection2.gpkg"
"Antigonia capros","cleaned_BUTTERFLYFISH_ANGELFISH_ALLIES_intersection.gpkg"
"Argyrosomus regius","cleaned_BUTTERFLYFISH_ANGELFISH_ALLIES_intersection.gpkg"
"Boops boops","cleaned_BUTTERFLYFISH_ANGELFISH_ALLIES_intersection.gpkg"
"Callanthias ruber","cleaned_BUTTERFLYFISH_ANGELFISH_ALLIES_intersection.gpkg"
"Capros aper","cleaned_BUTTERFLYFISH_ANGELFISH_ALLIES_intersection.gpkg"
"Centracanthus cirrus","cleaned_BUTTERFLYFISH_ANGELFISH_ALLIES_intersection.gpkg"
"Cepola macrophthalma","cleaned_BUTTERFLYFISH_ANGELFISH_ALLIES_intersection.gpkg"
"Dentex dentex","cleaned_BUTTERFLYFISH_ANGELFISH_ALLIES_intersection.gpkg"
"Dentex macrophthalmus","cleaned_BUTTERFLYFISH_ANGELFISH_ALLIES_intersection.gpkg"
"Dentex maroccanus","cleaned_BUTTERFLYFISH_ANGELFISH_ALLIES_intersection.gpkg"
"Dicentrarchus labrax","cleaned_BUTTERFLYFISH_ANGELFISH_ALLIES_intersection.gpkg"
"Dicentrarchus punctatus","cleaned_BUTTERFLYFISH_ANGELFISH_ALLIES_intersection.gpkg"
"Diplodus annularis","cleaned_BUTTERFLYFISH_ANGELFISH_ALLIES_intersection.gpkg"
"Diplodus cervinus","cleaned_BUTTERFLYFISH_ANGELFISH_ALLIES_intersection.gpkg"
"Diplodus puntazzo","cleaned_BUTTERFLYFISH_ANGELFISH_ALLIES_intersection.gpkg"
"Diplodus sargus","cleaned_BUTTERFLYFISH_ANGELFISH_ALLIES_intersection.gpkg"
"Diplodus vulgaris","cleaned_BUTTERFLYFISH_ANGELFISH_ALLIES_intersection.gpkg"
"Lithognathus mormyrus","cleaned_BUTTERFLYFISH_ANGELFISH_ALLIES_intersection.gpkg"
"Morone saxatilis","cleaned_BUTTERFLYFISH_ANGELFISH_ALLIES_intersection.gpkg"
"Oblada melanura","cleaned_BUTTERFLYFISH_ANGELFISH_ALLIES_intersection.gpkg"
"Pagellus acarne","cleaned_BUTTERFLYFISH_ANGELFISH_ALLIES_intersection.gpkg"
"Pagellus bogaraveo","cleaned_BUTTERFLYFISH_ANGELFISH_ALLIES_intersection.gpkg"
"Pagellus erythrinus","cleaned_BUTTERFLYFISH_ANGELFISH_ALLIES_intersection.gpkg"
"Pagrus auriga","cleaned_BUTTERFLYFISH_ANGELFISH_ALLIES_intersection.gpkg"
"Pagrus pagrus","cleaned_BUTTERFLYFISH_ANGELFISH_ALLIES_intersection.gpkg"
"Sarpa salpa","cleaned_BUTTERFLYFISH_ANGELFISH_ALLIES_intersection.gpkg"
"Sciaena umbra","cleaned_BUTTERFLYFISH_ANGELFISH_ALLIES_intersection.gpkg"
"Sparus aurata","cleaned_BUTTERFLYFISH_ANGELFISH_ALLIES_intersection.gpkg"
"Spicara maena","cleaned_BUTTERFLYFISH_ANGELFISH_ALLIES_intersection.gpkg"
"Spondyliosoma cantharus","cleaned_BUTTERFLYFISH_ANGELFISH_ALLIES_intersection.gpkg"
"Umbrina canariensis","cleaned_BUTTERFLYFISH_ANGELFISH_ALLIES_intersection.gpkg"
"Umbrina cirrosa","cleaned_BUTTERFLYFISH_ANGELFISH_ALLIES_intersection.gpkg"
"Arnoglossus imperialis","cleaned_CARANGIFORM_FISHES_intersection.gpkg"
"Arnoglossus laterna","cleaned_CARANGIFORM_FISHES_intersection.gpkg"
"Bathysolea profundicola","cleaned_CARANGIFORM_FISHES_intersection.gpkg"
"Bothus podas","cleaned_CARANGIFORM_FISHES_intersection.gpkg"
"Buglossidium luteum","cleaned_CARANGIFORM_FISHES_intersection.gpkg"
"Campogramma glaycos","cleaned_CARANGIFORM_FISHES_intersection.gpkg"
"Coryphaena hippurus","cleaned_CARANGIFORM_FISHES_intersection.gpkg"
"Dicologlossa cuneata","cleaned_CARANGIFORM_FISHES_intersection.gpkg"
"Istiophorus platypterus","cleaned_CARANGIFORM_FISHES_intersection.gpkg"
"Kajikia albida","cleaned_CARANGIFORM_FISHES_intersection.gpkg"
"Lepidorhombus boscii","cleaned_CARANGIFORM_FISHES_intersection.gpkg"
"Lepidorhombus whiffiagonis","cleaned_CARANGIFORM_FISHES_intersection.gpkg"
"Lichia amia","cleaned_CARANGIFORM_FISHES_intersection.gpkg"
"Makaira nigricans","cleaned_CARANGIFORM_FISHES_intersection.gpkg"
"Microchirus variegatus","cleaned_CARANGIFORM_FISHES_intersection.gpkg"
"Naucrates ductor","cleaned_CARANGIFORM_FISHES_intersection.gpkg"
"Pegusa lascaris","cleaned_CARANGIFORM_FISHES_intersection.gpkg"
"Phtheirichthys lineatus","cleaned_CARANGIFORM_FISHES_intersection.gpkg"
"Platichthys flesus","cleaned_CARANGIFORM_FISHES_intersection.gpkg"
"Pleuronectes platessa","cleaned_CARANGIFORM_FISHES_intersection.gpkg"
"Pseudocaranx dentex","cleaned_CARANGIFORM_FISHES_intersection.gpkg"
"Remora remora","cleaned_CARANGIFORM_FISHES_intersection.gpkg"
"Scophthalmus maximus","cleaned_CARANGIFORM_FISHES_intersection.gpkg"
"Scophthalmus rhombus","cleaned_CARANGIFORM_FISHES_intersection.gpkg"
"Seriola carpenteri","cleaned_CARANGIFORM_FISHES_intersection.gpkg"
"Seriola dumerili","cleaned_CARANGIFORM_FISHES_intersection.gpkg"
"Seriola fasciata","cleaned_CARANGIFORM_FISHES_intersection.gpkg"
"Sphyraena sphyraena","cleaned_CARANGIFORM_FISHES_intersection.gpkg"
"Sphyraena viridensis","cleaned_CARANGIFORM_FISHES_intersection.gpkg"
"Symphurus nigrescens","cleaned_CARANGIFORM_FISHES_intersection.gpkg"
"Tetrapturus pfluegeri","cleaned_CARANGIFORM_FISHES_intersection.gpkg"
"Trachinotus ovatus","cleaned_CARANGIFORM_FISHES_intersection.gpkg"
"Trachurus mediterraneus","cleaned_CARANGIFORM_FISHES_intersection.gpkg"
"Trachurus picturatus","cleaned_CARANGIFORM_FISHES_intersection.gpkg"
"Trachurus trachurus","cleaned_CARANGIFORM_FISHES_intersection.gpkg"
"Xiphias gladius","cleaned_CARANGIFORM_FISHES_intersection.gpkg"
"Zeugopterus punctatus","cleaned_CARANGIFORM_FISHES_intersection.gpkg"
"Zeugopterus regius","cleaned_CARANGIFORM_FISHES_intersection.gpkg"
"Alosa alosa","cleaned_CLUPEIFORMES_intersection2.gpkg"
"Alosa fallax","cleaned_CLUPEIFORMES_intersection2.gpkg"
"Engraulis encrasicolus","cleaned_CLUPEIFORMES_intersection2.gpkg"
"Sardina pilchardus","cleaned_CLUPEIFORMES_intersection2.gpkg"
"Sprattus sprattus","cleaned_CLUPEIFORMES_intersection2.gpkg"
"Anguilla anguilla","cleaned_EELS_intersection2.gpkg"
"Avocettina infans","cleaned_EELS_intersection2.gpkg"
"Conger conger","cleaned_EELS_intersection2.gpkg"
"Cyema atrum","cleaned_EELS_intersection2.gpkg"
"Dalophis imberbis","cleaned_EELS_intersection2.gpkg"
"Derichthys serpentinus","cleaned_EELS_intersection2.gpkg"
"Echelus myrus","cleaned_EELS_intersection2.gpkg"
"Eurypharynx pelecanoides","cleaned_EELS_intersection2.gpkg"
"Facciolella oxyrhyncha","cleaned_EELS_intersection2.gpkg"
"Gymnothorax unicolor","cleaned_EELS_intersection2.gpkg"
"Ilyophis brunneus","cleaned_EELS_intersection2.gpkg"
"Muraena helena","cleaned_EELS_intersection2.gpkg"
"Nemichthys scolopaceus","cleaned_EELS_intersection2.gpkg"
"Nessorhamphus ingolfianus","cleaned_EELS_intersection2.gpkg"
"Nettastoma melanurum","cleaned_EELS_intersection2.gpkg"
"Ophisurus serpens","cleaned_EELS_intersection2.gpkg"
"Pisodonophis semicinctus","cleaned_EELS_intersection2.gpkg"
"Saccopharynx ampullaceus","cleaned_EELS_intersection2.gpkg"
"Serrivomer beanii","cleaned_EELS_intersection2.gpkg"
"Simenchelys parasitica","cleaned_EELS_intersection2.gpkg"
"Synaphobranchus kaupii","cleaned_EELS_intersection2.gpkg"
"Venefica proboscidea","cleaned_EELS_intersection2.gpkg"
"Acipenser sturio","cleaned_FW_FISH_PART1_intersection.gpkg"
"Atherina boyeri","cleaned_FW_FISH_PART1_intersection.gpkg"
"Chelon labrosus","cleaned_FW_FISH_PART1_intersection.gpkg"
"Mugil cephalus","cleaned_FW_FISH_PART1_intersection.gpkg"
"Petromyzon marinus","cleaned_FW_FISH_PART1_intersection.gpkg"
"Planiliza subviridis","cleaned_FW_FISH_PART1_intersection.gpkg"
"Pomatoschistus microps","cleaned_FW_FISH_PART1_intersection.gpkg"
"Pomatoschistus minutus","cleaned_FW_FISH_PART1_intersection.gpkg"
"Syngnathus typhle","cleaned_FW_FISH_PART1_intersection.gpkg"
"Chelon auratus","cleaned_FW_FISH_PART2_intersection.gpkg"
"Chelon ramada","cleaned_FW_FISH_PART2_intersection.gpkg"
"Chelon saliens","cleaned_FW_FISH_PART2_intersection.gpkg"
"Gasterosteus aculeatus","cleaned_FW_FISH_PART2_intersection.gpkg"
"Gobius paganellus","cleaned_FW_FISH_PART2_intersection.gpkg"
"Kuhlia mugil","cleaned_FW_FISH_PART2_intersection.gpkg"
"Salmo salar","cleaned_FW_FISH_PART2_intersection.gpkg"
"Salmo trutta","cleaned_FW_FISH_PART2_intersection.gpkg"
"Syngnathus abaster","cleaned_FW_FISH_PART2_intersection.gpkg"
"Hydrobia acuta","cleaned_FW_MOLLUSCS_intersection2.gpkg"
"Myosotella myosotis","cleaned_FW_MOLLUSCS_intersection2.gpkg"
"Arenaria interpres","cleaned_FW_OTHER_PART1_intersection.gpkg"
"Aythya fuligula","cleaned_FW_OTHER_PART1_intersection.gpkg"
"Calidris alba","cleaned_FW_OTHER_PART1_intersection.gpkg"
"Calidris ferruginea","cleaned_FW_OTHER_PART1_intersection.gpkg"
"Calidris maritima","cleaned_FW_OTHER_PART1_intersection.gpkg"
"Haematopus ostralegus","cleaned_FW_OTHER_PART1_intersection.gpkg"
"Hydrocoloeus minutus","cleaned_FW_OTHER_PART1_intersection.gpkg"
"Larus argentatus","cleaned_FW_OTHER_PART1_intersection.gpkg"
"Larus melanocephalus","cleaned_FW_OTHER_PART1_intersection.gpkg"
"Larus ridibundus","cleaned_FW_OTHER_PART1_intersection.gpkg"
"Limosa limosa","cleaned_FW_OTHER_PART1_intersection.gpkg"
"Lutra lutra","cleaned_FW_OTHER_PART1_intersection.gpkg"
"Melanitta nigra","cleaned_FW_OTHER_PART1_intersection.gpkg"
"Milvus migrans","cleaned_FW_OTHER_PART1_intersection.gpkg"
"Pluvialis apricaria","cleaned_FW_OTHER_PART1_intersection.gpkg"
"Spatula clypeata","cleaned_FW_OTHER_PART1_intersection.gpkg"
"Xema sabini","cleaned_FW_OTHER_PART1_intersection.gpkg"
"Anas acuta","cleaned_FW_OTHER_PART2_intersection.gpkg"
"Anthus pratensis","cleaned_FW_OTHER_PART2_intersection.gpkg"
"Anthus spinoletta","cleaned_FW_OTHER_PART2_intersection.gpkg"
"Ardea cinerea","cleaned_FW_OTHER_PART2_intersection.gpkg"
"Aythya ferina","cleaned_FW_OTHER_PART2_intersection.gpkg"
"Calidris alpina","cleaned_FW_OTHER_PART2_intersection.gpkg"
"Cisticola juncidis","cleaned_FW_OTHER_PART2_intersection.gpkg"
"Corvus corone","cleaned_FW_OTHER_PART2_intersection.gpkg"
"Himantopus himantopus","cleaned_FW_OTHER_PART2_intersection.gpkg"
"Larus canus","cleaned_FW_OTHER_PART2_intersection.gpkg"
"Larus fuscus","cleaned_FW_OTHER_PART2_intersection.gpkg"
"Numenius phaeopus","cleaned_FW_OTHER_PART2_intersection.gpkg"
"Oenanthe oenanthe","cleaned_FW_OTHER_PART2_intersection.gpkg"
"Pandion haliaetus","cleaned_FW_OTHER_PART2_intersection.gpkg"
"Recurvirostra avosetta","cleaned_FW_OTHER_PART2_intersection.gpkg"
"Stercorarius pomarinus","cleaned_FW_OTHER_PART2_intersection.gpkg"
"Tachybaptus ruficollis","cleaned_FW_OTHER_PART2_intersection.gpkg"
"Tringa nebularia","cleaned_FW_OTHER_PART2_intersection.gpkg"
"Alauda arvensis","cleaned_FW_OTHER_PART3_intersection.gpkg"
"Alcedo atthis","cleaned_FW_OTHER_PART3_intersection.gpkg"
"Anthus petrosus","cleaned_FW_OTHER_PART3_intersection.gpkg"
"Aythya marila","cleaned_FW_OTHER_PART3_intersection.gpkg"
"Calidris canutus","cleaned_FW_OTHER_PART3_intersection.gpkg"
"Calidris falcinellus","cleaned_FW_OTHER_PART3_intersection.gpkg"
"Charadrius alexandrinus","cleaned_FW_OTHER_PART3_intersection.gpkg"
"Charadrius dubius","cleaned_FW_OTHER_PART3_intersection.gpkg"
"Charadrius hiaticula","cleaned_FW_OTHER_PART3_intersection.gpkg"
"Falco peregrinus","cleaned_FW_OTHER_PART3_intersection.gpkg"
"Fulica atra","cleaned_FW_OTHER_PART3_intersection.gpkg"
"Gavia arctica","cleaned_FW_OTHER_PART3_intersection.gpkg"
"Limosa lapponica","cleaned_FW_OTHER_PART3_intersection.gpkg"
"Mareca penelope","cleaned_FW_OTHER_PART3_intersection.gpkg"
"Numenius arquata","cleaned_FW_OTHER_PART3_intersection.gpkg"
"Pluvialis squatarola","cleaned_FW_OTHER_PART3_intersection.gpkg"
"Podiceps cristatus","cleaned_FW_OTHER_PART3_intersection.gpkg"
"Poecile palustris","cleaned_FW_OTHER_PART3_intersection.gpkg"
"Tringa totanus","cleaned_FW_OTHER_PART3_intersection.gpkg"
"Actitis hypoleucos","cleaned_FW_OTHER_PART4_intersection.gpkg"
"Branta bernicla","cleaned_FW_OTHER_PART4_intersection.gpkg"
"Calidris minuta","cleaned_FW_OTHER_PART4_intersection.gpkg"
"Chlidonias niger","cleaned_FW_OTHER_PART4_intersection.gpkg"
"Gallinula chloropus","cleaned_FW_OTHER_PART4_intersection.gpkg"
"Gavia immer","cleaned_FW_OTHER_PART4_intersection.gpkg"
"Gavia stellata","cleaned_FW_OTHER_PART4_intersection.gpkg"
"Gulosus aristotelis","cleaned_FW_OTHER_PART4_intersection.gpkg"
"Larus michahellis","cleaned_FW_OTHER_PART4_intersection.gpkg"
"Lymnocryptes minimus","cleaned_FW_OTHER_PART4_intersection.gpkg"
"Melanitta fusca","cleaned_FW_OTHER_PART4_intersection.gpkg"
"Podiceps nigricollis","cleaned_FW_OTHER_PART4_intersection.gpkg"
"Spatula querquedula","cleaned_FW_OTHER_PART4_intersection.gpkg"
"Bolboschoenus maritimus","cleaned_FW_PLANTS_PART1_intersection.gpkg"
"Zostera noltii","cleaned_FW_PLANTS_PART2_intersection2.gpkg"
"Mycteroperca marginata","cleaned_GROUPERS_intersection2.gpkg"
"Myxine glutinosa","cleaned_HAGFISH_intersection2.gpkg"
"Cardus crucifer","cleaned_LOBSTERS_intersection2.gpkg"
"Homarus gammarus","cleaned_LOBSTERS_intersection2.gpkg"
"Nephrops norvegicus","cleaned_LOBSTERS_intersection2.gpkg"
"Nephropsis atlantica","cleaned_LOBSTERS_intersection2.gpkg"
"Palinurus mauritanicus","cleaned_LOBSTERS_intersection2.gpkg"
"Polycheles typhlops","cleaned_LOBSTERS_intersection2.gpkg"
"Scyllarus arctus","cleaned_LOBSTERS_intersection2.gpkg"
"Stereomastis nana","cleaned_LOBSTERS_intersection2.gpkg"
"Stereomastis sculpta","cleaned_LOBSTERS_intersection2.gpkg"
"Balaenoptera acutorostrata","cleaned_MAMMALS_intersection.gpkg"
"Balaenoptera borealis","cleaned_MAMMALS_intersection.gpkg"
"Balaenoptera musculus","cleaned_MAMMALS_intersection.gpkg"
"Balaenoptera physalus","cleaned_MAMMALS_intersection.gpkg"
"Delphinus delphis","cleaned_MAMMALS_intersection.gpkg"
"Eubalaena glacialis","cleaned_MAMMALS_intersection.gpkg"
"Feresa attenuata","cleaned_MAMMALS_intersection.gpkg"
"Globicephala macrorhynchus","cleaned_MAMMALS_intersection.gpkg"
"Globicephala melas","cleaned_MAMMALS_intersection.gpkg"
"Grampus griseus","cleaned_MAMMALS_intersection.gpkg"
"Hyperoodon ampullatus","cleaned_MAMMALS_intersection.gpkg"
"Kogia breviceps","cleaned_MAMMALS_intersection.gpkg"
"Kogia sima","cleaned_MAMMALS_intersection.gpkg"
"Lagenorhynchus albirostris","cleaned_MAMMALS_intersection.gpkg"
"Megaptera novaeangliae","cleaned_MAMMALS_intersection.gpkg"
"Mesoplodon bidens","cleaned_MAMMALS_intersection.gpkg"
"Mesoplodon densirostris","cleaned_MAMMALS_intersection.gpkg"
"Mesoplodon europaeus","cleaned_MAMMALS_intersection.gpkg"
"Mesoplodon mirus","cleaned_MAMMALS_intersection.gpkg"
"Phocoena phocoena","cleaned_MAMMALS_intersection.gpkg"
"Physeter macrocephalus","cleaned_MAMMALS_intersection.gpkg"
"Pseudorca crassidens","cleaned_MAMMALS_intersection.gpkg"
"Stenella coeruleoalba","cleaned_MAMMALS_intersection.gpkg"
"Steno bredanensis","cleaned_MAMMALS_intersection.gpkg"
"Tursiops truncatus","cleaned_MAMMALS_intersection.gpkg"
"Ziphius cavirostris","cleaned_MAMMALS_intersection.gpkg"
"Alopias vulpinus","cleaned_MARINEFISH_PART1_intersection.gpkg"
"Argyropelecus aculeatus","cleaned_MARINEFISH_PART1_intersection.gpkg"
"Astronesthes leucopogon","cleaned_MARINEFISH_PART1_intersection.gpkg"
"Auxis rochei","cleaned_MARINEFISH_PART1_intersection.gpkg"
"Auxis thazard","cleaned_MARINEFISH_PART1_intersection.gpkg"
"Bathophilus metallicus","cleaned_MARINEFISH_PART1_intersection.gpkg"
"Benthosema glaciale","cleaned_MARINEFISH_PART1_intersection.gpkg"
"Cataetyx alleni","cleaned_MARINEFISH_PART1_intersection.gpkg"
"Cataetyx laticeps","cleaned_MARINEFISH_PART1_intersection.gpkg"
"Centrophorus squamosus","cleaned_MARINEFISH_PART1_intersection.gpkg"
"Centroscyllium fabricii","cleaned_MARINEFISH_PART1_intersection.gpkg"
"Chaenophryne ramifera","cleaned_MARINEFISH_PART1_intersection.gpkg"
"Chauliodus danae","cleaned_MARINEFISH_PART1_intersection.gpkg"
"Chauliodus sloani","cleaned_MARINEFISH_PART1_intersection.gpkg"
"Chirostomias pliopterus","cleaned_MARINEFISH_PART1_intersection.gpkg"
"Chlorophthalmus agassizi","cleaned_MARINEFISH_PART1_intersection.gpkg"
"Diaphus effulgens","cleaned_MARINEFISH_PART1_intersection.gpkg"
"Dipturus nidarosiensis","cleaned_MARINEFISH_PART1_intersection.gpkg"
"Diretmus argenteus","cleaned_MARINEFISH_PART1_intersection.gpkg"
"Galeorhinus galeus","cleaned_MARINEFISH_PART1_intersection.gpkg"
"Halobatrachus didactylus","cleaned_MARINEFISH_PART1_intersection.gpkg"
"Hygophum hygomii","cleaned_MARINEFISH_PART1_intersection.gpkg"
"Labrus bergylta","cleaned_MARINEFISH_PART1_intersection.gpkg"
"Lagocephalus lagocephalus","cleaned_MARINEFISH_PART1_intersection.gpkg"
"Lampadena speculigera","cleaned_MARINEFISH_PART1_intersection.gpkg"
"Leptostomias haplocaulus","cleaned_MARINEFISH_PART1_intersection.gpkg"
"Lestidiops similis","cleaned_MARINEFISH_PART1_intersection.gpkg"
"Masturus lanceolatus","cleaned_MARINEFISH_PART1_intersection.gpkg"
"Maurolicus muelleri","cleaned_MARINEFISH_PART1_intersection.gpkg"
"Melamphaes falsidicus","cleaned_MARINEFISH_PART1_intersection.gpkg"
"Melamphaes simus","cleaned_MARINEFISH_PART1_intersection.gpkg"
"Melanocetus johnsonii","cleaned_MARINEFISH_PART1_intersection.gpkg"
"Melanostomias macrophotus","cleaned_MARINEFISH_PART1_intersection.gpkg"
"Nerophis lumbriciformis","cleaned_MARINEFISH_PART1_intersection.gpkg"
"Notoscopelus kroyeri","cleaned_MARINEFISH_PART1_intersection.gpkg"
"Photonectes mirabilis","cleaned_MARINEFISH_PART1_intersection.gpkg"
"Photostomias guernei","cleaned_MARINEFISH_PART1_intersection.gpkg"
"Polymetme thaeocoryla","cleaned_MARINEFISH_PART1_intersection.gpkg"
"Raja microocellata","cleaned_MARINEFISH_PART1_intersection.gpkg"
"Raja miraletus","cleaned_MARINEFISH_PART1_intersection.gpkg"
"Ranzania laevis","cleaned_MARINEFISH_PART1_intersection.gpkg"
"Rhinochimaera atlantica","cleaned_MARINEFISH_PART1_intersection.gpkg"
"Scopelosaurus lepidus","cleaned_MARINEFISH_PART1_intersection.gpkg"
"Scyliorhinus canicula","cleaned_MARINEFISH_PART1_intersection.gpkg"
"Somniosus rostratus","cleaned_MARINEFISH_PART1_intersection.gpkg"
"Sphoeroides pachygaster","cleaned_MARINEFISH_PART1_intersection.gpkg"
"Stomias longibarbatus","cleaned_MARINEFISH_PART1_intersection.gpkg"
"Torpedo torpedo","cleaned_MARINEFISH_PART1_intersection.gpkg"
"Trachipterus arcticus","cleaned_MARINEFISH_PART1_intersection.gpkg"
"Acantholabrus palloni","cleaned_MARINEFISH_PART2_intersection.gpkg"
"Aluterus monoceros","cleaned_MARINEFISH_PART2_intersection.gpkg"
"Aluterus scriptus","cleaned_MARINEFISH_PART2_intersection.gpkg"
"Argyropelecus gigas","cleaned_MARINEFISH_PART2_intersection.gpkg"
"Bassozetus compressus","cleaned_MARINEFISH_PART2_intersection.gpkg"
"Bathophilus nigerrimus","cleaned_MARINEFISH_PART2_intersection.gpkg"
"Bathophilus vaillanti","cleaned_MARINEFISH_PART2_intersection.gpkg"
"Bolinichthys indicus","cleaned_MARINEFISH_PART2_intersection.gpkg"
"Carapus acus","cleaned_MARINEFISH_PART2_intersection.gpkg"
"Carcharhinus plumbeus","cleaned_MARINEFISH_PART2_intersection.gpkg"
"Carcharodon carcharias","cleaned_MARINEFISH_PART2_intersection.gpkg"
"Caulophryne jordani","cleaned_MARINEFISH_PART2_intersection.gpkg"
"Ceratias holboelli","cleaned_MARINEFISH_PART2_intersection.gpkg"
"Ceratoscopelus maderensis","cleaned_MARINEFISH_PART2_intersection.gpkg"
"Chimaera monstrosa","cleaned_MARINEFISH_PART2_intersection.gpkg"
"Chimaera opalescens","cleaned_MARINEFISH_PART2_intersection.gpkg"
"Dasyatis pastinaca","cleaned_MARINEFISH_PART2_intersection.gpkg"
"Diaphus rafinesquii","cleaned_MARINEFISH_PART2_intersection.gpkg"
"Dolopichthys allector","cleaned_MARINEFISH_PART2_intersection.gpkg"
"Etmopterus princeps","cleaned_MARINEFISH_PART2_intersection.gpkg"
"Eustomias macrurus","cleaned_MARINEFISH_PART2_intersection.gpkg"
"Euthynnus alletteratus","cleaned_MARINEFISH_PART2_intersection.gpkg"
"Evermannella balbo","cleaned_MARINEFISH_PART2_intersection.gpkg"
"Flagellostomias boureei","cleaned_MARINEFISH_PART2_intersection.gpkg"
"Galeus melastomus","cleaned_MARINEFISH_PART2_intersection.gpkg"
"Gonostoma denudatum","cleaned_MARINEFISH_PART2_intersection.gpkg"
"Gonostoma elongatum","cleaned_MARINEFISH_PART2_intersection.gpkg"
"Gymnura altavela","cleaned_MARINEFISH_PART2_intersection.gpkg"
"Hexanchus griseus","cleaned_MARINEFISH_PART2_intersection.gpkg"
"Isurus oxyrinchus","cleaned_MARINEFISH_PART2_intersection.gpkg"
"Lampanyctus alatus","cleaned_MARINEFISH_PART2_intersection.gpkg"
"Lampanyctus crocodilus","cleaned_MARINEFISH_PART2_intersection.gpkg"
"Lampanyctus photonotus","cleaned_MARINEFISH_PART2_intersection.gpkg"
"Leptostomias longibarba","cleaned_MARINEFISH_PART2_intersection.gpkg"
"Linophryne coronata","cleaned_MARINEFISH_PART2_intersection.gpkg"
"Lobianchia gemellarii","cleaned_MARINEFISH_PART2_intersection.gpkg"
"Melanostomias valdiviae","cleaned_MARINEFISH_PART2_intersection.gpkg"
"Neoraja iberica","cleaned_MARINEFISH_PART2_intersection.gpkg"
"Oxynotus paradoxus","cleaned_MARINEFISH_PART2_intersection.gpkg"
"Pentherichthys atratus","cleaned_MARINEFISH_PART2_intersection.gpkg"
"Pollichthys mauli","cleaned_MARINEFISH_PART2_intersection.gpkg"
"Porogadus miles","cleaned_MARINEFISH_PART2_intersection.gpkg"
"Prionace glauca","cleaned_MARINEFISH_PART2_intersection.gpkg"
"Scopelosaurus argenteus","cleaned_MARINEFISH_PART2_intersection.gpkg"
"Spectrunculus crassus","cleaned_MARINEFISH_PART2_intersection.gpkg"
"Sphyrna zygaena","cleaned_MARINEFISH_PART2_intersection.gpkg"
"Squalus margaretsmithae","cleaned_MARINEFISH_PART2_intersection.gpkg"
"Sternoptyx pseudobscura","cleaned_MARINEFISH_PART2_intersection.gpkg"
"Symphodus melops","cleaned_MARINEFISH_PART2_intersection.gpkg"
"Syngnathus rostellatus","cleaned_MARINEFISH_PART2_intersection.gpkg"
"Trigonolampa miriceps","cleaned_MARINEFISH_PART2_intersection.gpkg"
"Aetomylaeus bovinus","cleaned_MARINEFISH_PART3_intersection.gpkg"
"Alopias superciliosus","cleaned_MARINEFISH_PART3_intersection.gpkg"
"Arctozenus risso","cleaned_MARINEFISH_PART3_intersection.gpkg"
"Argyropelecus olfersii","cleaned_MARINEFISH_PART3_intersection.gpkg"
"Aristostomias tittmanni","cleaned_MARINEFISH_PART3_intersection.gpkg"
"Astronesthes niger","cleaned_MARINEFISH_PART3_intersection.gpkg"
"Bathysaurus ferox","cleaned_MARINEFISH_PART3_intersection.gpkg"
"Bonapartia pedaliota","cleaned_MARINEFISH_PART3_intersection.gpkg"
"Borostomias antarcticus","cleaned_MARINEFISH_PART3_intersection.gpkg"
"Brotulotaenia crassa","cleaned_MARINEFISH_PART3_intersection.gpkg"
"Carcharhinus longimanus","cleaned_MARINEFISH_PART3_intersection.gpkg"
"Centrolabrus exoletus","cleaned_MARINEFISH_PART3_intersection.gpkg"
"Centroselachus crepidater","cleaned_MARINEFISH_PART3_intersection.gpkg"
"Chaunax suttkusi","cleaned_MARINEFISH_PART3_intersection.gpkg"
"Cyclothone acclinidens","cleaned_MARINEFISH_PART3_intersection.gpkg"
"Cyclothone microdon","cleaned_MARINEFISH_PART3_intersection.gpkg"
"Deania calceus","cleaned_MARINEFISH_PART3_intersection.gpkg"
"Diaphus holti","cleaned_MARINEFISH_PART3_intersection.gpkg"
"Diaphus metopoclampus","cleaned_MARINEFISH_PART3_intersection.gpkg"
"Dolopichthys longicornis","cleaned_MARINEFISH_PART3_intersection.gpkg"
"Grammatostomias flagellibarba","cleaned_MARINEFISH_PART3_intersection.gpkg"
"Himantolophus mauli","cleaned_MARINEFISH_PART3_intersection.gpkg"
"Hydrolagus pallidus","cleaned_MARINEFISH_PART3_intersection.gpkg"
"Lampanyctus pusillus","cleaned_MARINEFISH_PART3_intersection.gpkg"
"Lestidiops jayakari","cleaned_MARINEFISH_PART3_intersection.gpkg"
"Leucoraja fullonica","cleaned_MARINEFISH_PART3_intersection.gpkg"
"Linophryne pennibarbata","cleaned_MARINEFISH_PART3_intersection.gpkg"
"Loweina interrupta","cleaned_MARINEFISH_PART3_intersection.gpkg"
"Macroparalepis affinis","cleaned_MARINEFISH_PART3_intersection.gpkg"
"Macroramphosus scolopax","cleaned_MARINEFISH_PART3_intersection.gpkg"
"Melanostomias spilorhynchus","cleaned_MARINEFISH_PART3_intersection.gpkg"
"Microlophichthys microlophus","cleaned_MARINEFISH_PART3_intersection.gpkg"
"Neonesthes capensis","cleaned_MARINEFISH_PART3_intersection.gpkg"
"Notoscopelus resplendens","cleaned_MARINEFISH_PART3_intersection.gpkg"
"Oneirodes eschrichtii","cleaned_MARINEFISH_PART3_intersection.gpkg"
"Oneirodes macrosteus","cleaned_MARINEFISH_PART3_intersection.gpkg"
"Ophidion barbatum","cleaned_MARINEFISH_PART3_intersection.gpkg"
"Rajella bigelowi","cleaned_MARINEFISH_PART3_intersection.gpkg"
"Sarda sarda","cleaned_MARINEFISH_PART3_intersection.gpkg"
"Scomber colias","cleaned_MARINEFISH_PART3_intersection.gpkg"
"Sparisoma cretense","cleaned_MARINEFISH_PART3_intersection.gpkg"
"Spectrunculus grandis","cleaned_MARINEFISH_PART3_intersection.gpkg"
"Symphodus roissali","cleaned_MARINEFISH_PART3_intersection.gpkg"
"Thalassoma pavo","cleaned_MARINEFISH_PART3_intersection.gpkg"
"Thunnus obesus","cleaned_MARINEFISH_PART3_intersection.gpkg"
"Anotopterus pharao","cleaned_MARINEFISH_PART4_intersection.gpkg"
"Argyropelecus hemigymnus","cleaned_MARINEFISH_PART4_intersection.gpkg"
"Astronesthes neopogon","cleaned_MARINEFISH_PART4_intersection.gpkg"
"Bassozetus levistomatus","cleaned_MARINEFISH_PART4_intersection.gpkg"
"Bassozetus nielseni","cleaned_MARINEFISH_PART4_intersection.gpkg"
"Bathypterois longipes","cleaned_MARINEFISH_PART4_intersection.gpkg"
"Bathytoshia lata","cleaned_MARINEFISH_PART4_intersection.gpkg"
"Beryx decadactylus","cleaned_MARINEFISH_PART4_intersection.gpkg"
"Beryx splendens","cleaned_MARINEFISH_PART4_intersection.gpkg"
"Borostomias elucens","cleaned_MARINEFISH_PART4_intersection.gpkg"
"Bufoceratias wedli","cleaned_MARINEFISH_PART4_intersection.gpkg"
"Chaenophryne draco","cleaned_MARINEFISH_PART4_intersection.gpkg"
"Cyclothone braueri","cleaned_MARINEFISH_PART4_intersection.gpkg"
"Cyclothone livida","cleaned_MARINEFISH_PART4_intersection.gpkg"
"Deania profundorum","cleaned_MARINEFISH_PART4_intersection.gpkg"
"Diceratias pileatus","cleaned_MARINEFISH_PART4_intersection.gpkg"
"Diogenichthys atlanticus","cleaned_MARINEFISH_PART4_intersection.gpkg"
"Dipturus oxyrinchus","cleaned_MARINEFISH_PART4_intersection.gpkg"
"Echiostoma barbatum","cleaned_MARINEFISH_PART4_intersection.gpkg"
"Etmopterus pusillus","cleaned_MARINEFISH_PART4_intersection.gpkg"
"Eustomias monodactylus","cleaned_MARINEFISH_PART4_intersection.gpkg"
"Fistularia petimba","cleaned_MARINEFISH_PART4_intersection.gpkg"
"Grammatostomias dentatus","cleaned_MARINEFISH_PART4_intersection.gpkg"
"Haplophryne mollis","cleaned_MARINEFISH_PART4_intersection.gpkg"
"Hydrolagus affinis","cleaned_MARINEFISH_PART4_intersection.gpkg"
"Hydrolagus mirabilis","cleaned_MARINEFISH_PART4_intersection.gpkg"
"Hygophum benoiti","cleaned_MARINEFISH_PART4_intersection.gpkg"
"Idiacanthus fasciola","cleaned_MARINEFISH_PART4_intersection.gpkg"
"Isurus paucus","cleaned_MARINEFISH_PART4_intersection.gpkg"
"Katsuwonus pelamis","cleaned_MARINEFISH_PART4_intersection.gpkg"
"Labrus viridis","cleaned_MARINEFISH_PART4_intersection.gpkg"
"Lampadena chavesi","cleaned_MARINEFISH_PART4_intersection.gpkg"
"Lampanyctus festivus","cleaned_MARINEFISH_PART4_intersection.gpkg"
"Lampanyctus macdonaldi","cleaned_MARINEFISH_PART4_intersection.gpkg"
"Lestidiops sphyrenoides","cleaned_MARINEFISH_PART4_intersection.gpkg"
"Leucoraja naevus","cleaned_MARINEFISH_PART4_intersection.gpkg"
"Lobianchia dofleini","cleaned_MARINEFISH_PART4_intersection.gpkg"
"Magnisudis atlantica","cleaned_MARINEFISH_PART4_intersection.gpkg"
"Myliobatis aquila","cleaned_MARINEFISH_PART4_intersection.gpkg"
"Notolychnus valdiviae","cleaned_MARINEFISH_PART4_intersection.gpkg"
"Pachystomias microdon","cleaned_MARINEFISH_PART4_intersection.gpkg"
"Raja montagui","cleaned_MARINEFISH_PART4_intersection.gpkg"
"Rondeletia loricata","cleaned_MARINEFISH_PART4_intersection.gpkg"
"Scyliorhinus stellaris","cleaned_MARINEFISH_PART4_intersection.gpkg"
"Scymnodon ringens","cleaned_MARINEFISH_PART4_intersection.gpkg"
"Sigmops bathyphilus","cleaned_MARINEFISH_PART4_intersection.gpkg"
"Somniosus microcephalus","cleaned_MARINEFISH_PART4_intersection.gpkg"
"Squalus acanthias","cleaned_MARINEFISH_PART4_intersection.gpkg"
"Squatina squatina","cleaned_MARINEFISH_PART4_intersection.gpkg"
"Sternoptyx diaphana","cleaned_MARINEFISH_PART4_intersection.gpkg"
"Symbolophorus veranyi","cleaned_MARINEFISH_PART4_intersection.gpkg"
"Symphodus cinereus","cleaned_MARINEFISH_PART4_intersection.gpkg"
"Taaningichthys bathyphilus","cleaned_MARINEFISH_PART4_intersection.gpkg"
"Thunnus alalunga","cleaned_MARINEFISH_PART4_intersection.gpkg"
"Thunnus thynnus","cleaned_MARINEFISH_PART4_intersection.gpkg"
"Torpedo marmorata","cleaned_MARINEFISH_PART4_intersection.gpkg"
"Trachipterus trachypterus","cleaned_MARINEFISH_PART4_intersection.gpkg"
"Xyrichtys novacula","cleaned_MARINEFISH_PART4_intersection.gpkg"
"Barathrites iris","cleaned_MARINEFISH_PART5_intersection.gpkg"
"Benthalbella infans","cleaned_MARINEFISH_PART5_intersection.gpkg"
"Carcharhinus galapagensis","cleaned_MARINEFISH_PART5_intersection.gpkg"
"Carcharhinus obscurus","cleaned_MARINEFISH_PART5_intersection.gpkg"
"Centroscymnus coelolepis","cleaned_MARINEFISH_PART5_intersection.gpkg"
"Cetorhinus maximus","cleaned_MARINEFISH_PART5_intersection.gpkg"
"Chaunax pictus","cleaned_MARINEFISH_PART5_intersection.gpkg"
"Ctenolabrus rupestris","cleaned_MARINEFISH_PART5_intersection.gpkg"
"Cyclothone alba","cleaned_MARINEFISH_PART5_intersection.gpkg"
"Cyclothone pallida","cleaned_MARINEFISH_PART5_intersection.gpkg"
"Dalatias licha","cleaned_MARINEFISH_PART5_intersection.gpkg"
"Electrona risso","cleaned_MARINEFISH_PART5_intersection.gpkg"
"Entelurus aequoreus","cleaned_MARINEFISH_PART5_intersection.gpkg"
"Etmopterus spinax","cleaned_MARINEFISH_PART5_intersection.gpkg"
"Galeus murinus","cleaned_MARINEFISH_PART5_intersection.gpkg"
"Hexanchus nakamurai","cleaned_MARINEFISH_PART5_intersection.gpkg"
"Hoplostethus mediterraneus","cleaned_MARINEFISH_PART5_intersection.gpkg"
"Ijimaia loppei","cleaned_MARINEFISH_PART5_intersection.gpkg"
"Lamna nasus","cleaned_MARINEFISH_PART5_intersection.gpkg"
"Lampadena atlantica","cleaned_MARINEFISH_PART5_intersection.gpkg"
"Lampanyctus gemmifer","cleaned_MARINEFISH_PART5_intersection.gpkg"
"Lampanyctus intricarius","cleaned_MARINEFISH_PART5_intersection.gpkg"
"Leptostomias gladiator","cleaned_MARINEFISH_PART5_intersection.gpkg"
"Lophodolos acanthognathus","cleaned_MARINEFISH_PART5_intersection.gpkg"
"Malacosteus niger","cleaned_MARINEFISH_PART5_intersection.gpkg"
"Melanostomias tentaculatus","cleaned_MARINEFISH_PART5_intersection.gpkg"
"Mitsukurina owstoni","cleaned_MARINEFISH_PART5_intersection.gpkg"
"Mobula mobular","cleaned_MARINEFISH_PART5_intersection.gpkg"
"Mola mola","cleaned_MARINEFISH_PART5_intersection.gpkg"
"Nannobrachium atrum","cleaned_MARINEFISH_PART5_intersection.gpkg"
"Nerophis ophidion","cleaned_MARINEFISH_PART5_intersection.gpkg"
"Notoscopelus bolini","cleaned_MARINEFISH_PART5_intersection.gpkg"
"Oxynotus centrina","cleaned_MARINEFISH_PART5_intersection.gpkg"
"Paralepis coregonoides","cleaned_MARINEFISH_PART5_intersection.gpkg"
"Protomyctophum arcticum","cleaned_MARINEFISH_PART5_intersection.gpkg"
"Raja brachyura","cleaned_MARINEFISH_PART5_intersection.gpkg"
"Raja clavata","cleaned_MARINEFISH_PART5_intersection.gpkg"
"Rhadinesthes decimus","cleaned_MARINEFISH_PART5_intersection.gpkg"
"Rostroraja alba","cleaned_MARINEFISH_PART5_intersection.gpkg"
"Sphyrna lewini","cleaned_MARINEFISH_PART5_intersection.gpkg"
"Spiniphryne gladisfenae","cleaned_MARINEFISH_PART5_intersection.gpkg"
"Symphodus bailloni","cleaned_MARINEFISH_PART5_intersection.gpkg"
"Symphodus tinca","cleaned_MARINEFISH_PART5_intersection.gpkg"
"Taeniurops grabatus","cleaned_MARINEFISH_PART5_intersection.gpkg"
"Tetronarce nobiliana","cleaned_MARINEFISH_PART5_intersection.gpkg"
"Valenciennellus tripunctulatus","cleaned_MARINEFISH_PART5_intersection.gpkg"
"Vinciguerria attenuata","cleaned_MARINEFISH_PART5_intersection.gpkg"
"Zu cristatus","cleaned_MARINEFISH_PART5_intersection.gpkg"
"Acanthochaenus luetkenii","cleaned_MARINEFISH_PART6_intersection.gpkg"
"Ahliesaurus berryi","cleaned_MARINEFISH_PART6_intersection.gpkg"
"Alepisaurus ferox","cleaned_MARINEFISH_PART6_intersection.gpkg"
"Anoplogaster cornuta","cleaned_MARINEFISH_PART6_intersection.gpkg"
"Argyropelecus affinis","cleaned_MARINEFISH_PART6_intersection.gpkg"
"Aristostomias lunifer","cleaned_MARINEFISH_PART6_intersection.gpkg"
"Balistes capriscus","cleaned_MARINEFISH_PART6_intersection.gpkg"
"Barbourisia rufa","cleaned_MARINEFISH_PART6_intersection.gpkg"
"Bathypterois dubius","cleaned_MARINEFISH_PART6_intersection.gpkg"
"Bathysaurus mollis","cleaned_MARINEFISH_PART6_intersection.gpkg"
"Brotulotaenia brevicauda","cleaned_MARINEFISH_PART6_intersection.gpkg"
"Canthidermis maculata","cleaned_MARINEFISH_PART6_intersection.gpkg"
"Carcharhinus falciformis","cleaned_MARINEFISH_PART6_intersection.gpkg"
"Centrophorus granulosus","cleaned_MARINEFISH_PART6_intersection.gpkg"
"Chaenophryne longiceps","cleaned_MARINEFISH_PART6_intersection.gpkg"
"Chlamydoselachus anguineus","cleaned_MARINEFISH_PART6_intersection.gpkg"
"Coris julis","cleaned_MARINEFISH_PART6_intersection.gpkg"
"Cryptopsaras couesii","cleaned_MARINEFISH_PART6_intersection.gpkg"
"Cyclothone pseudoacclinidens","cleaned_MARINEFISH_PART6_intersection.gpkg"
"Cyclothone pseudopallida","cleaned_MARINEFISH_PART6_intersection.gpkg"
"Danaphryne nigrifilis","cleaned_MARINEFISH_PART6_intersection.gpkg"
"Diodon eydouxii","cleaned_MARINEFISH_PART6_intersection.gpkg"
"Diodon hystrix","cleaned_MARINEFISH_PART6_intersection.gpkg"
"Diretmichthys parini","cleaned_MARINEFISH_PART6_intersection.gpkg"
"Echinorhinus brucus","cleaned_MARINEFISH_PART6_intersection.gpkg"
"Eustomias achirus","cleaned_MARINEFISH_PART6_intersection.gpkg"
"Eustomias filifer","cleaned_MARINEFISH_PART6_intersection.gpkg"
"Galeus atlanticus","cleaned_MARINEFISH_PART6_intersection.gpkg"
"Gonichthys cocco","cleaned_MARINEFISH_PART6_intersection.gpkg"
"Heptranchias perlo","cleaned_MARINEFISH_PART6_intersection.gpkg"
"Himantolophus groenlandicus","cleaned_MARINEFISH_PART6_intersection.gpkg"
"Labrus merula","cleaned_MARINEFISH_PART6_intersection.gpkg"
"Labrus mixtus","cleaned_MARINEFISH_PART6_intersection.gpkg"
"Lampris guttatus","cleaned_MARINEFISH_PART6_intersection.gpkg"
"Leucoraja circularis","cleaned_MARINEFISH_PART6_intersection.gpkg"
"Lophius piscatorius","cleaned_MARINEFISH_PART6_intersection.gpkg"
"Maurolicus amethystinopunctatus","cleaned_MARINEFISH_PART6_intersection.gpkg"
"Melamphaes microps","cleaned_MARINEFISH_PART6_intersection.gpkg"
"Melanostomias bartonbeani","cleaned_MARINEFISH_PART6_intersection.gpkg"
"Mobula tarapacana","cleaned_MARINEFISH_PART6_intersection.gpkg"
"Mustelus asterias","cleaned_MARINEFISH_PART6_intersection.gpkg"
"Myctophum punctatum","cleaned_MARINEFISH_PART6_intersection.gpkg"
"Neoscopelus microchir","cleaned_MARINEFISH_PART6_intersection.gpkg"
"Odontaspis ferox","cleaned_MARINEFISH_PART6_intersection.gpkg"
"Parabrotula plagiophthalma","cleaned_MARINEFISH_PART6_intersection.gpkg"
"Photonectes margarita","cleaned_MARINEFISH_PART6_intersection.gpkg"
"Pseudotriakis microdon","cleaned_MARINEFISH_PART6_intersection.gpkg"
"Raja undulata","cleaned_MARINEFISH_PART6_intersection.gpkg"
"Rajella kukujevi","cleaned_MARINEFISH_PART6_intersection.gpkg"
"Regalecus glesne","cleaned_MARINEFISH_PART6_intersection.gpkg"
"Rhinobatos rhinobatos","cleaned_MARINEFISH_PART6_intersection.gpkg"
"Sciadonus pedicellaris","cleaned_MARINEFISH_PART6_intersection.gpkg"
"Scomber scombrus","cleaned_MARINEFISH_PART6_intersection.gpkg"
"Scopelarchus analis","cleaned_MARINEFISH_PART6_intersection.gpkg"
"Scopelogadus mizolepis","cleaned_MARINEFISH_PART6_intersection.gpkg"
"Sphyrna mokarran","cleaned_MARINEFISH_PART6_intersection.gpkg"
"Stomias boa","cleaned_MARINEFISH_PART6_intersection.gpkg"
"Stomias brevibarbatus","cleaned_MARINEFISH_PART6_intersection.gpkg"
"Symphodus mediterraneus","cleaned_MARINEFISH_PART6_intersection.gpkg"
"Syngnathus acus","cleaned_MARINEFISH_PART6_intersection.gpkg"
"Vinciguerria nimbaria","cleaned_MARINEFISH_PART6_intersection.gpkg"
"Vinciguerria poweriae","cleaned_MARINEFISH_PART6_intersection.gpkg"
"Zameus squamulosus","cleaned_MARINEFISH_PART6_intersection.gpkg"
"Caretta caretta","cleaned_REPTILES_PART1_intersection2.gpkg"
"Chelonia mydas","cleaned_REPTILES_PART1_intersection2.gpkg"
"Dermochelys coriacea","cleaned_REPTILES_PART1_intersection2.gpkg"
"Eretmochelys imbricata","cleaned_REPTILES_PART1_intersection2.gpkg"
"Lepidochelys kempii","cleaned_REPTILES_PART1_intersection2.gpkg"
"Zostera marina","cleaned_SEAGRASSES_intersection2.gpkg"
