"species","iucn_category","area_km2","biodiversity_score"
"Haliotis tuberculata","VU",1948.77,0.47
"accipiter gentilis","LC",0.37,1
"accipiter nisus","LC",0.37,1
"acrocephalus arundinaceus","LC",6.77,1
"acrocephalus paludicola","VU",0.37,0.47
"acrocephalus scirpaceus","LC",0.66,1
"actitis hypoleucos","LC",0.37,1
"aegithalos caudatus","LC",0.37,1
"alauda arvensis","LC",0.37,1
"alca torda","LC",344.33,1
"alcedo atthis","LC",49.05,1
"anas acuta","LC",3.14,1
"anas crecca","LC",0.37,1
"anas platyrhynchos","LC",0.37,1
"anthus petrosus","LC",0.37,1
"anthus pratensis","LC",0.37,1
"anthus spinoletta","LC",0.37,1
"anthus trivialis","LC",0.66,1
"apus apus","LC",0.37,1
"ardea cinerea","LC",0.37,1
"ardenna gravis","LC",344.33,1
"ardenna grisea","NT",344.33,0.73
"arenaria interpres","NT",344.33,0.73
"asio flammeus","LC",4.56,1
"asio otus","LC",14.98,1
"athene noctua","LC",0.37,1
"aythya ferina","VU",0.37,0.47
"aythya fuligula","LC",0.37,1
"aythya marila","LC",417.08,1
"branta bernicla","LC",5.19,1
"bulweria bulwerii","LC",344.33,1
"burhinus oedicnemus","LC",5.21,1
"buteo buteo","LC",0.37,1
"calandrella brachydactyla","LC",0.02,1
"calidris alba","LC",344.33,1
"calidris alpina","NT",344.33,0.73
"calidris canutus","NT",344.33,0.73
"calidris falcinellus","VU",173.17,0.47
"calidris ferruginea","VU",344.33,0.47
"calidris maritima","LC",0.21,1
"calidris minuta","LC",0.37,1
"calonectris borealis","LC",344.33,1
"calonectris diomedea","LC",344.33,1
"caprimulgus europaeus","LC",5.21,1
"carduelis carduelis","LC",0.37,1
"catharacta skua","LC",344.33,1
"certhia brachydactyla","LC",0.37,1
"charadrius alexandrinus","LC",5.19,1
"charadrius dubius","LC",2.9,1
"charadrius hiaticula","LC",0.37,1
"chlidonias niger","LC",1335.98,1
"chloris chloris","LC",0.37,1
"cinclus cinclus","LC",28.81,1
"circaetus gallicus","LC",0.37,1
"circus aeruginosus","LC",0.01,1
"circus cyaneus","LC",0.37,1
"circus pygargus","LC",0.37,1
"cisticola juncidis","LC",0.37,1
"clamator glandarius","LC",3.33,1
"coccothraustes coccothraustes","LC",0.66,1
"columba palumbus","LC",0.37,1
"corvus corax","LC",0.37,1
"corvus corone","LC",0.37,1
"corvus monedula","LC",5.21,1
"coturnix coturnix","LC",0.37,1
"cuculus canorus","LC",0.37,1
"curruca communis","LC",0.37,1
"curruca melanocephala","LC",0.37,1
"curruca undata","NT",0.37,0.73
"cyanistes caeruleus","LC",0.37,1
"delichon urbicum","LC",0.37,1
"dendrocopos major","LC",0.37,1
"emberiza calandra","LC",5.21,1
"emberiza cia","LC",0.66,1
"emberiza cirlus","LC",0.37,1
"emberiza citrinella","LC",0,1
"emberiza schoeniclus","LC",0.04,1
"erithacus rubecula","LC",0.37,1
"falco peregrinus","LC",0.37,1
"falco subbuteo","LC",0.15,1
"falco tinnunculus","LC",0.37,1
"ficedula parva","LC",0.37,1
"fratercula arctica","VU",344.33,0.47
"fringilla coelebs","LC",0.37,1
"fringilla montifringilla","LC",0.37,1
"fulica atra","LC",5.21,1
"galerida cristata","LC",0.04,1
"gallinago gallinago","LC",0.37,1
"gallinula chloropus","LC",0.37,1
"garrulus glandarius","LC",0.37,1
"gavia arctica","LC",365.11,1
"gavia immer","LC",757.8,1
"gavia stellata","LC",2450.33,1
"gulosus aristotelis","LC",1107.8,1
"haematopus ostralegus","NT",0.37,0.73
"himantopus himantopus","LC",0.37,1
"hippolais polyglotta","LC",0.37,1
"hirundo rustica","LC",0.37,1
"hydrobates castro","LC",344.33,1
"hydrobates jabejabe","LC",344.33,1
"hydrobates leucorhous","VU",344.33,0.47
"hydrobates pelagicus","LC",344.33,1
"hydrocoloeus minutus","LC",2203.18,1
"jynx torquilla","LC",18.12,1
"lanius collurio","LC",1.64,1
"lanius meridionalis","VU",0.37,0.47
"lanius senator","NT",13.94,0.73
"larus argentatus","LC",258.73,1
"larus canus","LC",1226.56,1
"larus fuscus","LC",734.63,1
"larus marinus","LC",90.06,1
"larus melanocephalus","LC",1127.31,1
"larus michahellis","LC",1287.62,1
"larus ridibundus","LC",344.33,1
"limosa lapponica","NT",344.33,0.73
"limosa limosa","NT",0.66,0.73
"linaria cannabina","LC",0.37,1
"lophophanes cristatus","LC",0.37,1
"loxia curvirostra","LC",0.66,1
"lullula arborea","LC",0.37,1
"luscinia megarhynchos","LC",5.45,1
"lymnocryptes minimus","LC",0.37,1
"mareca penelope","LC",0.37,1
"mareca strepera","LC",1.28,1
"melanitta fusca","VU",203.99,0.47
"melanitta nigra","LC",1510.47,1
"milvus migrans","LC",0.37,1
"morus bassanus","LC",344.33,1
"motacilla alba","LC",0.37,1
"motacilla cinerea","LC",202.52,1
"motacilla flava","LC",0.37,1
"muscicapa striata","LC",0.66,1
"numenius arquata","NT",0.37,0.73
"numenius phaeopus","LC",0.37,1
"oceanites oceanicus","LC",344.33,1
"oenanthe oenanthe","LC",6.24,1
"oriolus oriolus","LC",6.02,1
"otus scops","LC",0.36,1
"pandion haliaetus","LC",0.37,1
"parus major","LC",0.37,1
"passer domesticus","LC",0.59,1
"passer montanus","LC",0.66,1
"periparus ater","LC",0.37,1
"pernis apivorus","LC",0.37,1
"petronia petronia","LC",19.39,1
"phoenicurus ochruros","LC",0.37,1
"phoenicurus phoenicurus","LC",0.66,1
"phylloscopus collybita","LC",0.37,1
"phylloscopus ibericus","LC",0.37,1
"phylloscopus trochilus","LC",0.37,1
"pica pica","LC",0.37,1
"picus sharpei","LC",0.37,1
"pinguinus impennis","EX",948.5,0
"pluvialis apricaria","LC",0.37,1
"pluvialis squatarola","VU",344.33,0.47
"podiceps cristatus","LC",959.97,1
"podiceps nigricollis","LC",383.05,1
"poecile palustris","LC",4.45,1
"prunella collaris","LC",0.37,1
"prunella modularis","LC",0.37,1
"pterodroma cahow","EN",344.33,0.2
"pterodroma deserta","VU",344.33,0.47
"pterodroma feae","NT",344.33,0.73
"pterodroma madeira","EN",344.33,0.2
"ptyonoprogne rupestris","LC",10.05,1
"puffinus lherminieri","LC",344.33,1
"puffinus mauretanicus","CR",1178.48,0
"puffinus puffinus","LC",344.33,1
"pyrrhocorax pyrrhocorax","LC",5.21,1
"pyrrhula pyrrhula","LC",0.37,1
"rallus aquaticus","LC",0.3,1
"recurvirostra avosetta","LC",89.34,1
"regulus ignicapilla","LC",0.37,1
"regulus regulus","LC",13.46,1
"riparia riparia","LC",0.37,1
"rissa tridactyla","VU",344.33,0.47
"saxicola torquatus","LC",0.37,1
"scolopax rusticola","LC",0.37,1
"serinus serinus","LC",0.37,1
"sitta europaea","LC",7.61,1
"somateria mollissima","NT",72.24,0.73
"spatula clypeata","LC",0.37,1
"spatula querquedula","LC",0,1
"spinus spinus","LC",0.37,1
"stercorarius pomarinus","LC",344.33,1
"streptopelia decaocto","LC",0.66,1
"streptopelia turtur","VU",0.37,0.47
"strix aluco","LC",0.37,1
"sturnus unicolor","LC",0.37,1
"sturnus vulgaris","LC",0.37,1
"sylvia atricapilla","LC",2.23,1
"sylvia borin","LC",0.37,1
"tachybaptus ruficollis","LC",0.37,1
"tachymarptis melba","LC",0.37,1
"thalasseus sandvicensis","LC",899.57,1
"tichodroma muraria","LC",4.56,1
"tringa nebularia","LC",0.37,1
"tringa ochropus","LC",0.45,1
"tringa totanus","LC",0.37,1
"troglodytes troglodytes","LC",0.37,1
"turdus iliacus","NT",0.37,0.73
"turdus merula","LC",0.37,1
"turdus philomelos","LC",0.37,1
"turdus pilaris","LC",0.37,1
"turdus viscivorus","LC",0.37,1
"tyto alba","LC",0.37,1
"upupa epops","LC",0.37,1
"uria aalge","LC",344.33,1
"vanellus vanellus","NT",0.37,0.73
"xema sabini","LC",344.33,1
"Blennius ocellaris","LC",1948.77,1
"Coryphoblennius galerita","LC",1948.77,1
"Lipophrys pholis","LC",1948.77,1
"Lipophrys trigloides","LC",1948.77,1
"Parablennius gattorugine","LC",1948.77,1
"Parablennius incognitus","LC",20.93,1
"Parablennius pilicornis","LC",43.74,1
"Parablennius ruber","LC",1948.77,1
"Parablennius sanguinolentus","LC",1948.77,1
"Parablennius tentacularis","LC",1948.77,1
"Salaria pavo","LC",1948.77,1
"Scartella cristata","LC",43.74,1
"Tripterygion delaisi","LC",1948.77,1
"Antigonia capros","LC",1948.51,1
"Argyrosomus regius","LC",1948.69,1
"Boops boops","LC",1948.69,1
"Callanthias ruber","LC",1635.22,1
"Capros aper","LC",1635.22,1
"Centracanthus cirrus","LC",9.15,1
"Cepola macrophthalma","LC",1635.36,1
"Dentex dentex","VU",1948.77,0.47
"Dentex macrophthalmus","LC",1948.77,1
"Dentex maroccanus","LC",1948.77,1
"Dicentrarchus labrax","NT",1682.3,0.73
"Dicentrarchus punctatus","LC",1948.77,1
"Diplodus annularis","LC",1948.69,1
"Diplodus cervinus","LC",1948.69,1
"Diplodus puntazzo","LC",1948.69,1
"Diplodus sargus","LC",1948.77,1
"Diplodus vulgaris","LC",1948.69,1
"Lithognathus mormyrus","LC",1948.69,1
"Morone saxatilis","LC",3.15,1
"Oblada melanura","LC",1948.69,1
"Pagellus acarne","LC",1948.77,1
"Pagellus bogaraveo","NT",1948.77,0.73
"Pagellus erythrinus","LC",1948.77,1
"Pagrus auriga","LC",604.96,1
"Pagrus pagrus","LC",1948.77,1
"Sarpa salpa","LC",1948.57,1
"Sciaena umbra","NT",1948.7,0.73
"Sparus aurata","LC",1948.69,1
"Spicara maena","LC",1948.77,1
"Spondyliosoma cantharus","LC",1948.77,1
"Umbrina canariensis","LC",43.74,1
"Umbrina cirrosa","VU",1948.77,0.47
"Arnoglossus imperialis","LC",1948.69,1
"Arnoglossus laterna","LC",1948.69,1
"Bathysolea profundicola","LC",344.33,1
"Bothus podas","LC",1862.66,1
"Buglossidium luteum","LC",1948.77,1
"Campogramma glaycos","LC",1948.56,1
"Coryphaena hippurus","LC",344.33,1
"Dicologlossa cuneata","LC",1948.77,1
"Istiophorus platypterus","VU",344.33,0.47
"Kajikia albida","LC",344.33,1
"Lepidorhombus boscii","LC",1635.22,1
"Lepidorhombus whiffiagonis","LC",1635.22,1
"Lichia amia","LC",43.72,1
"Makaira nigricans","VU",344.33,0.47
"Microchirus variegatus","LC",1948.77,1
"Naucrates ductor","LC",1948.69,1
"Pegusa lascaris","LC",1948.77,1
"Phtheirichthys lineatus","LC",11.14,1
"Platichthys flesus","LC",3.15,1
"Pleuronectes platessa","LC",865.17,1
"Pseudocaranx dentex","LC",1948.69,1
"Remora remora","LC",344.33,1
"Scophthalmus maximus","LC",118.34,1
"Scophthalmus rhombus","LC",1948.7,1
"Seriola carpenteri","LC",1948.77,1
"Seriola dumerili","LC",43.74,1
"Seriola fasciata","LC",1948.77,1
"Sphyraena sphyraena","LC",1948.66,1
"Sphyraena viridensis","LC",1948.77,1
"Symphurus nigrescens","LC",1635.36,1
"Tetrapturus pfluegeri","LC",344.33,1
"Trachinotus ovatus","LC",1948.77,1
"Trachurus mediterraneus","LC",382.01,1
"Trachurus picturatus","LC",1635.22,1
"Trachurus trachurus","VU",1608.23,0.47
"Xiphias gladius","NT",344.33,0.73
"Zeugopterus punctatus","LC",1948.77,1
"Zeugopterus regius","LC",1948.69,1
"Alosa alosa","CR",0.15,0
"Alosa fallax","LC",1682.3,1
"Engraulis encrasicolus","LC",1948.72,1
"Sardina pilchardus","LC",1948.72,1
"Sprattus sprattus","LC",1948.77,1
"Anguilla anguilla","CR",1930.22,0
"Avocettina infans","LC",344.33,1
"Conger conger","LC",1948.77,1
"Cyema atrum","LC",344.33,1
"Dalophis imberbis","LC",1948.77,1
"Derichthys serpentinus","LC",344.33,1
"Echelus myrus","LC",1948.77,1
"Eurypharynx pelecanoides","LC",344.33,1
"Facciolella oxyrhyncha","LC",1948.77,1
"Gymnothorax unicolor","LC",1948.77,1
"Ilyophis brunneus","LC",344.33,1
"Muraena helena","LC",1948.77,1
"Nemichthys scolopaceus","LC",344.33,1
"Nessorhamphus ingolfianus","LC",344.33,1
"Nettastoma melanurum","LC",663.47,1
"Ophisurus serpens","LC",1635.22,1
"Pisodonophis semicinctus","LC",1948.77,1
"Saccopharynx ampullaceus","LC",344.33,1
"Serrivomer beanii","LC",344.33,1
"Simenchelys parasitica","LC",94.64,1
"Synaphobranchus kaupii","LC",344.33,1
"Venefica proboscidea","LC",1488.71,1
"Acipenser sturio","CR",451.62,0
"Atherina boyeri","LC",34.62,1
"Chelon labrosus","NT",1716.74,0.73
"Mugil cephalus","LC",43.74,1
"Petromyzon marinus","LC",11.42,1
"Planiliza subviridis","LC",1948.77,1
"Pomatoschistus microps","LC",3.15,1
"Pomatoschistus minutus","LC",1948.7,1
"Syngnathus typhle","LC",1948.77,1
"Chelon auratus","NT",1716.74,0.73
"Chelon ramada","NT",1716.74,0.73
"Chelon saliens","NT",1716.74,0.73
"Gasterosteus aculeatus","LC",395.42,1
"Gobius paganellus","LC",1948.77,1
"Kuhlia mugil","LC",3.15,1
"Salmo salar","NT",344.33,0.73
"Salmo trutta","LC",865.17,1
"Syngnathus abaster","LC",154.96,1
"Hydrobia acuta","LC",3.15,1
"Myosotella myosotis","LC",0.33,1
"Arenaria interpres","NT",344.33,0.73
"Aythya fuligula","LC",0.37,1
"Calidris alba","LC",344.33,1
"Calidris ferruginea","VU",344.33,0.47
"Calidris maritima","LC",0.21,1
"Haematopus ostralegus","NT",0.37,0.73
"Hydrocoloeus minutus","LC",2203.18,1
"Larus argentatus","LC",258.73,1
"Larus melanocephalus","LC",1127.31,1
"Larus ridibundus","LC",344.33,1
"Limosa limosa","NT",0.66,0.73
"Lutra lutra","NT",0.37,0.73
"Melanitta nigra","LC",1510.47,1
"Milvus migrans","LC",0.37,1
"Pluvialis apricaria","LC",0.37,1
"Spatula clypeata","LC",0.37,1
"Xema sabini","LC",344.33,1
"Anas acuta","LC",3.14,1
"Anthus pratensis","LC",0.37,1
"Anthus spinoletta","LC",0.37,1
"Ardea cinerea","LC",0.37,1
"Aythya ferina","VU",0.37,0.47
"Calidris alpina","NT",344.33,0.73
"Cisticola juncidis","LC",0.37,1
"Corvus corone","LC",0.37,1
"Himantopus himantopus","LC",0.37,1
"Larus canus","LC",1226.56,1
"Larus fuscus","LC",734.63,1
"Numenius phaeopus","LC",0.37,1
"Oenanthe oenanthe","LC",6.24,1
"Pandion haliaetus","LC",0.37,1
"Recurvirostra avosetta","LC",89.34,1
"Stercorarius pomarinus","LC",344.33,1
"Tachybaptus ruficollis","LC",0.37,1
"Tringa nebularia","LC",0.37,1
"Alauda arvensis","LC",0.37,1
"Alcedo atthis","LC",49.05,1
"Anthus petrosus","LC",0.37,1
"Aythya marila","LC",417.08,1
"Calidris canutus","NT",344.33,0.73
"Calidris falcinellus","VU",173.17,0.47
"Charadrius alexandrinus","LC",5.19,1
"Charadrius dubius","LC",2.9,1
"Charadrius hiaticula","LC",0.37,1
"Falco peregrinus","LC",0.37,1
"Fulica atra","LC",5.21,1
"Gavia arctica","LC",365.11,1
"Limosa lapponica","NT",0.37,0.73
"Mareca penelope","LC",0.37,1
"Numenius arquata","NT",0.37,0.73
"Pluvialis squatarola","VU",344.33,0.47
"Podiceps cristatus","LC",959.97,1
"Poecile palustris","LC",4.45,1
"Tringa totanus","LC",0.37,1
"Actitis hypoleucos","LC",0.37,1
"Branta bernicla","LC",5.19,1
"Calidris minuta","LC",0.37,1
"Chlidonias niger","LC",1335.98,1
"Gallinula chloropus","LC",0.37,1
"Gavia immer","LC",757.8,1
"Gavia stellata","LC",2450.34,1
"Gulosus aristotelis","LC",1107.8,1
"Larus michahellis","LC",1287.62,1
"Lymnocryptes minimus","LC",0.37,1
"Melanitta fusca","VU",203.99,0.47
"Podiceps nigricollis","LC",383.05,1
"Spatula querquedula","LC",0,1
"Bolboschoenus maritimus","LC",3.15,1
"Zostera noltii","LC",1948.77,1
"Mycteroperca marginata","VU",1948.69,0.47
"Myxine glutinosa","LC",1635.22,1
"Cardus crucifer","LC",374.19,1
"Homarus gammarus","LC",1948.77,1
"Nephrops norvegicus","LC",531.55,1
"Nephropsis atlantica","LC",344.33,1
"Palinurus mauritanicus","LC",1635.22,1
"Polycheles typhlops","LC",1635.22,1
"Scyllarus arctus","LC",1948.77,1
"Stereomastis nana","LC",1635.22,1
"Stereomastis sculpta","LC",390.45,1
"Balaenoptera acutorostrata","LC",344.33,1
"Balaenoptera borealis","EN",344.33,0.2
"Balaenoptera musculus","EN",344.33,0.2
"Balaenoptera physalus","VU",344.33,0.47
"Delphinus delphis","LC",344.33,1
"Eubalaena glacialis","CR",344.33,0
"Feresa attenuata","LC",344.33,1
"Globicephala macrorhynchus","LC",344.33,1
"Globicephala melas","LC",344.33,1
"Grampus griseus","LC",344.33,1
"Hyperoodon ampullatus","NT",344.33,0.73
"Kogia breviceps","LC",344.33,1
"Kogia sima","LC",344.33,1
"Lagenorhynchus albirostris","LC",148.29,1
"Megaptera novaeangliae","LC",344.33,1
"Mesoplodon bidens","LC",344.33,1
"Mesoplodon densirostris","LC",344.33,1
"Mesoplodon europaeus","LC",344.33,1
"Mesoplodon mirus","LC",344.33,1
"Phocoena phocoena","LC",61.35,1
"Physeter macrocephalus","VU",344.33,0.47
"Pseudorca crassidens","NT",135.55,0.73
"Stenella coeruleoalba","LC",344.33,1
"Steno bredanensis","LC",512.13,1
"Tursiops truncatus","LC",344.33,1
"Ziphius cavirostris","LC",344.33,1
"Alopias vulpinus","VU",1551.19,0.47
"Argyropelecus aculeatus","LC",344.33,1
"Astronesthes leucopogon","LC",344.33,1
"Auxis rochei","LC",452.21,1
"Auxis thazard","LC",452.21,1
"Bathophilus metallicus","LC",344.33,1
"Benthosema glaciale","LC",344.33,1
"Cataetyx alleni","LC",1635.22,1
"Cataetyx laticeps","LC",1105.11,1
"Centrophorus squamosus","EN",262.66,0.2
"Centroscyllium fabricii","LC",28.2,1
"Chaenophryne ramifera","LC",1635.22,1
"Chauliodus danae","LC",344.33,1
"Chauliodus sloani","LC",344.33,1
"Chirostomias pliopterus","LC",344.33,1
"Chlorophthalmus agassizi","LC",1634.93,1
"Diaphus effulgens","LC",344.33,1
"Dipturus nidarosiensis","EN",376.65,0.2
"Diretmus argenteus","LC",344.33,1
"Galeorhinus galeus","CR",1721.82,0
"Halobatrachus didactylus","LC",1948.77,1
"Hygophum hygomii","LC",344.33,1
"Labrus bergylta","LC",1948.77,1
"Lagocephalus lagocephalus","LC",813.53,1
"Lampadena speculigera","LC",344.33,1
"Leptostomias haplocaulus","LC",344.33,1
"Lestidiops similis","LC",344.33,1
"Masturus lanceolatus","LC",344.33,1
"Maurolicus muelleri","LC",344.33,1
"Melamphaes falsidicus","LC",344.33,1
"Melamphaes simus","LC",344.33,1
"Melanocetus johnsonii","LC",344.33,1
"Melanostomias macrophotus","LC",344.33,1
"Nerophis lumbriciformis","LC",1948.77,1
"Notoscopelus kroyeri","LC",344.33,1
"Photonectes mirabilis","LC",1635.36,1
"Photostomias guernei","LC",344.33,1
"Polymetme thaeocoryla","LC",1030.36,1
"Raja microocellata","NT",676.26,0.73
"Raja miraletus","LC",0.56,1
"Ranzania laevis","LC",344.33,1
"Rhinochimaera atlantica","LC",108.81,1
"Scopelosaurus lepidus","LC",344.33,1
"Scyliorhinus canicula","LC",1751.45,1
"Somniosus rostratus","LC",1106.46,1
"Sphoeroides pachygaster","LC",1948.77,1
"Stomias longibarbatus","LC",344.33,1
"Torpedo torpedo","VU",1523.01,0.47
"Trachipterus arcticus","LC",344.33,1
"Acantholabrus palloni","LC",1948.77,1
"Aluterus monoceros","LC",55.45,1
"Aluterus scriptus","LC",1948.77,1
"Argyropelecus gigas","LC",344.33,1
"Bassozetus compressus","LC",344.33,1
"Bathophilus nigerrimus","LC",344.33,1
"Bathophilus vaillanti","LC",344.33,1
"Bolinichthys indicus","LC",344.33,1
"Carapus acus","LC",1948.77,1
"Carcharhinus plumbeus","EN",1519.26,0.2
"Carcharodon carcharias","VU",344.33,0.47
"Caulophryne jordani","LC",344.33,1
"Ceratias holboelli","LC",344.33,1
"Ceratoscopelus maderensis","LC",344.33,1
"Chimaera monstrosa","VU",151.69,0.47
"Chimaera opalescens","LC",5.93,1
"Dasyatis pastinaca","VU",1352.51,0.47
"Diaphus rafinesquii","LC",344.33,1
"Dolopichthys allector","LC",1635.22,1
"Etmopterus princeps","LC",28.2,1
"Eustomias macrurus","LC",344.33,1
"Euthynnus alletteratus","LC",344.33,1
"Evermannella balbo","LC",344.33,1
"Flagellostomias boureei","LC",344.33,1
"Galeus melastomus","LC",654.68,1
"Gonostoma denudatum","LC",344.33,1
"Gonostoma elongatum","LC",344.33,1
"Gymnura altavela","EN",1276.72,0.2
"Hexanchus griseus","NT",191.64,0.73
"Isurus oxyrinchus","EN",344.33,0.2
"Lampanyctus alatus","LC",344.33,1
"Lampanyctus crocodilus","LC",344.33,1
"Lampanyctus photonotus","LC",344.33,1
"Leptostomias longibarba","LC",1635.22,1
"Linophryne coronata","LC",344.33,1
"Lobianchia gemellarii","LC",344.33,1
"Melanostomias valdiviae","LC",344.33,1
"Neoraja iberica","LC",1864.54,1
"Oxynotus paradoxus","VU",4.76,0.47
"Pentherichthys atratus","LC",344.33,1
"Pollichthys mauli","LC",344.33,1
"Porogadus miles","LC",344.33,1
"Prionace glauca","NT",344.33,0.73
"Scopelosaurus argenteus","LC",711.7,1
"Spectrunculus crassus","LC",344.33,1
"Sphyrna zygaena","VU",43.74,0.47
"Squalus margaretsmithae","LC",1355.49,1
"Sternoptyx pseudobscura","LC",344.33,1
"Symphodus melops","LC",1948.77,1
"Syngnathus rostellatus","LC",4.16,1
"Trigonolampa miriceps","LC",344.33,1
"Aetomylaeus bovinus","CR",1276.12,0
"Alopias superciliosus","VU",344.33,0.47
"Arctozenus risso","LC",344.33,1
"Argyropelecus olfersii","LC",344.33,1
"Aristostomias tittmanni","LC",344.33,1
"Astronesthes niger","LC",344.33,1
"Bathysaurus ferox","LC",819.31,1
"Bonapartia pedaliota","LC",344.33,1
"Borostomias antarcticus","LC",344.33,1
"Brotulotaenia crassa","LC",344.33,1
"Carcharhinus longimanus","CR",344.33,0
"Centrolabrus exoletus","LC",1948.77,1
"Centroselachus crepidater","NT",21.79,0.73
"Chaunax suttkusi","LC",19.86,1
"Cyclothone acclinidens","LC",344.33,1
"Cyclothone microdon","LC",344.33,1
"Deania calceus","NT",541.14,0.73
"Diaphus holti","LC",344.33,1
"Diaphus metopoclampus","LC",344.33,1
"Dolopichthys longicornis","LC",1651.75,1
"Grammatostomias flagellibarba","LC",344.33,1
"Himantolophus mauli","LC",344.33,1
"Hydrolagus pallidus","LC",776.05,1
"Lampanyctus pusillus","LC",344.33,1
"Lestidiops jayakari","LC",344.33,1
"Leucoraja fullonica","VU",1948.7,0.47
"Linophryne pennibarbata","LC",1635.22,1
"Loweina interrupta","LC",344.33,1
"Macroparalepis affinis","LC",344.33,1
"Macroramphosus scolopax","LC",344.33,1
"Melanostomias spilorhynchus","LC",344.33,1
"Microlophichthys microlophus","LC",1635.22,1
"Neonesthes capensis","LC",344.33,1
"Notoscopelus resplendens","LC",344.33,1
"Oneirodes eschrichtii","LC",344.33,1
"Oneirodes macrosteus","LC",344.33,1
"Ophidion barbatum","LC",1948.77,1
"Rajella bigelowi","LC",35.53,1
"Sarda sarda","LC",1446.92,1
"Scomber colias","LC",163.7,1
"Sparisoma cretense","LC",1899.36,1
"Spectrunculus grandis","LC",799.24,1
"Symphodus roissali","LC",1948.77,1
"Thalassoma pavo","LC",4.36,1
"Thunnus obesus","VU",344.33,0.47
"Anotopterus pharao","LC",344.33,1
"Argyropelecus hemigymnus","LC",344.33,1
"Astronesthes neopogon","LC",344.33,1
"Bassozetus levistomatus","LC",344.33,1
"Bassozetus nielseni","LC",344.33,1
"Bathypterois longipes","LC",344.33,1
"Bathytoshia lata","VU",1694.79,0.47
"Beryx decadactylus","LC",1635.22,1
"Beryx splendens","LC",1635.22,1
"Borostomias elucens","LC",344.33,1
"Bufoceratias wedli","LC",344.33,1
"Chaenophryne draco","LC",344.33,1
"Cyclothone braueri","LC",344.33,1
"Cyclothone livida","LC",51.35,1
"Deania profundorum","NT",90.04,0.73
"Diceratias pileatus","LC",12.08,1
"Diogenichthys atlanticus","LC",344.33,1
"Dipturus oxyrinchus","VU",257.75,0.47
"Echiostoma barbatum","LC",344.33,1
"Etmopterus pusillus","LC",350.95,1
"Eustomias monodactylus","LC",344.33,1
"Fistularia petimba","LC",1948.62,1
"Grammatostomias dentatus","LC",1635.22,1
"Haplophryne mollis","LC",344.33,1
"Hydrolagus affinis","LC",2116.52,1
"Hydrolagus mirabilis","LC",549.66,1
"Hygophum benoiti","LC",344.33,1
"Idiacanthus fasciola","LC",344.33,1
"Isurus paucus","EN",344.33,0.2
"Katsuwonus pelamis","LC",344.33,1
"Labrus viridis","VU",1817.88,0.47
"Lampadena chavesi","LC",344.33,1
"Lampanyctus festivus","LC",344.33,1
"Lampanyctus macdonaldi","LC",344.33,1
"Lestidiops sphyrenoides","LC",344.33,1
"Leucoraja naevus","LC",1948.73,1
"Lobianchia dofleini","LC",344.33,1
"Magnisudis atlantica","LC",344.33,1
"Myliobatis aquila","CR",1567.6,0
"Notolychnus valdiviae","LC",344.33,1
"Pachystomias microdon","LC",344.33,1
"Raja montagui","LC",1714.63,1
"Rondeletia loricata","LC",344.33,1
"Scyliorhinus stellaris","VU",1518.3,0.47
"Scymnodon ringens","VU",519.06,0.47
"Sigmops bathyphilus","LC",344.33,1
"Somniosus microcephalus","VU",33.49,0.47
"Squalus acanthias","VU",6.08,0.47
"Squatina squatina","CR",1948.77,0
"Sternoptyx diaphana","LC",344.33,1
"Symbolophorus veranyi","LC",344.33,1
"Symphodus cinereus","LC",1948.77,1
"Taaningichthys bathyphilus","LC",344.33,1
"Thunnus alalunga","LC",344.33,1
"Thunnus thynnus","LC",344.33,1
"Torpedo marmorata","VU",1519.27,0.47
"Trachipterus trachypterus","LC",344.33,1
"Xyrichtys novacula","LC",1948.77,1
"Barathrites iris","LC",344.33,1
"Benthalbella infans","LC",1635.22,1
"Carcharhinus galapagensis","LC",43.74,1
"Carcharhinus obscurus","EN",1948.77,0.2
"Centroscymnus coelolepis","NT",1635.22,0.73
"Cetorhinus maximus","EN",344.33,0.2
"Chaunax pictus","LC",1635.35,1
"Ctenolabrus rupestris","LC",1948.77,1
"Cyclothone alba","LC",344.33,1
"Cyclothone pallida","LC",344.33,1
"Dalatias licha","VU",5.24,0.47
"Electrona risso","LC",344.33,1
"Entelurus aequoreus","LC",1948.77,1
"Etmopterus spinax","VU",90.58,0.47
"Galeus murinus","LC",263.1,1
"Hexanchus nakamurai","NT",20.98,0.73
"Hoplostethus mediterraneus","LC",929.41,1
"Ijimaia loppei","LC",10.27,1
"Lamna nasus","VU",344.33,0.47
"Lampadena atlantica","LC",344.33,1
"Lampanyctus gemmifer","LC",344.33,1
"Lampanyctus intricarius","LC",344.33,1
"Leptostomias gladiator","LC",344.33,1
"Lophodolos acanthognathus","LC",344.33,1
"Malacosteus niger","LC",344.33,1
"Melanostomias tentaculatus","LC",1635.22,1
"Mitsukurina owstoni","LC",203.45,1
"Mobula mobular","EN",344.33,0.2
"Mola mola","VU",1635.22,0.47
"Nannobrachium atrum","LC",344.33,1
"Nerophis ophidion","LC",1948.77,1
"Notoscopelus bolini","LC",344.33,1
"Oxynotus centrina","EN",1561.45,0.2
"Paralepis coregonoides","LC",344.33,1
"Protomyctophum arcticum","LC",344.33,1
"Raja brachyura","NT",89.87,0.73
"Raja clavata","NT",1786.32,0.73
"Rhadinesthes decimus","LC",344.33,1
"Rostroraja alba","EN",0.39,0.2
"Sphyrna lewini","CR",14.92,0
"Spiniphryne gladisfenae","LC",344.33,1
"Symphodus bailloni","LC",1948.77,1
"Symphodus tinca","LC",1948.77,1
"Taeniurops grabatus","NT",1518.52,0.73
"Tetronarce nobiliana","LC",1779.72,1
"Valenciennellus tripunctulatus","LC",344.33,1
"Vinciguerria attenuata","LC",344.33,1
"Zu cristatus","LC",344.33,1
"Acanthochaenus luetkenii","LC",344.33,1
"Ahliesaurus berryi","LC",344.33,1
"Alepisaurus ferox","LC",344.33,1
"Anoplogaster cornuta","LC",344.33,1
"Argyropelecus affinis","LC",344.33,1
"Aristostomias lunifer","LC",344.33,1
"Balistes capriscus","VU",1948.77,0.47
"Barbourisia rufa","LC",13.45,1
"Bathypterois dubius","LC",108.57,1
"Bathysaurus mollis","LC",59.38,1
"Brotulotaenia brevicauda","LC",344.33,1
"Canthidermis maculata","LC",1948.77,1
"Carcharhinus falciformis","VU",344.33,0.47
"Centrophorus granulosus","EN",431.86,0.2
"Chaenophryne longiceps","LC",344.33,1
"Chlamydoselachus anguineus","LC",397.21,1
"Coris julis","LC",1948.77,1
"Cryptopsaras couesii","LC",344.33,1
"Cyclothone pseudoacclinidens","LC",344.33,1
"Cyclothone pseudopallida","LC",344.33,1
"Danaphryne nigrifilis","LC",344.33,1
"Diodon eydouxii","LC",22.9,1
"Diodon hystrix","LC",1948.77,1
"Diretmichthys parini","LC",344.33,1
"Echinorhinus brucus","EN",81.44,0.2
"Eustomias achirus","LC",344.33,1
"Eustomias filifer","LC",36.6,1
"Galeus atlanticus","NT",229.14,0.73
"Gonichthys cocco","LC",344.33,1
"Heptranchias perlo","NT",175.89,0.73
"Himantolophus groenlandicus","LC",344.33,1
"Labrus merula","LC",1817.88,1
"Labrus mixtus","LC",1948.77,1
"Lampris guttatus","LC",344.33,1
"Leucoraja circularis","EN",1948.58,0.2
"Lophius piscatorius","LC",1948.77,1
"Maurolicus amethystinopunctatus","LC",344.33,1
"Melamphaes microps","LC",344.33,1
"Melanostomias bartonbeani","LC",344.33,1
"Mobula tarapacana","EN",344.33,0.2
"Mustelus asterias","NT",1352.51,0.73
"Myctophum punctatum","LC",344.33,1
"Neoscopelus microchir","LC",344.33,1
"Odontaspis ferox","EN",126.06,0.2
"Parabrotula plagiophthalma","LC",344.33,1
"Photonectes margarita","LC",1635.15,1
"Pseudotriakis microdon","LC",1715.4,1
"Raja undulata","NT",1282.86,0.73
"Rajella kukujevi","LC",1636.45,1
"Regalecus glesne","LC",344.33,1
"Rhinobatos rhinobatos","CR",1272.93,0
"Sciadonus pedicellaris","LC",54.64,1
"Scomber scombrus","LC",344.33,1
"Scopelarchus analis","LC",344.33,1
"Scopelogadus mizolepis","LC",344.33,1
"Sphyrna mokarran","CR",0,0
"Stomias boa","LC",344.33,1
"Stomias brevibarbatus","LC",344.33,1
"Symphodus mediterraneus","LC",1948.77,1
"Syngnathus acus","LC",1948.56,1
"Vinciguerria nimbaria","LC",344.33,1
"Vinciguerria poweriae","LC",344.33,1
"Zameus squamulosus","LC",463.06,1
"Caretta caretta","VU",344.33,0.47
"Chelonia mydas","EN",344.33,0.2
"Dermochelys coriacea","VU",344.33,0.47
"Eretmochelys imbricata","CR",344.33,0
"Lepidochelys kempii","CR",344.33,0
"Zostera marina","LC",43.74,1
