"sci_name","n_years","total_records","years","slope","file","slope_scaled"
"Haliotis tuberculata",1,NA,NA,NA,"cleaned_ABALONES_intersection2.gpkg",NA
"alca torda",2,325,"2016, 2023",-0.714285714285655,"cleaned_BIRDS_intersection_IUCN.gpkg",NA
"anthus trivialis",2,14,"2015, 2018",-3.33333333333289,"cleaned_BIRDS_intersection_IUCN.gpkg",NA
"calidris alpina",2,178,"2016, 2024",18.9999999999992,"cleaned_BIRDS_intersection_IUCN.gpkg",NA
"circaetus gallicus",2,15,"2013, 2021",-1.12499999999992,"cleaned_BIRDS_intersection_IUCN.gpkg",NA
"circus aeruginosus",2,14,"2013, 2021",1.24999999999991,"cleaned_BIRDS_intersection_IUCN.gpkg",NA
"circus pygargus",2,14,"2013, 2021",1.24999999999991,"cleaned_BIRDS_intersection_IUCN.gpkg",NA
"curruca communis",2,14,"2007, 2016",-0.444444444444446,"cleaned_BIRDS_intersection_IUCN.gpkg",NA
"emberiza calandra",2,12,"2015, 2018",-2.66666666666631,"cleaned_BIRDS_intersection_IUCN.gpkg",NA
"erithacus rubecula",2,25,"2015, 2018",0.33333333333329,"cleaned_BIRDS_intersection_IUCN.gpkg",NA
"haematopus ostralegus",2,23,"2015, 2019",0.74999999999997,"cleaned_BIRDS_intersection_IUCN.gpkg",NA
"motacilla alba",2,17,"2008, 2019",-0.636363636363627,"cleaned_BIRDS_intersection_IUCN.gpkg",NA
"motacilla flava",2,14,"2016, 2018",-4.99999999999901,"cleaned_BIRDS_intersection_IUCN.gpkg",NA
"regulus regulus",2,7,"2007, 2018",-0.272727272727263,"cleaned_BIRDS_intersection_IUCN.gpkg",NA
"serinus serinus",2,17,"2015, 2018",2.9999999999996,"cleaned_BIRDS_intersection_IUCN.gpkg",NA
"uria aalge",2,179,"2015, 2016",135.000000000005,"cleaned_BIRDS_intersection_IUCN.gpkg",NA
"ardenna gravis",1,NA,NA,NA,"cleaned_BIRDS_intersection_IUCN.gpkg",NA
"ardenna grisea",1,NA,NA,NA,"cleaned_BIRDS_intersection_IUCN.gpkg",NA
"rissa tridactyla",1,NA,NA,NA,"cleaned_BIRDS_intersection_IUCN.gpkg",NA
"hydrobates pelagicus",1,NA,NA,NA,"cleaned_BIRDS_intersection_IUCN.gpkg",NA
"larus ridibundus",1,NA,NA,NA,"cleaned_BIRDS_intersection_IUCN.gpkg",NA
"oceanites oceanicus",1,NA,NA,NA,"cleaned_BIRDS_intersection_IUCN.gpkg",NA
"stercorarius pomarinus",1,NA,NA,NA,"cleaned_BIRDS_intersection_IUCN.gpkg",NA
"morus bassanus",1,NA,NA,NA,"cleaned_BIRDS_intersection_IUCN.gpkg",NA
"pterodroma madeira",1,NA,NA,NA,"cleaned_BIRDS_intersection_IUCN.gpkg",NA
"puffinus lherminieri",1,NA,NA,NA,"cleaned_BIRDS_intersection_IUCN.gpkg",NA
"puffinus puffinus",1,NA,NA,NA,"cleaned_BIRDS_intersection_IUCN.gpkg",NA
"pterodroma cahow",1,NA,NA,NA,"cleaned_BIRDS_intersection_IUCN.gpkg",NA
"pterodroma deserta",1,NA,NA,NA,"cleaned_BIRDS_intersection_IUCN.gpkg",NA
"pterodroma feae",1,NA,NA,NA,"cleaned_BIRDS_intersection_IUCN.gpkg",NA
"bulweria bulwerii",1,NA,NA,NA,"cleaned_BIRDS_intersection_IUCN.gpkg",NA
"calonectris borealis",1,NA,NA,NA,"cleaned_BIRDS_intersection_IUCN.gpkg",NA
"calonectris diomedea",1,NA,NA,NA,"cleaned_BIRDS_intersection_IUCN.gpkg",NA
"catharacta skua",1,NA,NA,NA,"cleaned_BIRDS_intersection_IUCN.gpkg",NA
"fratercula arctica",1,NA,NA,NA,"cleaned_BIRDS_intersection_IUCN.gpkg",NA
"xema sabini",1,NA,NA,NA,"cleaned_BIRDS_intersection_IUCN.gpkg",NA
"hydrobates jabejabe",1,NA,NA,NA,"cleaned_BIRDS_intersection_IUCN.gpkg",NA
"hydrobates castro",1,NA,NA,NA,"cleaned_BIRDS_intersection_IUCN.gpkg",NA
"hydrobates leucorhous",1,NA,NA,NA,"cleaned_BIRDS_intersection_IUCN.gpkg",NA
"calidris ferruginea",1,NA,NA,NA,"cleaned_BIRDS_intersection_IUCN.gpkg",NA
"arenaria interpres",1,NA,NA,NA,"cleaned_BIRDS_intersection_IUCN.gpkg",NA
"pluvialis squatarola",1,NA,NA,NA,"cleaned_BIRDS_intersection_IUCN.gpkg",NA
"calidris alba",1,NA,NA,NA,"cleaned_BIRDS_intersection_IUCN.gpkg",NA
"calidris canutus",1,NA,NA,NA,"cleaned_BIRDS_intersection_IUCN.gpkg",NA
"limosa lapponica",1,NA,NA,NA,"cleaned_BIRDS_intersection_IUCN.gpkg",NA
"larus marinus",1,NA,NA,NA,"cleaned_BIRDS_intersection_IUCN.gpkg",NA
"puffinus mauretanicus",1,NA,NA,NA,"cleaned_BIRDS_intersection_IUCN.gpkg",NA
"larus fuscus",1,NA,NA,NA,"cleaned_BIRDS_intersection_IUCN.gpkg",NA
"calidris falcinellus",1,NA,NA,NA,"cleaned_BIRDS_intersection_IUCN.gpkg",NA
"larus canus",1,NA,NA,NA,"cleaned_BIRDS_intersection_IUCN.gpkg",NA
"pinguinus impennis",1,NA,NA,NA,"cleaned_BIRDS_intersection_IUCN.gpkg",NA
"larus argentatus",1,NA,NA,NA,"cleaned_BIRDS_intersection_IUCN.gpkg",NA
"chlidonias niger",1,NA,NA,NA,"cleaned_BIRDS_intersection_IUCN.gpkg",NA
"larus michahellis",1,NA,NA,NA,"cleaned_BIRDS_intersection_IUCN.gpkg",NA
"hydrocoloeus minutus",1,NA,NA,NA,"cleaned_BIRDS_intersection_IUCN.gpkg",NA
"gavia immer",1,NA,NA,NA,"cleaned_BIRDS_intersection_IUCN.gpkg",NA
"aythya marila",1,NA,NA,NA,"cleaned_BIRDS_intersection_IUCN.gpkg",NA
"gavia stellata",1,NA,NA,NA,"cleaned_BIRDS_intersection_IUCN.gpkg",NA
"larus melanocephalus",1,NA,NA,NA,"cleaned_BIRDS_intersection_IUCN.gpkg",NA
"podiceps cristatus",1,NA,NA,NA,"cleaned_BIRDS_intersection_IUCN.gpkg",NA
"thalasseus sandvicensis",1,NA,NA,NA,"cleaned_BIRDS_intersection_IUCN.gpkg",NA
"gavia arctica",1,NA,NA,NA,"cleaned_BIRDS_intersection_IUCN.gpkg",NA
"gulosus aristotelis",1,NA,NA,NA,"cleaned_BIRDS_intersection_IUCN.gpkg",NA
"melanitta nigra",1,NA,NA,NA,"cleaned_BIRDS_intersection_IUCN.gpkg",NA
"alcedo atthis",1,NA,NA,NA,"cleaned_BIRDS_intersection_IUCN.gpkg",NA
"motacilla cinerea",1,NA,NA,NA,"cleaned_BIRDS_intersection_IUCN.gpkg",NA
"podiceps nigricollis",1,NA,NA,NA,"cleaned_BIRDS_intersection_IUCN.gpkg",NA
"somateria mollissima",1,NA,NA,NA,"cleaned_BIRDS_intersection_IUCN.gpkg",NA
"anthus pratensis",1,NA,NA,NA,"cleaned_BIRDS_intersection_IUCN.gpkg",NA
"buteo buteo",1,NA,NA,NA,"cleaned_BIRDS_intersection_IUCN.gpkg",NA
"circus cyaneus",1,NA,NA,NA,"cleaned_BIRDS_intersection_IUCN.gpkg",NA
"falco tinnunculus",1,NA,NA,NA,"cleaned_BIRDS_intersection_IUCN.gpkg",NA
"otus scops",1,NA,NA,NA,"cleaned_BIRDS_intersection_IUCN.gpkg",NA
"aythya ferina",1,NA,NA,NA,"cleaned_BIRDS_intersection_IUCN.gpkg",NA
"saxicola torquatus",1,NA,NA,NA,"cleaned_BIRDS_intersection_IUCN.gpkg",NA
"anas crecca",1,NA,NA,NA,"cleaned_BIRDS_intersection_IUCN.gpkg",NA
"upupa epops",1,NA,NA,NA,"cleaned_BIRDS_intersection_IUCN.gpkg",NA
"milvus migrans",1,NA,NA,NA,"cleaned_BIRDS_intersection_IUCN.gpkg",NA
"acrocephalus scirpaceus",1,NA,NA,NA,"cleaned_BIRDS_intersection_IUCN.gpkg",NA
"anas platyrhynchos",1,NA,NA,NA,"cleaned_BIRDS_intersection_IUCN.gpkg",NA
"ardea cinerea",1,NA,NA,NA,"cleaned_BIRDS_intersection_IUCN.gpkg",NA
"athene noctua",1,NA,NA,NA,"cleaned_BIRDS_intersection_IUCN.gpkg",NA
"charadrius hiaticula",1,NA,NA,NA,"cleaned_BIRDS_intersection_IUCN.gpkg",NA
"cuculus canorus",1,NA,NA,NA,"cleaned_BIRDS_intersection_IUCN.gpkg",NA
"emberiza schoeniclus",1,NA,NA,NA,"cleaned_BIRDS_intersection_IUCN.gpkg",NA
"falco peregrinus",1,NA,NA,NA,"cleaned_BIRDS_intersection_IUCN.gpkg",NA
"fringilla coelebs",1,NA,NA,NA,"cleaned_BIRDS_intersection_IUCN.gpkg",NA
"gallinago gallinago",1,NA,NA,NA,"cleaned_BIRDS_intersection_IUCN.gpkg",NA
"gallinula chloropus",1,NA,NA,NA,"cleaned_BIRDS_intersection_IUCN.gpkg",NA
"himantopus himantopus",1,NA,NA,NA,"cleaned_BIRDS_intersection_IUCN.gpkg",NA
"hirundo rustica",1,NA,NA,NA,"cleaned_BIRDS_intersection_IUCN.gpkg",NA
"lullula arborea",1,NA,NA,NA,"cleaned_BIRDS_intersection_IUCN.gpkg",NA
"muscicapa striata",1,NA,NA,NA,"cleaned_BIRDS_intersection_IUCN.gpkg",NA
"pandion haliaetus",1,NA,NA,NA,"cleaned_BIRDS_intersection_IUCN.gpkg",NA
"passer domesticus",1,NA,NA,NA,"cleaned_BIRDS_intersection_IUCN.gpkg",NA
"phoenicurus ochruros",1,NA,NA,NA,"cleaned_BIRDS_intersection_IUCN.gpkg",NA
"phoenicurus phoenicurus",1,NA,NA,NA,"cleaned_BIRDS_intersection_IUCN.gpkg",NA
"phylloscopus collybita",1,NA,NA,NA,"cleaned_BIRDS_intersection_IUCN.gpkg",NA
"phylloscopus ibericus",1,NA,NA,NA,"cleaned_BIRDS_intersection_IUCN.gpkg",NA
"riparia riparia",1,NA,NA,NA,"cleaned_BIRDS_intersection_IUCN.gpkg",NA
"scolopax rusticola",1,NA,NA,NA,"cleaned_BIRDS_intersection_IUCN.gpkg",NA
"spatula clypeata",1,NA,NA,NA,"cleaned_BIRDS_intersection_IUCN.gpkg",NA
"streptopelia decaocto",1,NA,NA,NA,"cleaned_BIRDS_intersection_IUCN.gpkg",NA
"streptopelia turtur",1,NA,NA,NA,"cleaned_BIRDS_intersection_IUCN.gpkg",NA
"sturnus vulgaris",1,NA,NA,NA,"cleaned_BIRDS_intersection_IUCN.gpkg",NA
"tachybaptus ruficollis",1,NA,NA,NA,"cleaned_BIRDS_intersection_IUCN.gpkg",NA
"tyto alba",1,NA,NA,NA,"cleaned_BIRDS_intersection_IUCN.gpkg",NA
"dendrocopos major",1,NA,NA,NA,"cleaned_BIRDS_intersection_IUCN.gpkg",NA
"falco subbuteo",1,NA,NA,NA,"cleaned_BIRDS_intersection_IUCN.gpkg",NA
"mareca penelope",1,NA,NA,NA,"cleaned_BIRDS_intersection_IUCN.gpkg",NA
"certhia brachydactyla",1,NA,NA,NA,"cleaned_BIRDS_intersection_IUCN.gpkg",NA
"limosa limosa",1,NA,NA,NA,"cleaned_BIRDS_intersection_IUCN.gpkg",NA
"lophophanes cristatus",1,NA,NA,NA,"cleaned_BIRDS_intersection_IUCN.gpkg",NA
"aegithalos caudatus",1,NA,NA,NA,"cleaned_BIRDS_intersection_IUCN.gpkg",NA
"lymnocryptes minimus",1,NA,NA,NA,"cleaned_BIRDS_intersection_IUCN.gpkg",NA
"numenius arquata",1,NA,NA,NA,"cleaned_BIRDS_intersection_IUCN.gpkg",NA
"vanellus vanellus",1,NA,NA,NA,"cleaned_BIRDS_intersection_IUCN.gpkg",NA
"pernis apivorus",1,NA,NA,NA,"cleaned_BIRDS_intersection_IUCN.gpkg",NA
"picus sharpei",1,NA,NA,NA,"cleaned_BIRDS_intersection_IUCN.gpkg",NA
"pluvialis apricaria",1,NA,NA,NA,"cleaned_BIRDS_intersection_IUCN.gpkg",NA
"strix aluco",1,NA,NA,NA,"cleaned_BIRDS_intersection_IUCN.gpkg",NA
"spatula querquedula",1,NA,NA,NA,"cleaned_BIRDS_intersection_IUCN.gpkg",NA
"tachymarptis melba",1,NA,NA,NA,"cleaned_BIRDS_intersection_IUCN.gpkg",NA
"tringa nebularia",1,NA,NA,NA,"cleaned_BIRDS_intersection_IUCN.gpkg",NA
"tringa totanus",1,NA,NA,NA,"cleaned_BIRDS_intersection_IUCN.gpkg",NA
"regulus ignicapilla",1,NA,NA,NA,"cleaned_BIRDS_intersection_IUCN.gpkg",NA
"turdus merula",1,NA,NA,NA,"cleaned_BIRDS_intersection_IUCN.gpkg",NA
"hippolais polyglotta",1,NA,NA,NA,"cleaned_BIRDS_intersection_IUCN.gpkg",NA
"fringilla montifringilla",1,NA,NA,NA,"cleaned_BIRDS_intersection_IUCN.gpkg",NA
"pica pica",1,NA,NA,NA,"cleaned_BIRDS_intersection_IUCN.gpkg",NA
"sylvia atricapilla",1,NA,NA,NA,"cleaned_BIRDS_intersection_IUCN.gpkg",NA
"corvus corax",1,NA,NA,NA,"cleaned_BIRDS_intersection_IUCN.gpkg",NA
"emberiza citrinella",1,NA,NA,NA,"cleaned_BIRDS_intersection_IUCN.gpkg",NA
"accipiter gentilis",1,NA,NA,NA,"cleaned_BIRDS_intersection_IUCN.gpkg",NA
"parus major",1,NA,NA,NA,"cleaned_BIRDS_intersection_IUCN.gpkg",NA
"phylloscopus trochilus",1,NA,NA,NA,"cleaned_BIRDS_intersection_IUCN.gpkg",NA
"prunella collaris",1,NA,NA,NA,"cleaned_BIRDS_intersection_IUCN.gpkg",NA
"sturnus unicolor",1,NA,NA,NA,"cleaned_BIRDS_intersection_IUCN.gpkg",NA
"sylvia borin",1,NA,NA,NA,"cleaned_BIRDS_intersection_IUCN.gpkg",NA
"turdus pilaris",1,NA,NA,NA,"cleaned_BIRDS_intersection_IUCN.gpkg",NA
"turdus viscivorus",1,NA,NA,NA,"cleaned_BIRDS_intersection_IUCN.gpkg",NA
"accipiter nisus",1,NA,NA,NA,"cleaned_BIRDS_intersection_IUCN.gpkg",NA
"actitis hypoleucos",1,NA,NA,NA,"cleaned_BIRDS_intersection_IUCN.gpkg",NA
"apus apus",1,NA,NA,NA,"cleaned_BIRDS_intersection_IUCN.gpkg",NA
"aythya fuligula",1,NA,NA,NA,"cleaned_BIRDS_intersection_IUCN.gpkg",NA
"calidris minuta",1,NA,NA,NA,"cleaned_BIRDS_intersection_IUCN.gpkg",NA
"cisticola juncidis",1,NA,NA,NA,"cleaned_BIRDS_intersection_IUCN.gpkg",NA
"coccothraustes coccothraustes",1,NA,NA,NA,"cleaned_BIRDS_intersection_IUCN.gpkg",NA
"emberiza cia",1,NA,NA,NA,"cleaned_BIRDS_intersection_IUCN.gpkg",NA
"loxia curvirostra",1,NA,NA,NA,"cleaned_BIRDS_intersection_IUCN.gpkg",NA
"passer montanus",1,NA,NA,NA,"cleaned_BIRDS_intersection_IUCN.gpkg",NA
"spinus spinus",1,NA,NA,NA,"cleaned_BIRDS_intersection_IUCN.gpkg",NA
"periparus ater",1,NA,NA,NA,"cleaned_BIRDS_intersection_IUCN.gpkg",NA
"delichon urbicum",1,NA,NA,NA,"cleaned_BIRDS_intersection_IUCN.gpkg",NA
"garrulus glandarius",1,NA,NA,NA,"cleaned_BIRDS_intersection_IUCN.gpkg",NA
"lanius meridionalis",1,NA,NA,NA,"cleaned_BIRDS_intersection_IUCN.gpkg",NA
"cyanistes caeruleus",1,NA,NA,NA,"cleaned_BIRDS_intersection_IUCN.gpkg",NA
"corvus corone",1,NA,NA,NA,"cleaned_BIRDS_intersection_IUCN.gpkg",NA
"calandrella brachydactyla",1,NA,NA,NA,"cleaned_BIRDS_intersection_IUCN.gpkg",NA
"anthus spinoletta",1,NA,NA,NA,"cleaned_BIRDS_intersection_IUCN.gpkg",NA
"alauda arvensis",1,NA,NA,NA,"cleaned_BIRDS_intersection_IUCN.gpkg",NA
"ficedula parva",1,NA,NA,NA,"cleaned_BIRDS_intersection_IUCN.gpkg",NA
"carduelis carduelis",1,NA,NA,NA,"cleaned_BIRDS_intersection_IUCN.gpkg",NA
"curruca melanocephala",1,NA,NA,NA,"cleaned_BIRDS_intersection_IUCN.gpkg",NA
"troglodytes troglodytes",1,NA,NA,NA,"cleaned_BIRDS_intersection_IUCN.gpkg",NA
"anthus petrosus",1,NA,NA,NA,"cleaned_BIRDS_intersection_IUCN.gpkg",NA
"emberiza cirlus",1,NA,NA,NA,"cleaned_BIRDS_intersection_IUCN.gpkg",NA
"pyrrhula pyrrhula",1,NA,NA,NA,"cleaned_BIRDS_intersection_IUCN.gpkg",NA
"chloris chloris",1,NA,NA,NA,"cleaned_BIRDS_intersection_IUCN.gpkg",NA
"columba palumbus",1,NA,NA,NA,"cleaned_BIRDS_intersection_IUCN.gpkg",NA
"coturnix coturnix",1,NA,NA,NA,"cleaned_BIRDS_intersection_IUCN.gpkg",NA
"linaria cannabina",1,NA,NA,NA,"cleaned_BIRDS_intersection_IUCN.gpkg",NA
"prunella modularis",1,NA,NA,NA,"cleaned_BIRDS_intersection_IUCN.gpkg",NA
"turdus philomelos",1,NA,NA,NA,"cleaned_BIRDS_intersection_IUCN.gpkg",NA
"acrocephalus paludicola",1,NA,NA,NA,"cleaned_BIRDS_intersection_IUCN.gpkg",NA
"curruca undata",1,NA,NA,NA,"cleaned_BIRDS_intersection_IUCN.gpkg",NA
"numenius phaeopus",1,NA,NA,NA,"cleaned_BIRDS_intersection_IUCN.gpkg",NA
"turdus iliacus",1,NA,NA,NA,"cleaned_BIRDS_intersection_IUCN.gpkg",NA
"branta bernicla",1,NA,NA,NA,"cleaned_BIRDS_intersection_IUCN.gpkg",NA
"charadrius alexandrinus",1,NA,NA,NA,"cleaned_BIRDS_intersection_IUCN.gpkg",NA
"charadrius dubius",1,NA,NA,NA,"cleaned_BIRDS_intersection_IUCN.gpkg",NA
"fulica atra",1,NA,NA,NA,"cleaned_BIRDS_intersection_IUCN.gpkg",NA
"galerida cristata",1,NA,NA,NA,"cleaned_BIRDS_intersection_IUCN.gpkg",NA
"rallus aquaticus",1,NA,NA,NA,"cleaned_BIRDS_intersection_IUCN.gpkg",NA
"pyrrhocorax pyrrhocorax",1,NA,NA,NA,"cleaned_BIRDS_intersection_IUCN.gpkg",NA
"oriolus oriolus",1,NA,NA,NA,"cleaned_BIRDS_intersection_IUCN.gpkg",NA
"mareca strepera",1,NA,NA,NA,"cleaned_BIRDS_intersection_IUCN.gpkg",NA
"caprimulgus europaeus",1,NA,NA,NA,"cleaned_BIRDS_intersection_IUCN.gpkg",NA
"lanius collurio",1,NA,NA,NA,"cleaned_BIRDS_intersection_IUCN.gpkg",NA
"burhinus oedicnemus",1,NA,NA,NA,"cleaned_BIRDS_intersection_IUCN.gpkg",NA
"corvus monedula",1,NA,NA,NA,"cleaned_BIRDS_intersection_IUCN.gpkg",NA
"asio otus",1,NA,NA,NA,"cleaned_BIRDS_intersection_IUCN.gpkg",NA
"recurvirostra avosetta",1,NA,NA,NA,"cleaned_BIRDS_intersection_IUCN.gpkg",NA
"luscinia megarhynchos",1,NA,NA,NA,"cleaned_BIRDS_intersection_IUCN.gpkg",NA
"cinclus cinclus",1,NA,NA,NA,"cleaned_BIRDS_intersection_IUCN.gpkg",NA
"calidris maritima",1,NA,NA,NA,"cleaned_BIRDS_intersection_IUCN.gpkg",NA
"clamator glandarius",1,NA,NA,NA,"cleaned_BIRDS_intersection_IUCN.gpkg",NA
"jynx torquilla",1,NA,NA,NA,"cleaned_BIRDS_intersection_IUCN.gpkg",NA
"acrocephalus arundinaceus",1,NA,NA,NA,"cleaned_BIRDS_intersection_IUCN.gpkg",NA
"petronia petronia",1,NA,NA,NA,"cleaned_BIRDS_intersection_IUCN.gpkg",NA
"melanitta fusca",1,NA,NA,NA,"cleaned_BIRDS_intersection_IUCN.gpkg",NA
"oenanthe oenanthe",1,NA,NA,NA,"cleaned_BIRDS_intersection_IUCN.gpkg",NA
"anas acuta",1,NA,NA,NA,"cleaned_BIRDS_intersection_IUCN.gpkg",NA
"tringa ochropus",1,NA,NA,NA,"cleaned_BIRDS_intersection_IUCN.gpkg",NA
"lanius senator",1,NA,NA,NA,"cleaned_BIRDS_intersection_IUCN.gpkg",NA
"tichodroma muraria",1,NA,NA,NA,"cleaned_BIRDS_intersection_IUCN.gpkg",NA
"asio flammeus",1,NA,NA,NA,"cleaned_BIRDS_intersection_IUCN.gpkg",NA
"poecile palustris",1,NA,NA,NA,"cleaned_BIRDS_intersection_IUCN.gpkg",NA
"ptyonoprogne rupestris",1,NA,NA,NA,"cleaned_BIRDS_intersection_IUCN.gpkg",NA
"sitta europaea",1,NA,NA,NA,"cleaned_BIRDS_intersection_IUCN.gpkg",NA
"Scartella cristata",1,NA,NA,NA,"cleaned_BLENNIES_intersection2.gpkg",NA
"Parablennius pilicornis",1,NA,NA,NA,"cleaned_BLENNIES_intersection2.gpkg",NA
"Blennius ocellaris",1,NA,NA,NA,"cleaned_BLENNIES_intersection2.gpkg",NA
"Lipophrys trigloides",1,NA,NA,NA,"cleaned_BLENNIES_intersection2.gpkg",NA
"Parablennius gattorugine",1,NA,NA,NA,"cleaned_BLENNIES_intersection2.gpkg",NA
"Tripterygion delaisi",1,NA,NA,NA,"cleaned_BLENNIES_intersection2.gpkg",NA
"Parablennius ruber",1,NA,NA,NA,"cleaned_BLENNIES_intersection2.gpkg",NA
"Coryphoblennius galerita",1,NA,NA,NA,"cleaned_BLENNIES_intersection2.gpkg",NA
"Salaria pavo",1,NA,NA,NA,"cleaned_BLENNIES_intersection2.gpkg",NA
"Lipophrys pholis",1,NA,NA,NA,"cleaned_BLENNIES_intersection2.gpkg",NA
"Parablennius tentacularis",1,NA,NA,NA,"cleaned_BLENNIES_intersection2.gpkg",NA
"Parablennius sanguinolentus",1,NA,NA,NA,"cleaned_BLENNIES_intersection2.gpkg",NA
"Parablennius incognitus",1,NA,NA,NA,"cleaned_BLENNIES_intersection2.gpkg",NA
"Dicentrarchus labrax",3,57,"2021, 2023, 2024",3.21428571428634,"cleaned_BUTTERFLYFISH_ANGELFISH_ALLIES_intersection.gpkg",NA
"Capros aper",1,NA,NA,NA,"cleaned_BUTTERFLYFISH_ANGELFISH_ALLIES_intersection.gpkg",NA
"Callanthias ruber",1,NA,NA,NA,"cleaned_BUTTERFLYFISH_ANGELFISH_ALLIES_intersection.gpkg",NA
"Cepola macrophthalma",1,NA,NA,NA,"cleaned_BUTTERFLYFISH_ANGELFISH_ALLIES_intersection.gpkg",NA
"Umbrina canariensis",1,NA,NA,NA,"cleaned_BUTTERFLYFISH_ANGELFISH_ALLIES_intersection.gpkg",NA
"Pagrus pagrus",1,NA,NA,NA,"cleaned_BUTTERFLYFISH_ANGELFISH_ALLIES_intersection.gpkg",NA
"Diplodus cervinus",1,NA,NA,NA,"cleaned_BUTTERFLYFISH_ANGELFISH_ALLIES_intersection.gpkg",NA
"Diplodus sargus",1,NA,NA,NA,"cleaned_BUTTERFLYFISH_ANGELFISH_ALLIES_intersection.gpkg",NA
"Lithognathus mormyrus",1,NA,NA,NA,"cleaned_BUTTERFLYFISH_ANGELFISH_ALLIES_intersection.gpkg",NA
"Dentex maroccanus",1,NA,NA,NA,"cleaned_BUTTERFLYFISH_ANGELFISH_ALLIES_intersection.gpkg",NA
"Sarpa salpa",1,NA,NA,NA,"cleaned_BUTTERFLYFISH_ANGELFISH_ALLIES_intersection.gpkg",NA
"Oblada melanura",1,NA,NA,NA,"cleaned_BUTTERFLYFISH_ANGELFISH_ALLIES_intersection.gpkg",NA
"Pagrus auriga",1,NA,NA,NA,"cleaned_BUTTERFLYFISH_ANGELFISH_ALLIES_intersection.gpkg",NA
"Pagellus erythrinus",1,NA,NA,NA,"cleaned_BUTTERFLYFISH_ANGELFISH_ALLIES_intersection.gpkg",NA
"Pagellus acarne",1,NA,NA,NA,"cleaned_BUTTERFLYFISH_ANGELFISH_ALLIES_intersection.gpkg",NA
"Dentex macrophthalmus",1,NA,NA,NA,"cleaned_BUTTERFLYFISH_ANGELFISH_ALLIES_intersection.gpkg",NA
"Pagellus bogaraveo",1,NA,NA,NA,"cleaned_BUTTERFLYFISH_ANGELFISH_ALLIES_intersection.gpkg",NA
"Dentex dentex",1,NA,NA,NA,"cleaned_BUTTERFLYFISH_ANGELFISH_ALLIES_intersection.gpkg",NA
"Boops boops",1,NA,NA,NA,"cleaned_BUTTERFLYFISH_ANGELFISH_ALLIES_intersection.gpkg",NA
"Sparus aurata",1,NA,NA,NA,"cleaned_BUTTERFLYFISH_ANGELFISH_ALLIES_intersection.gpkg",NA
"Spondyliosoma cantharus",1,NA,NA,NA,"cleaned_BUTTERFLYFISH_ANGELFISH_ALLIES_intersection.gpkg",NA
"Diplodus annularis",1,NA,NA,NA,"cleaned_BUTTERFLYFISH_ANGELFISH_ALLIES_intersection.gpkg",NA
"Diplodus vulgaris",1,NA,NA,NA,"cleaned_BUTTERFLYFISH_ANGELFISH_ALLIES_intersection.gpkg",NA
"Diplodus puntazzo",1,NA,NA,NA,"cleaned_BUTTERFLYFISH_ANGELFISH_ALLIES_intersection.gpkg",NA
"Spicara maena",1,NA,NA,NA,"cleaned_BUTTERFLYFISH_ANGELFISH_ALLIES_intersection.gpkg",NA
"Dicentrarchus punctatus",1,NA,NA,NA,"cleaned_BUTTERFLYFISH_ANGELFISH_ALLIES_intersection.gpkg",NA
"Argyrosomus regius",1,NA,NA,NA,"cleaned_BUTTERFLYFISH_ANGELFISH_ALLIES_intersection.gpkg",NA
"Sciaena umbra",1,NA,NA,NA,"cleaned_BUTTERFLYFISH_ANGELFISH_ALLIES_intersection.gpkg",NA
"Umbrina cirrosa",1,NA,NA,NA,"cleaned_BUTTERFLYFISH_ANGELFISH_ALLIES_intersection.gpkg",NA
"Antigonia capros",1,NA,NA,NA,"cleaned_BUTTERFLYFISH_ANGELFISH_ALLIES_intersection.gpkg",NA
"Centracanthus cirrus",1,NA,NA,NA,"cleaned_BUTTERFLYFISH_ANGELFISH_ALLIES_intersection.gpkg",NA
"Morone saxatilis",1,NA,NA,NA,"cleaned_BUTTERFLYFISH_ANGELFISH_ALLIES_intersection.gpkg",NA
"Pleuronectes platessa",3,53,"2021, 2023, 2024",2.50000000000049,"cleaned_CARANGIFORM_FISHES_intersection.gpkg",NA
"Xiphias gladius",1,NA,NA,NA,"cleaned_CARANGIFORM_FISHES_intersection.gpkg",NA
"Coryphaena hippurus",1,NA,NA,NA,"cleaned_CARANGIFORM_FISHES_intersection.gpkg",NA
"Tetrapturus pfluegeri",1,NA,NA,NA,"cleaned_CARANGIFORM_FISHES_intersection.gpkg",NA
"Makaira nigricans",1,NA,NA,NA,"cleaned_CARANGIFORM_FISHES_intersection.gpkg",NA
"Kajikia albida",1,NA,NA,NA,"cleaned_CARANGIFORM_FISHES_intersection.gpkg",NA
"Istiophorus platypterus",1,NA,NA,NA,"cleaned_CARANGIFORM_FISHES_intersection.gpkg",NA
"Bathysolea profundicola",1,NA,NA,NA,"cleaned_CARANGIFORM_FISHES_intersection.gpkg",NA
"Remora remora",1,NA,NA,NA,"cleaned_CARANGIFORM_FISHES_intersection.gpkg",NA
"Phtheirichthys lineatus",1,NA,NA,NA,"cleaned_CARANGIFORM_FISHES_intersection.gpkg",NA
"Trachurus trachurus",1,NA,NA,NA,"cleaned_CARANGIFORM_FISHES_intersection.gpkg",NA
"Trachurus mediterraneus",1,NA,NA,NA,"cleaned_CARANGIFORM_FISHES_intersection.gpkg",NA
"Scophthalmus maximus",1,NA,NA,NA,"cleaned_CARANGIFORM_FISHES_intersection.gpkg",NA
"Lichia amia",1,NA,NA,NA,"cleaned_CARANGIFORM_FISHES_intersection.gpkg",NA
"Seriola dumerili",1,NA,NA,NA,"cleaned_CARANGIFORM_FISHES_intersection.gpkg",NA
"Trachurus picturatus",1,NA,NA,NA,"cleaned_CARANGIFORM_FISHES_intersection.gpkg",NA
"Symphurus nigrescens",1,NA,NA,NA,"cleaned_CARANGIFORM_FISHES_intersection.gpkg",NA
"Lepidorhombus boscii",1,NA,NA,NA,"cleaned_CARANGIFORM_FISHES_intersection.gpkg",NA
"Lepidorhombus whiffiagonis",1,NA,NA,NA,"cleaned_CARANGIFORM_FISHES_intersection.gpkg",NA
"Arnoglossus imperialis",1,NA,NA,NA,"cleaned_CARANGIFORM_FISHES_intersection.gpkg",NA
"Buglossidium luteum",1,NA,NA,NA,"cleaned_CARANGIFORM_FISHES_intersection.gpkg",NA
"Dicologlossa cuneata",1,NA,NA,NA,"cleaned_CARANGIFORM_FISHES_intersection.gpkg",NA
"Pseudocaranx dentex",1,NA,NA,NA,"cleaned_CARANGIFORM_FISHES_intersection.gpkg",NA
"Seriola fasciata",1,NA,NA,NA,"cleaned_CARANGIFORM_FISHES_intersection.gpkg",NA
"Naucrates ductor",1,NA,NA,NA,"cleaned_CARANGIFORM_FISHES_intersection.gpkg",NA
"Pegusa lascaris",1,NA,NA,NA,"cleaned_CARANGIFORM_FISHES_intersection.gpkg",NA
"Sphyraena sphyraena",1,NA,NA,NA,"cleaned_CARANGIFORM_FISHES_intersection.gpkg",NA
"Campogramma glaycos",1,NA,NA,NA,"cleaned_CARANGIFORM_FISHES_intersection.gpkg",NA
"Trachinotus ovatus",1,NA,NA,NA,"cleaned_CARANGIFORM_FISHES_intersection.gpkg",NA
"Sphyraena viridensis",1,NA,NA,NA,"cleaned_CARANGIFORM_FISHES_intersection.gpkg",NA
"Arnoglossus laterna",1,NA,NA,NA,"cleaned_CARANGIFORM_FISHES_intersection.gpkg",NA
"Bothus podas",1,NA,NA,NA,"cleaned_CARANGIFORM_FISHES_intersection.gpkg",NA
"Scophthalmus rhombus",1,NA,NA,NA,"cleaned_CARANGIFORM_FISHES_intersection.gpkg",NA
"Zeugopterus regius",1,NA,NA,NA,"cleaned_CARANGIFORM_FISHES_intersection.gpkg",NA
"Microchirus variegatus",1,NA,NA,NA,"cleaned_CARANGIFORM_FISHES_intersection.gpkg",NA
"Seriola carpenteri",1,NA,NA,NA,"cleaned_CARANGIFORM_FISHES_intersection.gpkg",NA
"Zeugopterus punctatus",1,NA,NA,NA,"cleaned_CARANGIFORM_FISHES_intersection.gpkg",NA
"Platichthys flesus",1,NA,NA,NA,"cleaned_CARANGIFORM_FISHES_intersection.gpkg",NA
"Pleuronectes platessa",3,53,"2021, 2023, 2024",2.50000000000049,"cleaned_CARANGIFORM_FISHES_intersection2.gpkg",NA
"Xiphias gladius",1,NA,NA,NA,"cleaned_CARANGIFORM_FISHES_intersection2.gpkg",NA
"Coryphaena hippurus",1,NA,NA,NA,"cleaned_CARANGIFORM_FISHES_intersection2.gpkg",NA
"Tetrapturus pfluegeri",1,NA,NA,NA,"cleaned_CARANGIFORM_FISHES_intersection2.gpkg",NA
"Makaira nigricans",1,NA,NA,NA,"cleaned_CARANGIFORM_FISHES_intersection2.gpkg",NA
"Kajikia albida",1,NA,NA,NA,"cleaned_CARANGIFORM_FISHES_intersection2.gpkg",NA
"Istiophorus platypterus",1,NA,NA,NA,"cleaned_CARANGIFORM_FISHES_intersection2.gpkg",NA
"Bathysolea profundicola",1,NA,NA,NA,"cleaned_CARANGIFORM_FISHES_intersection2.gpkg",NA
"Remora remora",1,NA,NA,NA,"cleaned_CARANGIFORM_FISHES_intersection2.gpkg",NA
"Phtheirichthys lineatus",1,NA,NA,NA,"cleaned_CARANGIFORM_FISHES_intersection2.gpkg",NA
"Trachurus trachurus",1,NA,NA,NA,"cleaned_CARANGIFORM_FISHES_intersection2.gpkg",NA
"Trachurus mediterraneus",1,NA,NA,NA,"cleaned_CARANGIFORM_FISHES_intersection2.gpkg",NA
"Scophthalmus maximus",1,NA,NA,NA,"cleaned_CARANGIFORM_FISHES_intersection2.gpkg",NA
"Lichia amia",1,NA,NA,NA,"cleaned_CARANGIFORM_FISHES_intersection2.gpkg",NA
"Seriola dumerili",1,NA,NA,NA,"cleaned_CARANGIFORM_FISHES_intersection2.gpkg",NA
"Trachurus picturatus",1,NA,NA,NA,"cleaned_CARANGIFORM_FISHES_intersection2.gpkg",NA
"Symphurus nigrescens",1,NA,NA,NA,"cleaned_CARANGIFORM_FISHES_intersection2.gpkg",NA
"Lepidorhombus boscii",1,NA,NA,NA,"cleaned_CARANGIFORM_FISHES_intersection2.gpkg",NA
"Lepidorhombus whiffiagonis",1,NA,NA,NA,"cleaned_CARANGIFORM_FISHES_intersection2.gpkg",NA
"Arnoglossus imperialis",1,NA,NA,NA,"cleaned_CARANGIFORM_FISHES_intersection2.gpkg",NA
"Buglossidium luteum",1,NA,NA,NA,"cleaned_CARANGIFORM_FISHES_intersection2.gpkg",NA
"Dicologlossa cuneata",1,NA,NA,NA,"cleaned_CARANGIFORM_FISHES_intersection2.gpkg",NA
"Pseudocaranx dentex",1,NA,NA,NA,"cleaned_CARANGIFORM_FISHES_intersection2.gpkg",NA
"Seriola fasciata",1,NA,NA,NA,"cleaned_CARANGIFORM_FISHES_intersection2.gpkg",NA
"Naucrates ductor",1,NA,NA,NA,"cleaned_CARANGIFORM_FISHES_intersection2.gpkg",NA
"Pegusa lascaris",1,NA,NA,NA,"cleaned_CARANGIFORM_FISHES_intersection2.gpkg",NA
"Sphyraena sphyraena",1,NA,NA,NA,"cleaned_CARANGIFORM_FISHES_intersection2.gpkg",NA
"Campogramma glaycos",1,NA,NA,NA,"cleaned_CARANGIFORM_FISHES_intersection2.gpkg",NA
"Trachinotus ovatus",1,NA,NA,NA,"cleaned_CARANGIFORM_FISHES_intersection2.gpkg",NA
"Sphyraena viridensis",1,NA,NA,NA,"cleaned_CARANGIFORM_FISHES_intersection2.gpkg",NA
"Arnoglossus laterna",1,NA,NA,NA,"cleaned_CARANGIFORM_FISHES_intersection2.gpkg",NA
"Bothus podas",1,NA,NA,NA,"cleaned_CARANGIFORM_FISHES_intersection2.gpkg",NA
"Scophthalmus rhombus",1,NA,NA,NA,"cleaned_CARANGIFORM_FISHES_intersection2.gpkg",NA
"Zeugopterus regius",1,NA,NA,NA,"cleaned_CARANGIFORM_FISHES_intersection2.gpkg",NA
"Microchirus variegatus",1,NA,NA,NA,"cleaned_CARANGIFORM_FISHES_intersection2.gpkg",NA
"Seriola carpenteri",1,NA,NA,NA,"cleaned_CARANGIFORM_FISHES_intersection2.gpkg",NA
"Zeugopterus punctatus",1,NA,NA,NA,"cleaned_CARANGIFORM_FISHES_intersection2.gpkg",NA
"Platichthys flesus",1,NA,NA,NA,"cleaned_CARANGIFORM_FISHES_intersection2.gpkg",NA
"Alosa alosa",2,63,"2023, 2024",-13.0000000000016,"cleaned_CLUPEIFORMES_intersection2.gpkg",NA
"Alosa fallax",2,48,"2021, 2024",-7.33333333333253,"cleaned_CLUPEIFORMES_intersection2.gpkg",NA
"Engraulis encrasicolus",1,NA,NA,NA,"cleaned_CLUPEIFORMES_intersection2.gpkg",NA
"Sardina pilchardus",1,NA,NA,NA,"cleaned_CLUPEIFORMES_intersection2.gpkg",NA
"Sprattus sprattus",1,NA,NA,NA,"cleaned_CLUPEIFORMES_intersection2.gpkg",NA
"Derichthys serpentinus",1,NA,NA,NA,"cleaned_EELS_intersection2.gpkg",NA
"Synaphobranchus kaupii",1,NA,NA,NA,"cleaned_EELS_intersection2.gpkg",NA
"Nemichthys scolopaceus",1,NA,NA,NA,"cleaned_EELS_intersection2.gpkg",NA
"Serrivomer beanii",1,NA,NA,NA,"cleaned_EELS_intersection2.gpkg",NA
"Avocettina infans",1,NA,NA,NA,"cleaned_EELS_intersection2.gpkg",NA
"Ilyophis brunneus",1,NA,NA,NA,"cleaned_EELS_intersection2.gpkg",NA
"Nessorhamphus ingolfianus",1,NA,NA,NA,"cleaned_EELS_intersection2.gpkg",NA
"Cyema atrum",1,NA,NA,NA,"cleaned_EELS_intersection2.gpkg",NA
"Eurypharynx pelecanoides",1,NA,NA,NA,"cleaned_EELS_intersection2.gpkg",NA
"Saccopharynx ampullaceus",1,NA,NA,NA,"cleaned_EELS_intersection2.gpkg",NA
"Simenchelys parasitica",1,NA,NA,NA,"cleaned_EELS_intersection2.gpkg",NA
"Ophisurus serpens",1,NA,NA,NA,"cleaned_EELS_intersection2.gpkg",NA
"Nettastoma melanurum",1,NA,NA,NA,"cleaned_EELS_intersection2.gpkg",NA
"Conger conger",1,NA,NA,NA,"cleaned_EELS_intersection2.gpkg",NA
"Gymnothorax unicolor",1,NA,NA,NA,"cleaned_EELS_intersection2.gpkg",NA
"Muraena helena",1,NA,NA,NA,"cleaned_EELS_intersection2.gpkg",NA
"Facciolella oxyrhyncha",1,NA,NA,NA,"cleaned_EELS_intersection2.gpkg",NA
"Dalophis imberbis",1,NA,NA,NA,"cleaned_EELS_intersection2.gpkg",NA
"Echelus myrus",1,NA,NA,NA,"cleaned_EELS_intersection2.gpkg",NA
"Pisodonophis semicinctus",1,NA,NA,NA,"cleaned_EELS_intersection2.gpkg",NA
"Venefica proboscidea",1,NA,NA,NA,"cleaned_EELS_intersection2.gpkg",NA
"Anguilla anguilla",1,NA,NA,NA,"cleaned_EELS_intersection2.gpkg",NA
"Alosa fallax",2,48,"2021, 2024",-7.33333333333253,"cleaned_FW_FISH_PART1_intersection.gpkg",NA
"Atherina boyeri",3,41,"2021, 2023, 2024",0.357142857142926,"cleaned_FW_FISH_PART1_intersection.gpkg",NA
"Chelon labrosus",3,61,"2021, 2023, 2024",3.9285714285722,"cleaned_FW_FISH_PART1_intersection.gpkg",NA
"Dicentrarchus labrax",3,57,"2021, 2023, 2024",3.21428571428634,"cleaned_FW_FISH_PART1_intersection.gpkg",NA
"Petromyzon marinus",3,73,"2021, 2023, 2024",6.07142857142976,"cleaned_FW_FISH_PART1_intersection.gpkg",NA
"Planiliza subviridis",2,19,"2020, 2021",8.99999999999468,"cleaned_FW_FISH_PART1_intersection.gpkg",NA
"Pleuronectes platessa",3,53,"2021, 2023, 2024",2.50000000000049,"cleaned_FW_FISH_PART1_intersection.gpkg",NA
"Mugil cephalus",1,NA,NA,NA,"cleaned_FW_FISH_PART1_intersection.gpkg",NA
"Syngnathus typhle",1,NA,NA,NA,"cleaned_FW_FISH_PART1_intersection.gpkg",NA
"Dicentrarchus punctatus",1,NA,NA,NA,"cleaned_FW_FISH_PART1_intersection.gpkg",NA
"Pomatoschistus minutus",1,NA,NA,NA,"cleaned_FW_FISH_PART1_intersection.gpkg",NA
"Sprattus sprattus",1,NA,NA,NA,"cleaned_FW_FISH_PART1_intersection.gpkg",NA
"Acipenser sturio",1,NA,NA,NA,"cleaned_FW_FISH_PART1_intersection.gpkg",NA
"Pomatoschistus microps",1,NA,NA,NA,"cleaned_FW_FISH_PART1_intersection.gpkg",NA
"Platichthys flesus",1,NA,NA,NA,"cleaned_FW_FISH_PART1_intersection.gpkg",NA
"Alosa alosa",2,63,"2023, 2024",-13.0000000000016,"cleaned_FW_FISH_PART2_intersection.gpkg",NA
"Chelon auratus",3,61,"2021, 2023, 2024",3.9285714285722,"cleaned_FW_FISH_PART2_intersection.gpkg",NA
"Chelon ramada",2,61,"2023, 2024",-13.0000000000016,"cleaned_FW_FISH_PART2_intersection.gpkg",NA
"Chelon saliens",3,61,"2021, 2023, 2024",3.9285714285722,"cleaned_FW_FISH_PART2_intersection.gpkg",NA
"Gasterosteus aculeatus",3,67,"2021, 2023, 2024",5.00000000000098,"cleaned_FW_FISH_PART2_intersection.gpkg",NA
"Salmo salar",2,176,"2022, 2023",-153.999999999982,"cleaned_FW_FISH_PART2_intersection.gpkg",NA
"Syngnathus abaster",3,41,"2021, 2023, 2024",0.357142857142926,"cleaned_FW_FISH_PART2_intersection.gpkg",NA
"Gobius paganellus",1,NA,NA,NA,"cleaned_FW_FISH_PART2_intersection.gpkg",NA
"Salmo trutta",1,NA,NA,NA,"cleaned_FW_FISH_PART2_intersection.gpkg",NA
"Anguilla anguilla",1,NA,NA,NA,"cleaned_FW_FISH_PART2_intersection.gpkg",NA
"Kuhlia mugil",1,NA,NA,NA,"cleaned_FW_FISH_PART2_intersection.gpkg",NA
"Morone saxatilis",1,NA,NA,NA,"cleaned_FW_FISH_PART2_intersection.gpkg",NA
"Hydrobia acuta",1,NA,NA,NA,"cleaned_FW_MOLLUSCS_intersection2.gpkg",NA
"Myosotella myosotis",1,NA,NA,NA,"cleaned_FW_MOLLUSCS_intersection2.gpkg",NA
"Haematopus ostralegus",2,23,"2015, 2019",0.74999999999997,"cleaned_FW_OTHER_PART1_intersection.gpkg",NA
"Arenaria interpres",1,NA,NA,NA,"cleaned_FW_OTHER_PART1_intersection.gpkg",NA
"Calidris alba",1,NA,NA,NA,"cleaned_FW_OTHER_PART1_intersection.gpkg",NA
"Calidris ferruginea",1,NA,NA,NA,"cleaned_FW_OTHER_PART1_intersection.gpkg",NA
"Larus ridibundus",1,NA,NA,NA,"cleaned_FW_OTHER_PART1_intersection.gpkg",NA
"Xema sabini",1,NA,NA,NA,"cleaned_FW_OTHER_PART1_intersection.gpkg",NA
"Larus argentatus",1,NA,NA,NA,"cleaned_FW_OTHER_PART1_intersection.gpkg",NA
"Hydrocoloeus minutus",1,NA,NA,NA,"cleaned_FW_OTHER_PART1_intersection.gpkg",NA
"Larus melanocephalus",1,NA,NA,NA,"cleaned_FW_OTHER_PART1_intersection.gpkg",NA
"Melanitta nigra",1,NA,NA,NA,"cleaned_FW_OTHER_PART1_intersection.gpkg",NA
"Milvus migrans",1,NA,NA,NA,"cleaned_FW_OTHER_PART1_intersection.gpkg",NA
"Limosa limosa",1,NA,NA,NA,"cleaned_FW_OTHER_PART1_intersection.gpkg",NA
"Pluvialis apricaria",1,NA,NA,NA,"cleaned_FW_OTHER_PART1_intersection.gpkg",NA
"Aythya fuligula",1,NA,NA,NA,"cleaned_FW_OTHER_PART1_intersection.gpkg",NA
"Lutra lutra",1,NA,NA,NA,"cleaned_FW_OTHER_PART1_intersection.gpkg",NA
"Spatula clypeata",1,NA,NA,NA,"cleaned_FW_OTHER_PART1_intersection.gpkg",NA
"Calidris maritima",1,NA,NA,NA,"cleaned_FW_OTHER_PART1_intersection.gpkg",NA
"Calidris alpina",2,178,"2016, 2024",18.9999999999992,"cleaned_FW_OTHER_PART2_intersection.gpkg",NA
"Stercorarius pomarinus",1,NA,NA,NA,"cleaned_FW_OTHER_PART2_intersection.gpkg",NA
"Larus fuscus",1,NA,NA,NA,"cleaned_FW_OTHER_PART2_intersection.gpkg",NA
"Larus canus",1,NA,NA,NA,"cleaned_FW_OTHER_PART2_intersection.gpkg",NA
"Himantopus himantopus",1,NA,NA,NA,"cleaned_FW_OTHER_PART2_intersection.gpkg",NA
"Ardea cinerea",1,NA,NA,NA,"cleaned_FW_OTHER_PART2_intersection.gpkg",NA
"Anthus spinoletta",1,NA,NA,NA,"cleaned_FW_OTHER_PART2_intersection.gpkg",NA
"Tringa nebularia",1,NA,NA,NA,"cleaned_FW_OTHER_PART2_intersection.gpkg",NA
"Pandion haliaetus",1,NA,NA,NA,"cleaned_FW_OTHER_PART2_intersection.gpkg",NA
"Corvus corone",1,NA,NA,NA,"cleaned_FW_OTHER_PART2_intersection.gpkg",NA
"Aythya ferina",1,NA,NA,NA,"cleaned_FW_OTHER_PART2_intersection.gpkg",NA
"Numenius phaeopus",1,NA,NA,NA,"cleaned_FW_OTHER_PART2_intersection.gpkg",NA
"Cisticola juncidis",1,NA,NA,NA,"cleaned_FW_OTHER_PART2_intersection.gpkg",NA
"Anthus pratensis",1,NA,NA,NA,"cleaned_FW_OTHER_PART2_intersection.gpkg",NA
"Tachybaptus ruficollis",1,NA,NA,NA,"cleaned_FW_OTHER_PART2_intersection.gpkg",NA
"Recurvirostra avosetta",1,NA,NA,NA,"cleaned_FW_OTHER_PART2_intersection.gpkg",NA
"Oenanthe oenanthe",1,NA,NA,NA,"cleaned_FW_OTHER_PART2_intersection.gpkg",NA
"Anas acuta",1,NA,NA,NA,"cleaned_FW_OTHER_PART2_intersection.gpkg",NA
"Petromyzon marinus",3,73,"2021, 2023, 2024",6.07142857142976,"cleaned_FW_OTHER_PART3_intersection.gpkg",NA
"Pluvialis squatarola",1,NA,NA,NA,"cleaned_FW_OTHER_PART3_intersection.gpkg",NA
"Calidris canutus",1,NA,NA,NA,"cleaned_FW_OTHER_PART3_intersection.gpkg",NA
"Calidris falcinellus",1,NA,NA,NA,"cleaned_FW_OTHER_PART3_intersection.gpkg",NA
"Aythya marila",1,NA,NA,NA,"cleaned_FW_OTHER_PART3_intersection.gpkg",NA
"Podiceps cristatus",1,NA,NA,NA,"cleaned_FW_OTHER_PART3_intersection.gpkg",NA
"Gavia arctica",1,NA,NA,NA,"cleaned_FW_OTHER_PART3_intersection.gpkg",NA
"Alcedo atthis",1,NA,NA,NA,"cleaned_FW_OTHER_PART3_intersection.gpkg",NA
"Falco peregrinus",1,NA,NA,NA,"cleaned_FW_OTHER_PART3_intersection.gpkg",NA
"Limosa lapponica",1,NA,NA,NA,"cleaned_FW_OTHER_PART3_intersection.gpkg",NA
"Charadrius hiaticula",1,NA,NA,NA,"cleaned_FW_OTHER_PART3_intersection.gpkg",NA
"Tringa totanus",1,NA,NA,NA,"cleaned_FW_OTHER_PART3_intersection.gpkg",NA
"Mareca penelope",1,NA,NA,NA,"cleaned_FW_OTHER_PART3_intersection.gpkg",NA
"Numenius arquata",1,NA,NA,NA,"cleaned_FW_OTHER_PART3_intersection.gpkg",NA
"Alauda arvensis",1,NA,NA,NA,"cleaned_FW_OTHER_PART3_intersection.gpkg",NA
"Anthus petrosus",1,NA,NA,NA,"cleaned_FW_OTHER_PART3_intersection.gpkg",NA
"Fulica atra",1,NA,NA,NA,"cleaned_FW_OTHER_PART3_intersection.gpkg",NA
"Charadrius dubius",1,NA,NA,NA,"cleaned_FW_OTHER_PART3_intersection.gpkg",NA
"Charadrius alexandrinus",1,NA,NA,NA,"cleaned_FW_OTHER_PART3_intersection.gpkg",NA
"Poecile palustris",1,NA,NA,NA,"cleaned_FW_OTHER_PART3_intersection.gpkg",NA
"Gavia stellata",1,NA,NA,NA,"cleaned_FW_OTHER_PART4_intersection.gpkg",NA
"Larus michahellis",1,NA,NA,NA,"cleaned_FW_OTHER_PART4_intersection.gpkg",NA
"Gavia immer",1,NA,NA,NA,"cleaned_FW_OTHER_PART4_intersection.gpkg",NA
"Chlidonias niger",1,NA,NA,NA,"cleaned_FW_OTHER_PART4_intersection.gpkg",NA
"Gulosus aristotelis",1,NA,NA,NA,"cleaned_FW_OTHER_PART4_intersection.gpkg",NA
"Podiceps nigricollis",1,NA,NA,NA,"cleaned_FW_OTHER_PART4_intersection.gpkg",NA
"Gallinula chloropus",1,NA,NA,NA,"cleaned_FW_OTHER_PART4_intersection.gpkg",NA
"Calidris minuta",1,NA,NA,NA,"cleaned_FW_OTHER_PART4_intersection.gpkg",NA
"Actitis hypoleucos",1,NA,NA,NA,"cleaned_FW_OTHER_PART4_intersection.gpkg",NA
"Spatula querquedula",1,NA,NA,NA,"cleaned_FW_OTHER_PART4_intersection.gpkg",NA
"Lymnocryptes minimus",1,NA,NA,NA,"cleaned_FW_OTHER_PART4_intersection.gpkg",NA
"Branta bernicla",1,NA,NA,NA,"cleaned_FW_OTHER_PART4_intersection.gpkg",NA
"Melanitta fusca",1,NA,NA,NA,"cleaned_FW_OTHER_PART4_intersection.gpkg",NA
"Bolboschoenus maritimus",1,NA,NA,NA,"cleaned_FW_PLANTS_PART1_intersection.gpkg",NA
"Zostera noltii",1,NA,NA,NA,"cleaned_FW_PLANTS_PART2_intersection2.gpkg",NA
"Mycteroperca marginata",1,NA,NA,NA,"cleaned_GROUPERS_intersection2.gpkg",NA
"Myxine glutinosa",1,NA,NA,NA,"cleaned_HAGFISH_intersection2.gpkg",NA
"Nephropsis atlantica",1,NA,NA,NA,"cleaned_LOBSTERS_intersection2.gpkg",NA
"Nephrops norvegicus",1,NA,NA,NA,"cleaned_LOBSTERS_intersection2.gpkg",NA
"Stereomastis sculpta",1,NA,NA,NA,"cleaned_LOBSTERS_intersection2.gpkg",NA
"Cardus crucifer",1,NA,NA,NA,"cleaned_LOBSTERS_intersection2.gpkg",NA
"Palinurus mauritanicus",1,NA,NA,NA,"cleaned_LOBSTERS_intersection2.gpkg",NA
"Stereomastis nana",1,NA,NA,NA,"cleaned_LOBSTERS_intersection2.gpkg",NA
"Polycheles typhlops",1,NA,NA,NA,"cleaned_LOBSTERS_intersection2.gpkg",NA
"Scyllarus arctus",1,NA,NA,NA,"cleaned_LOBSTERS_intersection2.gpkg",NA
"Homarus gammarus",1,NA,NA,NA,"cleaned_LOBSTERS_intersection2.gpkg",NA
"Megaptera novaeangliae",1,NA,NA,NA,"cleaned_MAMMALS_intersection.gpkg",NA
"Mesoplodon bidens",1,NA,NA,NA,"cleaned_MAMMALS_intersection.gpkg",NA
"Delphinus delphis",1,NA,NA,NA,"cleaned_MAMMALS_intersection.gpkg",NA
"Mesoplodon europaeus",1,NA,NA,NA,"cleaned_MAMMALS_intersection.gpkg",NA
"Balaenoptera borealis",1,NA,NA,NA,"cleaned_MAMMALS_intersection.gpkg",NA
"Hyperoodon ampullatus",1,NA,NA,NA,"cleaned_MAMMALS_intersection.gpkg",NA
"Grampus griseus",1,NA,NA,NA,"cleaned_MAMMALS_intersection.gpkg",NA
"Globicephala macrorhynchus",1,NA,NA,NA,"cleaned_MAMMALS_intersection.gpkg",NA
"Kogia sima",1,NA,NA,NA,"cleaned_MAMMALS_intersection.gpkg",NA
"Feresa attenuata",1,NA,NA,NA,"cleaned_MAMMALS_intersection.gpkg",NA
"Ziphius cavirostris",1,NA,NA,NA,"cleaned_MAMMALS_intersection.gpkg",NA
"Kogia breviceps",1,NA,NA,NA,"cleaned_MAMMALS_intersection.gpkg",NA
"Tursiops truncatus",1,NA,NA,NA,"cleaned_MAMMALS_intersection.gpkg",NA
"Balaenoptera physalus",1,NA,NA,NA,"cleaned_MAMMALS_intersection.gpkg",NA
"Balaenoptera musculus",1,NA,NA,NA,"cleaned_MAMMALS_intersection.gpkg",NA
"Mesoplodon densirostris",1,NA,NA,NA,"cleaned_MAMMALS_intersection.gpkg",NA
"Mesoplodon mirus",1,NA,NA,NA,"cleaned_MAMMALS_intersection.gpkg",NA
"Eubalaena glacialis",1,NA,NA,NA,"cleaned_MAMMALS_intersection.gpkg",NA
"Physeter macrocephalus",1,NA,NA,NA,"cleaned_MAMMALS_intersection.gpkg",NA
"Globicephala melas",1,NA,NA,NA,"cleaned_MAMMALS_intersection.gpkg",NA
"Stenella coeruleoalba",1,NA,NA,NA,"cleaned_MAMMALS_intersection.gpkg",NA
"Balaenoptera acutorostrata",1,NA,NA,NA,"cleaned_MAMMALS_intersection.gpkg",NA
"Steno bredanensis",1,NA,NA,NA,"cleaned_MAMMALS_intersection.gpkg",NA
"Pseudorca crassidens",1,NA,NA,NA,"cleaned_MAMMALS_intersection.gpkg",NA
"Lagenorhynchus albirostris",1,NA,NA,NA,"cleaned_MAMMALS_intersection.gpkg",NA
"Phocoena phocoena",1,NA,NA,NA,"cleaned_MAMMALS_intersection.gpkg",NA
"Lutra lutra",1,NA,NA,NA,"cleaned_MAMMALS_intersection.gpkg",NA
"Pleuronectes platessa",3,53,"2021, 2023, 2024",2.50000000000049,"cleaned_MARINEFISH_PART1_intersection.gpkg",NA
"Xiphias gladius",1,NA,NA,NA,"cleaned_MARINEFISH_PART1_intersection.gpkg",NA
"Derichthys serpentinus",1,NA,NA,NA,"cleaned_MARINEFISH_PART1_intersection.gpkg",NA
"Tetrapturus pfluegeri",1,NA,NA,NA,"cleaned_MARINEFISH_PART1_intersection.gpkg",NA
"Istiophorus platypterus",1,NA,NA,NA,"cleaned_MARINEFISH_PART1_intersection.gpkg",NA
"Chauliodus danae",1,NA,NA,NA,"cleaned_MARINEFISH_PART1_intersection.gpkg",NA
"Astronesthes leucopogon",1,NA,NA,NA,"cleaned_MARINEFISH_PART1_intersection.gpkg",NA
"Chirostomias pliopterus",1,NA,NA,NA,"cleaned_MARINEFISH_PART1_intersection.gpkg",NA
"Photostomias guernei",1,NA,NA,NA,"cleaned_MARINEFISH_PART1_intersection.gpkg",NA
"Chauliodus sloani",1,NA,NA,NA,"cleaned_MARINEFISH_PART1_intersection.gpkg",NA
"Avocettina infans",1,NA,NA,NA,"cleaned_MARINEFISH_PART1_intersection.gpkg",NA
"Scopelosaurus lepidus",1,NA,NA,NA,"cleaned_MARINEFISH_PART1_intersection.gpkg",NA
"Ranzania laevis",1,NA,NA,NA,"cleaned_MARINEFISH_PART1_intersection.gpkg",NA
"Masturus lanceolatus",1,NA,NA,NA,"cleaned_MARINEFISH_PART1_intersection.gpkg",NA
"Bathysolea profundicola",1,NA,NA,NA,"cleaned_MARINEFISH_PART1_intersection.gpkg",NA
"Benthosema glaciale",1,NA,NA,NA,"cleaned_MARINEFISH_PART1_intersection.gpkg",NA
"Hygophum hygomii",1,NA,NA,NA,"cleaned_MARINEFISH_PART1_intersection.gpkg",NA
"Maurolicus muelleri",1,NA,NA,NA,"cleaned_MARINEFISH_PART1_intersection.gpkg",NA
"Ilyophis brunneus",1,NA,NA,NA,"cleaned_MARINEFISH_PART1_intersection.gpkg",NA
"Diaphus effulgens",1,NA,NA,NA,"cleaned_MARINEFISH_PART1_intersection.gpkg",NA
"Diretmus argenteus",1,NA,NA,NA,"cleaned_MARINEFISH_PART1_intersection.gpkg",NA
"Trachipterus arcticus",1,NA,NA,NA,"cleaned_MARINEFISH_PART1_intersection.gpkg",NA
"Melanocetus johnsonii",1,NA,NA,NA,"cleaned_MARINEFISH_PART1_intersection.gpkg",NA
"Argyropelecus aculeatus",1,NA,NA,NA,"cleaned_MARINEFISH_PART1_intersection.gpkg",NA
"Melanostomias macrophotus",1,NA,NA,NA,"cleaned_MARINEFISH_PART1_intersection.gpkg",NA
"Stomias longibarbatus",1,NA,NA,NA,"cleaned_MARINEFISH_PART1_intersection.gpkg",NA
"Melamphaes simus",1,NA,NA,NA,"cleaned_MARINEFISH_PART1_intersection.gpkg",NA
"Leptostomias haplocaulus",1,NA,NA,NA,"cleaned_MARINEFISH_PART1_intersection.gpkg",NA
"Bathophilus metallicus",1,NA,NA,NA,"cleaned_MARINEFISH_PART1_intersection.gpkg",NA
"Lampadena speculigera",1,NA,NA,NA,"cleaned_MARINEFISH_PART1_intersection.gpkg",NA
"Notoscopelus kroyeri",1,NA,NA,NA,"cleaned_MARINEFISH_PART1_intersection.gpkg",NA
"Melamphaes falsidicus",1,NA,NA,NA,"cleaned_MARINEFISH_PART1_intersection.gpkg",NA
"Lestidiops similis",1,NA,NA,NA,"cleaned_MARINEFISH_PART1_intersection.gpkg",NA
"Lagocephalus lagocephalus",1,NA,NA,NA,"cleaned_MARINEFISH_PART1_intersection.gpkg",NA
"Trachurus trachurus",1,NA,NA,NA,"cleaned_MARINEFISH_PART1_intersection.gpkg",NA
"Auxis thazard",1,NA,NA,NA,"cleaned_MARINEFISH_PART1_intersection.gpkg",NA
"Auxis rochei",1,NA,NA,NA,"cleaned_MARINEFISH_PART1_intersection.gpkg",NA
"Centrophorus squamosus",1,NA,NA,NA,"cleaned_MARINEFISH_PART1_intersection.gpkg",NA
"Centroscyllium fabricii",1,NA,NA,NA,"cleaned_MARINEFISH_PART1_intersection.gpkg",NA
"Scophthalmus maximus",1,NA,NA,NA,"cleaned_MARINEFISH_PART1_intersection.gpkg",NA
"Cataetyx laticeps",1,NA,NA,NA,"cleaned_MARINEFISH_PART1_intersection.gpkg",NA
"Alopias vulpinus",1,NA,NA,NA,"cleaned_MARINEFISH_PART1_intersection.gpkg",NA
"Somniosus rostratus",1,NA,NA,NA,"cleaned_MARINEFISH_PART1_intersection.gpkg",NA
"Chlorophthalmus agassizi",1,NA,NA,NA,"cleaned_MARINEFISH_PART1_intersection.gpkg",NA
"Cataetyx alleni",1,NA,NA,NA,"cleaned_MARINEFISH_PART1_intersection.gpkg",NA
"Photonectes mirabilis",1,NA,NA,NA,"cleaned_MARINEFISH_PART1_intersection.gpkg",NA
"Chaenophryne ramifera",1,NA,NA,NA,"cleaned_MARINEFISH_PART1_intersection.gpkg",NA
"Raja microocellata",1,NA,NA,NA,"cleaned_MARINEFISH_PART1_intersection.gpkg",NA
"Arnoglossus imperialis",1,NA,NA,NA,"cleaned_MARINEFISH_PART1_intersection.gpkg",NA
"Dipturus nidarosiensis",1,NA,NA,NA,"cleaned_MARINEFISH_PART1_intersection.gpkg",NA
"Lithognathus mormyrus",1,NA,NA,NA,"cleaned_MARINEFISH_PART1_intersection.gpkg",NA
"Pagrus auriga",1,NA,NA,NA,"cleaned_MARINEFISH_PART1_intersection.gpkg",NA
"Diplodus annularis",1,NA,NA,NA,"cleaned_MARINEFISH_PART1_intersection.gpkg",NA
"Blennius ocellaris",1,NA,NA,NA,"cleaned_MARINEFISH_PART1_intersection.gpkg",NA
"Coryphoblennius galerita",1,NA,NA,NA,"cleaned_MARINEFISH_PART1_intersection.gpkg",NA
"Labrus bergylta",1,NA,NA,NA,"cleaned_MARINEFISH_PART1_intersection.gpkg",NA
"Sphoeroides pachygaster",1,NA,NA,NA,"cleaned_MARINEFISH_PART1_intersection.gpkg",NA
"Halobatrachus didactylus",1,NA,NA,NA,"cleaned_MARINEFISH_PART1_intersection.gpkg",NA
"Sciaena umbra",1,NA,NA,NA,"cleaned_MARINEFISH_PART1_intersection.gpkg",NA
"Bothus podas",1,NA,NA,NA,"cleaned_MARINEFISH_PART1_intersection.gpkg",NA
"Antigonia capros",1,NA,NA,NA,"cleaned_MARINEFISH_PART1_intersection.gpkg",NA
"Seriola carpenteri",1,NA,NA,NA,"cleaned_MARINEFISH_PART1_intersection.gpkg",NA
"Nerophis lumbriciformis",1,NA,NA,NA,"cleaned_MARINEFISH_PART1_intersection.gpkg",NA
"Galeorhinus galeus",1,NA,NA,NA,"cleaned_MARINEFISH_PART1_intersection.gpkg",NA
"Torpedo torpedo",1,NA,NA,NA,"cleaned_MARINEFISH_PART1_intersection.gpkg",NA
"Polymetme thaeocoryla",1,NA,NA,NA,"cleaned_MARINEFISH_PART1_intersection.gpkg",NA
"Raja miraletus",1,NA,NA,NA,"cleaned_MARINEFISH_PART1_intersection.gpkg",NA
"Scyliorhinus canicula",1,NA,NA,NA,"cleaned_MARINEFISH_PART1_intersection.gpkg",NA
"Rhinochimaera atlantica",1,NA,NA,NA,"cleaned_MARINEFISH_PART1_intersection.gpkg",NA
"Syngnathus abaster",3,41,"2021, 2023, 2024",0.357142857142926,"cleaned_MARINEFISH_PART2_intersection.gpkg",NA
"Carcharodon carcharias",1,NA,NA,NA,"cleaned_MARINEFISH_PART2_intersection.gpkg",NA
"Isurus oxyrinchus",1,NA,NA,NA,"cleaned_MARINEFISH_PART2_intersection.gpkg",NA
"Prionace glauca",1,NA,NA,NA,"cleaned_MARINEFISH_PART2_intersection.gpkg",NA
"Coryphaena hippurus",1,NA,NA,NA,"cleaned_MARINEFISH_PART2_intersection.gpkg",NA
"Diaphus rafinesquii",1,NA,NA,NA,"cleaned_MARINEFISH_PART2_intersection.gpkg",NA
"Makaira nigricans",1,NA,NA,NA,"cleaned_MARINEFISH_PART2_intersection.gpkg",NA
"Euthynnus alletteratus",1,NA,NA,NA,"cleaned_MARINEFISH_PART2_intersection.gpkg",NA
"Pollichthys mauli",1,NA,NA,NA,"cleaned_MARINEFISH_PART2_intersection.gpkg",NA
"Sternoptyx pseudobscura",1,NA,NA,NA,"cleaned_MARINEFISH_PART2_intersection.gpkg",NA
"Bassozetus compressus",1,NA,NA,NA,"cleaned_MARINEFISH_PART2_intersection.gpkg",NA
"Bolinichthys indicus",1,NA,NA,NA,"cleaned_MARINEFISH_PART2_intersection.gpkg",NA
"Lobianchia gemellarii",1,NA,NA,NA,"cleaned_MARINEFISH_PART2_intersection.gpkg",NA
"Caulophryne jordani",1,NA,NA,NA,"cleaned_MARINEFISH_PART2_intersection.gpkg",NA
"Gonostoma denudatum",1,NA,NA,NA,"cleaned_MARINEFISH_PART2_intersection.gpkg",NA
"Evermannella balbo",1,NA,NA,NA,"cleaned_MARINEFISH_PART2_intersection.gpkg",NA
"Ceratoscopelus maderensis",1,NA,NA,NA,"cleaned_MARINEFISH_PART2_intersection.gpkg",NA
"Lampanyctus crocodilus",1,NA,NA,NA,"cleaned_MARINEFISH_PART2_intersection.gpkg",NA
"Bathophilus nigerrimus",1,NA,NA,NA,"cleaned_MARINEFISH_PART2_intersection.gpkg",NA
"Nessorhamphus ingolfianus",1,NA,NA,NA,"cleaned_MARINEFISH_PART2_intersection.gpkg",NA
"Lampanyctus alatus",1,NA,NA,NA,"cleaned_MARINEFISH_PART2_intersection.gpkg",NA
"Ceratias holboelli",1,NA,NA,NA,"cleaned_MARINEFISH_PART2_intersection.gpkg",NA
"Gonostoma elongatum",1,NA,NA,NA,"cleaned_MARINEFISH_PART2_intersection.gpkg",NA
"Argyropelecus gigas",1,NA,NA,NA,"cleaned_MARINEFISH_PART2_intersection.gpkg",NA
"Bathophilus vaillanti",1,NA,NA,NA,"cleaned_MARINEFISH_PART2_intersection.gpkg",NA
"Flagellostomias boureei",1,NA,NA,NA,"cleaned_MARINEFISH_PART2_intersection.gpkg",NA
"Melanostomias valdiviae",1,NA,NA,NA,"cleaned_MARINEFISH_PART2_intersection.gpkg",NA
"Trigonolampa miriceps",1,NA,NA,NA,"cleaned_MARINEFISH_PART2_intersection.gpkg",NA
"Eustomias macrurus",1,NA,NA,NA,"cleaned_MARINEFISH_PART2_intersection.gpkg",NA
"Lampanyctus photonotus",1,NA,NA,NA,"cleaned_MARINEFISH_PART2_intersection.gpkg",NA
"Pentherichthys atratus",1,NA,NA,NA,"cleaned_MARINEFISH_PART2_intersection.gpkg",NA
"Porogadus miles",1,NA,NA,NA,"cleaned_MARINEFISH_PART2_intersection.gpkg",NA
"Spectrunculus crassus",1,NA,NA,NA,"cleaned_MARINEFISH_PART2_intersection.gpkg",NA
"Linophryne coronata",1,NA,NA,NA,"cleaned_MARINEFISH_PART2_intersection.gpkg",NA
"Scopelosaurus argenteus",1,NA,NA,NA,"cleaned_MARINEFISH_PART2_intersection.gpkg",NA
"Simenchelys parasitica",1,NA,NA,NA,"cleaned_MARINEFISH_PART2_intersection.gpkg",NA
"Etmopterus princeps",1,NA,NA,NA,"cleaned_MARINEFISH_PART2_intersection.gpkg",NA
"Sphyrna zygaena",1,NA,NA,NA,"cleaned_MARINEFISH_PART2_intersection.gpkg",NA
"Neoraja iberica",1,NA,NA,NA,"cleaned_MARINEFISH_PART2_intersection.gpkg",NA
"Lichia amia",1,NA,NA,NA,"cleaned_MARINEFISH_PART2_intersection.gpkg",NA
"Cepola macrophthalma",1,NA,NA,NA,"cleaned_MARINEFISH_PART2_intersection.gpkg",NA
"Umbrina canariensis",1,NA,NA,NA,"cleaned_MARINEFISH_PART2_intersection.gpkg",NA
"Syngnathus rostellatus",1,NA,NA,NA,"cleaned_MARINEFISH_PART2_intersection.gpkg",NA
"Leptostomias longibarba",1,NA,NA,NA,"cleaned_MARINEFISH_PART2_intersection.gpkg",NA
"Dolopichthys allector",1,NA,NA,NA,"cleaned_MARINEFISH_PART2_intersection.gpkg",NA
"Hexanchus griseus",1,NA,NA,NA,"cleaned_MARINEFISH_PART2_intersection.gpkg",NA
"Chimaera monstrosa",1,NA,NA,NA,"cleaned_MARINEFISH_PART2_intersection.gpkg",NA
"Oxynotus paradoxus",1,NA,NA,NA,"cleaned_MARINEFISH_PART2_intersection.gpkg",NA
"Galeus melastomus",1,NA,NA,NA,"cleaned_MARINEFISH_PART2_intersection.gpkg",NA
"Diplodus vulgaris",1,NA,NA,NA,"cleaned_MARINEFISH_PART2_intersection.gpkg",NA
"Lipophrys trigloides",1,NA,NA,NA,"cleaned_MARINEFISH_PART2_intersection.gpkg",NA
"Parablennius tentacularis",1,NA,NA,NA,"cleaned_MARINEFISH_PART2_intersection.gpkg",NA
"Acantholabrus palloni",1,NA,NA,NA,"cleaned_MARINEFISH_PART2_intersection.gpkg",NA
"Symphodus melops",1,NA,NA,NA,"cleaned_MARINEFISH_PART2_intersection.gpkg",NA
"Pseudocaranx dentex",1,NA,NA,NA,"cleaned_MARINEFISH_PART2_intersection.gpkg",NA
"Aluterus scriptus",1,NA,NA,NA,"cleaned_MARINEFISH_PART2_intersection.gpkg",NA
"Dalophis imberbis",1,NA,NA,NA,"cleaned_MARINEFISH_PART2_intersection.gpkg",NA
"Pegusa lascaris",1,NA,NA,NA,"cleaned_MARINEFISH_PART2_intersection.gpkg",NA
"Sphyraena sphyraena",1,NA,NA,NA,"cleaned_MARINEFISH_PART2_intersection.gpkg",NA
"Carapus acus",1,NA,NA,NA,"cleaned_MARINEFISH_PART2_intersection.gpkg",NA
"Scophthalmus rhombus",1,NA,NA,NA,"cleaned_MARINEFISH_PART2_intersection.gpkg",NA
"Syngnathus typhle",1,NA,NA,NA,"cleaned_MARINEFISH_PART2_intersection.gpkg",NA
"Aluterus monoceros",1,NA,NA,NA,"cleaned_MARINEFISH_PART2_intersection.gpkg",NA
"Zeugopterus punctatus",1,NA,NA,NA,"cleaned_MARINEFISH_PART2_intersection.gpkg",NA
"Chimaera opalescens",1,NA,NA,NA,"cleaned_MARINEFISH_PART2_intersection.gpkg",NA
"Carcharhinus plumbeus",1,NA,NA,NA,"cleaned_MARINEFISH_PART2_intersection.gpkg",NA
"Anguilla anguilla",1,NA,NA,NA,"cleaned_MARINEFISH_PART2_intersection.gpkg",NA
"Gymnura altavela",1,NA,NA,NA,"cleaned_MARINEFISH_PART2_intersection.gpkg",NA
"Dasyatis pastinaca",1,NA,NA,NA,"cleaned_MARINEFISH_PART2_intersection.gpkg",NA
"Centracanthus cirrus",1,NA,NA,NA,"cleaned_MARINEFISH_PART2_intersection.gpkg",NA
"Squalus margaretsmithae",1,NA,NA,NA,"cleaned_MARINEFISH_PART2_intersection.gpkg",NA
"Alosa fallax",2,48,"2021, 2024",-7.33333333333253,"cleaned_MARINEFISH_PART3_intersection.gpkg",NA
"Thunnus obesus",1,NA,NA,NA,"cleaned_MARINEFISH_PART3_intersection.gpkg",NA
"Carcharhinus longimanus",1,NA,NA,NA,"cleaned_MARINEFISH_PART3_intersection.gpkg",NA
"Diaphus holti",1,NA,NA,NA,"cleaned_MARINEFISH_PART3_intersection.gpkg",NA
"Macroramphosus scolopax",1,NA,NA,NA,"cleaned_MARINEFISH_PART3_intersection.gpkg",NA
"Alopias superciliosus",1,NA,NA,NA,"cleaned_MARINEFISH_PART3_intersection.gpkg",NA
"Kajikia albida",1,NA,NA,NA,"cleaned_MARINEFISH_PART3_intersection.gpkg",NA
"Lestidiops jayakari",1,NA,NA,NA,"cleaned_MARINEFISH_PART3_intersection.gpkg",NA
"Cyclothone microdon",1,NA,NA,NA,"cleaned_MARINEFISH_PART3_intersection.gpkg",NA
"Bonapartia pedaliota",1,NA,NA,NA,"cleaned_MARINEFISH_PART3_intersection.gpkg",NA
"Brotulotaenia crassa",1,NA,NA,NA,"cleaned_MARINEFISH_PART3_intersection.gpkg",NA
"Aristostomias tittmanni",1,NA,NA,NA,"cleaned_MARINEFISH_PART3_intersection.gpkg",NA
"Astronesthes niger",1,NA,NA,NA,"cleaned_MARINEFISH_PART3_intersection.gpkg",NA
"Arctozenus risso",1,NA,NA,NA,"cleaned_MARINEFISH_PART3_intersection.gpkg",NA
"Diaphus metopoclampus",1,NA,NA,NA,"cleaned_MARINEFISH_PART3_intersection.gpkg",NA
"Lampanyctus pusillus",1,NA,NA,NA,"cleaned_MARINEFISH_PART3_intersection.gpkg",NA
"Borostomias antarcticus",1,NA,NA,NA,"cleaned_MARINEFISH_PART3_intersection.gpkg",NA
"Macroparalepis affinis",1,NA,NA,NA,"cleaned_MARINEFISH_PART3_intersection.gpkg",NA
"Notoscopelus resplendens",1,NA,NA,NA,"cleaned_MARINEFISH_PART3_intersection.gpkg",NA
"Oneirodes eschrichtii",1,NA,NA,NA,"cleaned_MARINEFISH_PART3_intersection.gpkg",NA
"Cyclothone acclinidens",1,NA,NA,NA,"cleaned_MARINEFISH_PART3_intersection.gpkg",NA
"Argyropelecus olfersii",1,NA,NA,NA,"cleaned_MARINEFISH_PART3_intersection.gpkg",NA
"Grammatostomias flagellibarba",1,NA,NA,NA,"cleaned_MARINEFISH_PART3_intersection.gpkg",NA
"Neonesthes capensis",1,NA,NA,NA,"cleaned_MARINEFISH_PART3_intersection.gpkg",NA
"Loweina interrupta",1,NA,NA,NA,"cleaned_MARINEFISH_PART3_intersection.gpkg",NA
"Melanostomias spilorhynchus",1,NA,NA,NA,"cleaned_MARINEFISH_PART3_intersection.gpkg",NA
"Oneirodes macrosteus",1,NA,NA,NA,"cleaned_MARINEFISH_PART3_intersection.gpkg",NA
"Himantolophus mauli",1,NA,NA,NA,"cleaned_MARINEFISH_PART3_intersection.gpkg",NA
"Sarda sarda",1,NA,NA,NA,"cleaned_MARINEFISH_PART3_intersection.gpkg",NA
"Bathysaurus ferox",1,NA,NA,NA,"cleaned_MARINEFISH_PART3_intersection.gpkg",NA
"Scomber colias",1,NA,NA,NA,"cleaned_MARINEFISH_PART3_intersection.gpkg",NA
"Spectrunculus grandis",1,NA,NA,NA,"cleaned_MARINEFISH_PART3_intersection.gpkg",NA
"Rajella bigelowi",1,NA,NA,NA,"cleaned_MARINEFISH_PART3_intersection.gpkg",NA
"Centroselachus crepidater",1,NA,NA,NA,"cleaned_MARINEFISH_PART3_intersection.gpkg",NA
"Seriola dumerili",1,NA,NA,NA,"cleaned_MARINEFISH_PART3_intersection.gpkg",NA
"Linophryne pennibarbata",1,NA,NA,NA,"cleaned_MARINEFISH_PART3_intersection.gpkg",NA
"Microlophichthys microlophus",1,NA,NA,NA,"cleaned_MARINEFISH_PART3_intersection.gpkg",NA
"Deania calceus",1,NA,NA,NA,"cleaned_MARINEFISH_PART3_intersection.gpkg",NA
"Hydrolagus pallidus",1,NA,NA,NA,"cleaned_MARINEFISH_PART3_intersection.gpkg",NA
"Dicologlossa cuneata",1,NA,NA,NA,"cleaned_MARINEFISH_PART3_intersection.gpkg",NA
"Leucoraja fullonica",1,NA,NA,NA,"cleaned_MARINEFISH_PART3_intersection.gpkg",NA
"Sarpa salpa",1,NA,NA,NA,"cleaned_MARINEFISH_PART3_intersection.gpkg",NA
"Dentex macrophthalmus",1,NA,NA,NA,"cleaned_MARINEFISH_PART3_intersection.gpkg",NA
"Pagellus bogaraveo",1,NA,NA,NA,"cleaned_MARINEFISH_PART3_intersection.gpkg",NA
"Diplodus puntazzo",1,NA,NA,NA,"cleaned_MARINEFISH_PART3_intersection.gpkg",NA
"Parablennius gattorugine",1,NA,NA,NA,"cleaned_MARINEFISH_PART3_intersection.gpkg",NA
"Symphodus roissali",1,NA,NA,NA,"cleaned_MARINEFISH_PART3_intersection.gpkg",NA
"Centrolabrus exoletus",1,NA,NA,NA,"cleaned_MARINEFISH_PART3_intersection.gpkg",NA
"Seriola fasciata",1,NA,NA,NA,"cleaned_MARINEFISH_PART3_intersection.gpkg",NA
"Sparisoma cretense",1,NA,NA,NA,"cleaned_MARINEFISH_PART3_intersection.gpkg",NA
"Gymnothorax unicolor",1,NA,NA,NA,"cleaned_MARINEFISH_PART3_intersection.gpkg",NA
"Echelus myrus",1,NA,NA,NA,"cleaned_MARINEFISH_PART3_intersection.gpkg",NA
"Engraulis encrasicolus",1,NA,NA,NA,"cleaned_MARINEFISH_PART3_intersection.gpkg",NA
"Sprattus sprattus",1,NA,NA,NA,"cleaned_MARINEFISH_PART3_intersection.gpkg",NA
"Ophidion barbatum",1,NA,NA,NA,"cleaned_MARINEFISH_PART3_intersection.gpkg",NA
"Umbrina cirrosa",1,NA,NA,NA,"cleaned_MARINEFISH_PART3_intersection.gpkg",NA
"Zeugopterus regius",1,NA,NA,NA,"cleaned_MARINEFISH_PART3_intersection.gpkg",NA
"Chaunax suttkusi",1,NA,NA,NA,"cleaned_MARINEFISH_PART3_intersection.gpkg",NA
"Aetomylaeus bovinus",1,NA,NA,NA,"cleaned_MARINEFISH_PART3_intersection.gpkg",NA
"Thalassoma pavo",1,NA,NA,NA,"cleaned_MARINEFISH_PART3_intersection.gpkg",NA
"Dolopichthys longicornis",1,NA,NA,NA,"cleaned_MARINEFISH_PART3_intersection.gpkg",NA
"Alosa alosa",2,63,"2023, 2024",-13.0000000000016,"cleaned_MARINEFISH_PART4_intersection.gpkg",NA
"Thunnus alalunga",1,NA,NA,NA,"cleaned_MARINEFISH_PART4_intersection.gpkg",NA
"Thunnus thynnus",1,NA,NA,NA,"cleaned_MARINEFISH_PART4_intersection.gpkg",NA
"Isurus paucus",1,NA,NA,NA,"cleaned_MARINEFISH_PART4_intersection.gpkg",NA
"Argyropelecus hemigymnus",1,NA,NA,NA,"cleaned_MARINEFISH_PART4_intersection.gpkg",NA
"Eustomias monodactylus",1,NA,NA,NA,"cleaned_MARINEFISH_PART4_intersection.gpkg",NA
"Synaphobranchus kaupii",1,NA,NA,NA,"cleaned_MARINEFISH_PART4_intersection.gpkg",NA
"Katsuwonus pelamis",1,NA,NA,NA,"cleaned_MARINEFISH_PART4_intersection.gpkg",NA
"Hygophum benoiti",1,NA,NA,NA,"cleaned_MARINEFISH_PART4_intersection.gpkg",NA
"Taaningichthys bathyphilus",1,NA,NA,NA,"cleaned_MARINEFISH_PART4_intersection.gpkg",NA
"Bathypterois longipes",1,NA,NA,NA,"cleaned_MARINEFISH_PART4_intersection.gpkg",NA
"Notolychnus valdiviae",1,NA,NA,NA,"cleaned_MARINEFISH_PART4_intersection.gpkg",NA
"Symbolophorus veranyi",1,NA,NA,NA,"cleaned_MARINEFISH_PART4_intersection.gpkg",NA
"Lestidiops sphyrenoides",1,NA,NA,NA,"cleaned_MARINEFISH_PART4_intersection.gpkg",NA
"Trachipterus trachypterus",1,NA,NA,NA,"cleaned_MARINEFISH_PART4_intersection.gpkg",NA
"Diogenichthys atlanticus",1,NA,NA,NA,"cleaned_MARINEFISH_PART4_intersection.gpkg",NA
"Lobianchia dofleini",1,NA,NA,NA,"cleaned_MARINEFISH_PART4_intersection.gpkg",NA
"Remora remora",1,NA,NA,NA,"cleaned_MARINEFISH_PART4_intersection.gpkg",NA
"Cyclothone braueri",1,NA,NA,NA,"cleaned_MARINEFISH_PART4_intersection.gpkg",NA
"Magnisudis atlantica",1,NA,NA,NA,"cleaned_MARINEFISH_PART4_intersection.gpkg",NA
"Lampadena chavesi",1,NA,NA,NA,"cleaned_MARINEFISH_PART4_intersection.gpkg",NA
"Lampanyctus festivus",1,NA,NA,NA,"cleaned_MARINEFISH_PART4_intersection.gpkg",NA
"Anotopterus pharao",1,NA,NA,NA,"cleaned_MARINEFISH_PART4_intersection.gpkg",NA
"Bufoceratias wedli",1,NA,NA,NA,"cleaned_MARINEFISH_PART4_intersection.gpkg",NA
"Lampanyctus macdonaldi",1,NA,NA,NA,"cleaned_MARINEFISH_PART4_intersection.gpkg",NA
"Cyema atrum",1,NA,NA,NA,"cleaned_MARINEFISH_PART4_intersection.gpkg",NA
"Sigmops bathyphilus",1,NA,NA,NA,"cleaned_MARINEFISH_PART4_intersection.gpkg",NA
"Sternoptyx diaphana",1,NA,NA,NA,"cleaned_MARINEFISH_PART4_intersection.gpkg",NA
"Echiostoma barbatum",1,NA,NA,NA,"cleaned_MARINEFISH_PART4_intersection.gpkg",NA
"Idiacanthus fasciola",1,NA,NA,NA,"cleaned_MARINEFISH_PART4_intersection.gpkg",NA
"Pachystomias microdon",1,NA,NA,NA,"cleaned_MARINEFISH_PART4_intersection.gpkg",NA
"Astronesthes neopogon",1,NA,NA,NA,"cleaned_MARINEFISH_PART4_intersection.gpkg",NA
"Borostomias elucens",1,NA,NA,NA,"cleaned_MARINEFISH_PART4_intersection.gpkg",NA
"Bassozetus levistomatus",1,NA,NA,NA,"cleaned_MARINEFISH_PART4_intersection.gpkg",NA
"Chaenophryne draco",1,NA,NA,NA,"cleaned_MARINEFISH_PART4_intersection.gpkg",NA
"Haplophryne mollis",1,NA,NA,NA,"cleaned_MARINEFISH_PART4_intersection.gpkg",NA
"Rondeletia loricata",1,NA,NA,NA,"cleaned_MARINEFISH_PART4_intersection.gpkg",NA
"Bassozetus nielseni",1,NA,NA,NA,"cleaned_MARINEFISH_PART4_intersection.gpkg",NA
"Diceratias pileatus",1,NA,NA,NA,"cleaned_MARINEFISH_PART4_intersection.gpkg",NA
"Cyclothone livida",1,NA,NA,NA,"cleaned_MARINEFISH_PART4_intersection.gpkg",NA
"Ophisurus serpens",1,NA,NA,NA,"cleaned_MARINEFISH_PART4_intersection.gpkg",NA
"Myxine glutinosa",1,NA,NA,NA,"cleaned_MARINEFISH_PART4_intersection.gpkg",NA
"Capros aper",1,NA,NA,NA,"cleaned_MARINEFISH_PART4_intersection.gpkg",NA
"Beryx decadactylus",1,NA,NA,NA,"cleaned_MARINEFISH_PART4_intersection.gpkg",NA
"Scartella cristata",1,NA,NA,NA,"cleaned_MARINEFISH_PART4_intersection.gpkg",NA
"Symphurus nigrescens",1,NA,NA,NA,"cleaned_MARINEFISH_PART4_intersection.gpkg",NA
"Parablennius pilicornis",1,NA,NA,NA,"cleaned_MARINEFISH_PART4_intersection.gpkg",NA
"Beryx splendens",1,NA,NA,NA,"cleaned_MARINEFISH_PART4_intersection.gpkg",NA
"Grammatostomias dentatus",1,NA,NA,NA,"cleaned_MARINEFISH_PART4_intersection.gpkg",NA
"Squatina squatina",1,NA,NA,NA,"cleaned_MARINEFISH_PART4_intersection.gpkg",NA
"Dipturus oxyrinchus",1,NA,NA,NA,"cleaned_MARINEFISH_PART4_intersection.gpkg",NA
"Hydrolagus mirabilis",1,NA,NA,NA,"cleaned_MARINEFISH_PART4_intersection.gpkg",NA
"Hydrolagus affinis",1,NA,NA,NA,"cleaned_MARINEFISH_PART4_intersection.gpkg",NA
"Etmopterus pusillus",1,NA,NA,NA,"cleaned_MARINEFISH_PART4_intersection.gpkg",NA
"Leucoraja naevus",1,NA,NA,NA,"cleaned_MARINEFISH_PART4_intersection.gpkg",NA
"Scymnodon ringens",1,NA,NA,NA,"cleaned_MARINEFISH_PART4_intersection.gpkg",NA
"Diplodus sargus",1,NA,NA,NA,"cleaned_MARINEFISH_PART4_intersection.gpkg",NA
"Oblada melanura",1,NA,NA,NA,"cleaned_MARINEFISH_PART4_intersection.gpkg",NA
"Dentex dentex",1,NA,NA,NA,"cleaned_MARINEFISH_PART4_intersection.gpkg",NA
"Boops boops",1,NA,NA,NA,"cleaned_MARINEFISH_PART4_intersection.gpkg",NA
"Spicara maena",1,NA,NA,NA,"cleaned_MARINEFISH_PART4_intersection.gpkg",NA
"Parablennius ruber",1,NA,NA,NA,"cleaned_MARINEFISH_PART4_intersection.gpkg",NA
"Lipophrys pholis",1,NA,NA,NA,"cleaned_MARINEFISH_PART4_intersection.gpkg",NA
"Parablennius sanguinolentus",1,NA,NA,NA,"cleaned_MARINEFISH_PART4_intersection.gpkg",NA
"Labrus viridis",1,NA,NA,NA,"cleaned_MARINEFISH_PART4_intersection.gpkg",NA
"Xyrichtys novacula",1,NA,NA,NA,"cleaned_MARINEFISH_PART4_intersection.gpkg",NA
"Symphodus cinereus",1,NA,NA,NA,"cleaned_MARINEFISH_PART4_intersection.gpkg",NA
"Muraena helena",1,NA,NA,NA,"cleaned_MARINEFISH_PART4_intersection.gpkg",NA
"Trachinotus ovatus",1,NA,NA,NA,"cleaned_MARINEFISH_PART4_intersection.gpkg",NA
"Venefica proboscidea",1,NA,NA,NA,"cleaned_MARINEFISH_PART4_intersection.gpkg",NA
"Fistularia petimba",1,NA,NA,NA,"cleaned_MARINEFISH_PART4_intersection.gpkg",NA
"Squalus acanthias",1,NA,NA,NA,"cleaned_MARINEFISH_PART4_intersection.gpkg",NA
"Raja montagui",1,NA,NA,NA,"cleaned_MARINEFISH_PART4_intersection.gpkg",NA
"Torpedo marmorata",1,NA,NA,NA,"cleaned_MARINEFISH_PART4_intersection.gpkg",NA
"Scyliorhinus stellaris",1,NA,NA,NA,"cleaned_MARINEFISH_PART4_intersection.gpkg",NA
"Myliobatis aquila",1,NA,NA,NA,"cleaned_MARINEFISH_PART4_intersection.gpkg",NA
"Bathytoshia lata",1,NA,NA,NA,"cleaned_MARINEFISH_PART4_intersection.gpkg",NA
"Deania profundorum",1,NA,NA,NA,"cleaned_MARINEFISH_PART4_intersection.gpkg",NA
"Somniosus microcephalus",1,NA,NA,NA,"cleaned_MARINEFISH_PART4_intersection.gpkg",NA
"Dicentrarchus labrax",3,57,"2021, 2023, 2024",3.21428571428634,"cleaned_MARINEFISH_PART5_intersection.gpkg",NA
"Cetorhinus maximus",1,NA,NA,NA,"cleaned_MARINEFISH_PART5_intersection.gpkg",NA
"Lamna nasus",1,NA,NA,NA,"cleaned_MARINEFISH_PART5_intersection.gpkg",NA
"Malacosteus niger",1,NA,NA,NA,"cleaned_MARINEFISH_PART5_intersection.gpkg",NA
"Lophodolos acanthognathus",1,NA,NA,NA,"cleaned_MARINEFISH_PART5_intersection.gpkg",NA
"Nemichthys scolopaceus",1,NA,NA,NA,"cleaned_MARINEFISH_PART5_intersection.gpkg",NA
"Cyclothone alba",1,NA,NA,NA,"cleaned_MARINEFISH_PART5_intersection.gpkg",NA
"Serrivomer beanii",1,NA,NA,NA,"cleaned_MARINEFISH_PART5_intersection.gpkg",NA
"Zu cristatus",1,NA,NA,NA,"cleaned_MARINEFISH_PART5_intersection.gpkg",NA
"Spiniphryne gladisfenae",1,NA,NA,NA,"cleaned_MARINEFISH_PART5_intersection.gpkg",NA
"Paralepis coregonoides",1,NA,NA,NA,"cleaned_MARINEFISH_PART5_intersection.gpkg",NA
"Electrona risso",1,NA,NA,NA,"cleaned_MARINEFISH_PART5_intersection.gpkg",NA
"Notoscopelus bolini",1,NA,NA,NA,"cleaned_MARINEFISH_PART5_intersection.gpkg",NA
"Vinciguerria attenuata",1,NA,NA,NA,"cleaned_MARINEFISH_PART5_intersection.gpkg",NA
"Lampanyctus intricarius",1,NA,NA,NA,"cleaned_MARINEFISH_PART5_intersection.gpkg",NA
"Nannobrachium atrum",1,NA,NA,NA,"cleaned_MARINEFISH_PART5_intersection.gpkg",NA
"Protomyctophum arcticum",1,NA,NA,NA,"cleaned_MARINEFISH_PART5_intersection.gpkg",NA
"Eurypharynx pelecanoides",1,NA,NA,NA,"cleaned_MARINEFISH_PART5_intersection.gpkg",NA
"Cyclothone pallida",1,NA,NA,NA,"cleaned_MARINEFISH_PART5_intersection.gpkg",NA
"Valenciennellus tripunctulatus",1,NA,NA,NA,"cleaned_MARINEFISH_PART5_intersection.gpkg",NA
"Leptostomias gladiator",1,NA,NA,NA,"cleaned_MARINEFISH_PART5_intersection.gpkg",NA
"Rhadinesthes decimus",1,NA,NA,NA,"cleaned_MARINEFISH_PART5_intersection.gpkg",NA
"Barathrites iris",1,NA,NA,NA,"cleaned_MARINEFISH_PART5_intersection.gpkg",NA
"Lampadena atlantica",1,NA,NA,NA,"cleaned_MARINEFISH_PART5_intersection.gpkg",NA
"Mobula mobular",1,NA,NA,NA,"cleaned_MARINEFISH_PART5_intersection.gpkg",NA
"Lampanyctus gemmifer",1,NA,NA,NA,"cleaned_MARINEFISH_PART5_intersection.gpkg",NA
"Phtheirichthys lineatus",1,NA,NA,NA,"cleaned_MARINEFISH_PART5_intersection.gpkg",NA
"Trachurus mediterraneus",1,NA,NA,NA,"cleaned_MARINEFISH_PART5_intersection.gpkg",NA
"Dalatias licha",1,NA,NA,NA,"cleaned_MARINEFISH_PART5_intersection.gpkg",NA
"Sphyrna lewini",1,NA,NA,NA,"cleaned_MARINEFISH_PART5_intersection.gpkg",NA
"Carcharhinus galapagensis",1,NA,NA,NA,"cleaned_MARINEFISH_PART5_intersection.gpkg",NA
"Centroscymnus coelolepis",1,NA,NA,NA,"cleaned_MARINEFISH_PART5_intersection.gpkg",NA
"Chaunax pictus",1,NA,NA,NA,"cleaned_MARINEFISH_PART5_intersection.gpkg",NA
"Mola mola",1,NA,NA,NA,"cleaned_MARINEFISH_PART5_intersection.gpkg",NA
"Hoplostethus mediterraneus",1,NA,NA,NA,"cleaned_MARINEFISH_PART5_intersection.gpkg",NA
"Callanthias ruber",1,NA,NA,NA,"cleaned_MARINEFISH_PART5_intersection.gpkg",NA
"Lepidorhombus boscii",1,NA,NA,NA,"cleaned_MARINEFISH_PART5_intersection.gpkg",NA
"Benthalbella infans",1,NA,NA,NA,"cleaned_MARINEFISH_PART5_intersection.gpkg",NA
"Melanostomias tentaculatus",1,NA,NA,NA,"cleaned_MARINEFISH_PART5_intersection.gpkg",NA
"Carcharhinus obscurus",1,NA,NA,NA,"cleaned_MARINEFISH_PART5_intersection.gpkg",NA
"Mitsukurina owstoni",1,NA,NA,NA,"cleaned_MARINEFISH_PART5_intersection.gpkg",NA
"Rostroraja alba",1,NA,NA,NA,"cleaned_MARINEFISH_PART5_intersection.gpkg",NA
"Etmopterus spinax",1,NA,NA,NA,"cleaned_MARINEFISH_PART5_intersection.gpkg",NA
"Raja brachyura",1,NA,NA,NA,"cleaned_MARINEFISH_PART5_intersection.gpkg",NA
"Galeus murinus",1,NA,NA,NA,"cleaned_MARINEFISH_PART5_intersection.gpkg",NA
"Spondyliosoma cantharus",1,NA,NA,NA,"cleaned_MARINEFISH_PART5_intersection.gpkg",NA
"Salaria pavo",1,NA,NA,NA,"cleaned_MARINEFISH_PART5_intersection.gpkg",NA
"Symphodus bailloni",1,NA,NA,NA,"cleaned_MARINEFISH_PART5_intersection.gpkg",NA
"Ctenolabrus rupestris",1,NA,NA,NA,"cleaned_MARINEFISH_PART5_intersection.gpkg",NA
"Symphodus tinca",1,NA,NA,NA,"cleaned_MARINEFISH_PART5_intersection.gpkg",NA
"Naucrates ductor",1,NA,NA,NA,"cleaned_MARINEFISH_PART5_intersection.gpkg",NA
"Facciolella oxyrhyncha",1,NA,NA,NA,"cleaned_MARINEFISH_PART5_intersection.gpkg",NA
"Dicentrarchus punctatus",1,NA,NA,NA,"cleaned_MARINEFISH_PART5_intersection.gpkg",NA
"Sphyraena viridensis",1,NA,NA,NA,"cleaned_MARINEFISH_PART5_intersection.gpkg",NA
"Nerophis ophidion",1,NA,NA,NA,"cleaned_MARINEFISH_PART5_intersection.gpkg",NA
"Entelurus aequoreus",1,NA,NA,NA,"cleaned_MARINEFISH_PART5_intersection.gpkg",NA
"Hexanchus nakamurai",1,NA,NA,NA,"cleaned_MARINEFISH_PART5_intersection.gpkg",NA
"Acipenser sturio",1,NA,NA,NA,"cleaned_MARINEFISH_PART5_intersection.gpkg",NA
"Raja clavata",1,NA,NA,NA,"cleaned_MARINEFISH_PART5_intersection.gpkg",NA
"Oxynotus centrina",1,NA,NA,NA,"cleaned_MARINEFISH_PART5_intersection.gpkg",NA
"Taeniurops grabatus",1,NA,NA,NA,"cleaned_MARINEFISH_PART5_intersection.gpkg",NA
"Tetronarce nobiliana",1,NA,NA,NA,"cleaned_MARINEFISH_PART5_intersection.gpkg",NA
"Platichthys flesus",1,NA,NA,NA,"cleaned_MARINEFISH_PART5_intersection.gpkg",NA
"Parablennius incognitus",1,NA,NA,NA,"cleaned_MARINEFISH_PART5_intersection.gpkg",NA
"Ijimaia loppei",1,NA,NA,NA,"cleaned_MARINEFISH_PART5_intersection.gpkg",NA
"Carcharhinus falciformis",1,NA,NA,NA,"cleaned_MARINEFISH_PART6_intersection.gpkg",NA
"Mobula tarapacana",1,NA,NA,NA,"cleaned_MARINEFISH_PART6_intersection.gpkg",NA
"Alepisaurus ferox",1,NA,NA,NA,"cleaned_MARINEFISH_PART6_intersection.gpkg",NA
"Chaenophryne longiceps",1,NA,NA,NA,"cleaned_MARINEFISH_PART6_intersection.gpkg",NA
"Scomber scombrus",1,NA,NA,NA,"cleaned_MARINEFISH_PART6_intersection.gpkg",NA
"Cryptopsaras couesii",1,NA,NA,NA,"cleaned_MARINEFISH_PART6_intersection.gpkg",NA
"Eustomias achirus",1,NA,NA,NA,"cleaned_MARINEFISH_PART6_intersection.gpkg",NA
"Argyropelecus affinis",1,NA,NA,NA,"cleaned_MARINEFISH_PART6_intersection.gpkg",NA
"Diretmichthys parini",1,NA,NA,NA,"cleaned_MARINEFISH_PART6_intersection.gpkg",NA
"Scopelarchus analis",1,NA,NA,NA,"cleaned_MARINEFISH_PART6_intersection.gpkg",NA
"Acanthochaenus luetkenii",1,NA,NA,NA,"cleaned_MARINEFISH_PART6_intersection.gpkg",NA
"Regalecus glesne",1,NA,NA,NA,"cleaned_MARINEFISH_PART6_intersection.gpkg",NA
"Myctophum punctatum",1,NA,NA,NA,"cleaned_MARINEFISH_PART6_intersection.gpkg",NA
"Lampris guttatus",1,NA,NA,NA,"cleaned_MARINEFISH_PART6_intersection.gpkg",NA
"Stomias boa",1,NA,NA,NA,"cleaned_MARINEFISH_PART6_intersection.gpkg",NA
"Gonichthys cocco",1,NA,NA,NA,"cleaned_MARINEFISH_PART6_intersection.gpkg",NA
"Vinciguerria poweriae",1,NA,NA,NA,"cleaned_MARINEFISH_PART6_intersection.gpkg",NA
"Ahliesaurus berryi",1,NA,NA,NA,"cleaned_MARINEFISH_PART6_intersection.gpkg",NA
"Anoplogaster cornuta",1,NA,NA,NA,"cleaned_MARINEFISH_PART6_intersection.gpkg",NA
"Himantolophus groenlandicus",1,NA,NA,NA,"cleaned_MARINEFISH_PART6_intersection.gpkg",NA
"Neoscopelus microchir",1,NA,NA,NA,"cleaned_MARINEFISH_PART6_intersection.gpkg",NA
"Brotulotaenia brevicauda",1,NA,NA,NA,"cleaned_MARINEFISH_PART6_intersection.gpkg",NA
"Saccopharynx ampullaceus",1,NA,NA,NA,"cleaned_MARINEFISH_PART6_intersection.gpkg",NA
"Cyclothone pseudopallida",1,NA,NA,NA,"cleaned_MARINEFISH_PART6_intersection.gpkg",NA
"Vinciguerria nimbaria",1,NA,NA,NA,"cleaned_MARINEFISH_PART6_intersection.gpkg",NA
"Eustomias filifer",1,NA,NA,NA,"cleaned_MARINEFISH_PART6_intersection.gpkg",NA
"Melanostomias bartonbeani",1,NA,NA,NA,"cleaned_MARINEFISH_PART6_intersection.gpkg",NA
"Stomias brevibarbatus",1,NA,NA,NA,"cleaned_MARINEFISH_PART6_intersection.gpkg",NA
"Aristostomias lunifer",1,NA,NA,NA,"cleaned_MARINEFISH_PART6_intersection.gpkg",NA
"Cyclothone pseudoacclinidens",1,NA,NA,NA,"cleaned_MARINEFISH_PART6_intersection.gpkg",NA
"Maurolicus amethystinopunctatus",1,NA,NA,NA,"cleaned_MARINEFISH_PART6_intersection.gpkg",NA
"Parabrotula plagiophthalma",1,NA,NA,NA,"cleaned_MARINEFISH_PART6_intersection.gpkg",NA
"Scopelogadus mizolepis",1,NA,NA,NA,"cleaned_MARINEFISH_PART6_intersection.gpkg",NA
"Melamphaes microps",1,NA,NA,NA,"cleaned_MARINEFISH_PART6_intersection.gpkg",NA
"Danaphryne nigrifilis",1,NA,NA,NA,"cleaned_MARINEFISH_PART6_intersection.gpkg",NA
"Bathypterois dubius",1,NA,NA,NA,"cleaned_MARINEFISH_PART6_intersection.gpkg",NA
"Bathysaurus mollis",1,NA,NA,NA,"cleaned_MARINEFISH_PART6_intersection.gpkg",NA
"Sphyrna mokarran",1,NA,NA,NA,"cleaned_MARINEFISH_PART6_intersection.gpkg",NA
"Pseudotriakis microdon",1,NA,NA,NA,"cleaned_MARINEFISH_PART6_intersection.gpkg",NA
"Trachurus picturatus",1,NA,NA,NA,"cleaned_MARINEFISH_PART6_intersection.gpkg",NA
"Lepidorhombus whiffiagonis",1,NA,NA,NA,"cleaned_MARINEFISH_PART6_intersection.gpkg",NA
"Barbourisia rufa",1,NA,NA,NA,"cleaned_MARINEFISH_PART6_intersection.gpkg",NA
"Photonectes margarita",1,NA,NA,NA,"cleaned_MARINEFISH_PART6_intersection.gpkg",NA
"Mycteroperca marginata",1,NA,NA,NA,"cleaned_MARINEFISH_PART6_intersection.gpkg",NA
"Pagrus pagrus",1,NA,NA,NA,"cleaned_MARINEFISH_PART6_intersection.gpkg",NA
"Chlamydoselachus anguineus",1,NA,NA,NA,"cleaned_MARINEFISH_PART6_intersection.gpkg",NA
"Echinorhinus brucus",1,NA,NA,NA,"cleaned_MARINEFISH_PART6_intersection.gpkg",NA
"Heptranchias perlo",1,NA,NA,NA,"cleaned_MARINEFISH_PART6_intersection.gpkg",NA
"Odontaspis ferox",1,NA,NA,NA,"cleaned_MARINEFISH_PART6_intersection.gpkg",NA
"Zameus squamulosus",1,NA,NA,NA,"cleaned_MARINEFISH_PART6_intersection.gpkg",NA
"Diplodus cervinus",1,NA,NA,NA,"cleaned_MARINEFISH_PART6_intersection.gpkg",NA
"Buglossidium luteum",1,NA,NA,NA,"cleaned_MARINEFISH_PART6_intersection.gpkg",NA
"Leucoraja circularis",1,NA,NA,NA,"cleaned_MARINEFISH_PART6_intersection.gpkg",NA
"Rajella kukujevi",1,NA,NA,NA,"cleaned_MARINEFISH_PART6_intersection.gpkg",NA
"Dentex maroccanus",1,NA,NA,NA,"cleaned_MARINEFISH_PART6_intersection.gpkg",NA
"Pagellus erythrinus",1,NA,NA,NA,"cleaned_MARINEFISH_PART6_intersection.gpkg",NA
"Pagellus acarne",1,NA,NA,NA,"cleaned_MARINEFISH_PART6_intersection.gpkg",NA
"Sparus aurata",1,NA,NA,NA,"cleaned_MARINEFISH_PART6_intersection.gpkg",NA
"Tripterygion delaisi",1,NA,NA,NA,"cleaned_MARINEFISH_PART6_intersection.gpkg",NA
"Labrus mixtus",1,NA,NA,NA,"cleaned_MARINEFISH_PART6_intersection.gpkg",NA
"Symphodus mediterraneus",1,NA,NA,NA,"cleaned_MARINEFISH_PART6_intersection.gpkg",NA
"Labrus merula",1,NA,NA,NA,"cleaned_MARINEFISH_PART6_intersection.gpkg",NA
"Coris julis",1,NA,NA,NA,"cleaned_MARINEFISH_PART6_intersection.gpkg",NA
"Nettastoma melanurum",1,NA,NA,NA,"cleaned_MARINEFISH_PART6_intersection.gpkg",NA
"Canthidermis maculata",1,NA,NA,NA,"cleaned_MARINEFISH_PART6_intersection.gpkg",NA
"Diodon hystrix",1,NA,NA,NA,"cleaned_MARINEFISH_PART6_intersection.gpkg",NA
"Balistes capriscus",1,NA,NA,NA,"cleaned_MARINEFISH_PART6_intersection.gpkg",NA
"Conger conger",1,NA,NA,NA,"cleaned_MARINEFISH_PART6_intersection.gpkg",NA
"Sardina pilchardus",1,NA,NA,NA,"cleaned_MARINEFISH_PART6_intersection.gpkg",NA
"Lophius piscatorius",1,NA,NA,NA,"cleaned_MARINEFISH_PART6_intersection.gpkg",NA
"Campogramma glaycos",1,NA,NA,NA,"cleaned_MARINEFISH_PART6_intersection.gpkg",NA
"Argyrosomus regius",1,NA,NA,NA,"cleaned_MARINEFISH_PART6_intersection.gpkg",NA
"Arnoglossus laterna",1,NA,NA,NA,"cleaned_MARINEFISH_PART6_intersection.gpkg",NA
"Microchirus variegatus",1,NA,NA,NA,"cleaned_MARINEFISH_PART6_intersection.gpkg",NA
"Syngnathus acus",1,NA,NA,NA,"cleaned_MARINEFISH_PART6_intersection.gpkg",NA
"Pisodonophis semicinctus",1,NA,NA,NA,"cleaned_MARINEFISH_PART6_intersection.gpkg",NA
"Centrophorus granulosus",1,NA,NA,NA,"cleaned_MARINEFISH_PART6_intersection.gpkg",NA
"Mustelus asterias",1,NA,NA,NA,"cleaned_MARINEFISH_PART6_intersection.gpkg",NA
"Rhinobatos rhinobatos",1,NA,NA,NA,"cleaned_MARINEFISH_PART6_intersection.gpkg",NA
"Galeus atlanticus",1,NA,NA,NA,"cleaned_MARINEFISH_PART6_intersection.gpkg",NA
"Raja undulata",1,NA,NA,NA,"cleaned_MARINEFISH_PART6_intersection.gpkg",NA
"Morone saxatilis",1,NA,NA,NA,"cleaned_MARINEFISH_PART6_intersection.gpkg",NA
"Diodon eydouxii",1,NA,NA,NA,"cleaned_MARINEFISH_PART6_intersection.gpkg",NA
"Sciadonus pedicellaris",1,NA,NA,NA,"cleaned_MARINEFISH_PART6_intersection.gpkg",NA
"Ranzania laevis",1,NA,NA,NA,"cleaned_PUFFERFISHES_AND_RELATIVES_intersection2.gpkg",NA
"Masturus lanceolatus",1,NA,NA,NA,"cleaned_PUFFERFISHES_AND_RELATIVES_intersection2.gpkg",NA
"Lagocephalus lagocephalus",1,NA,NA,NA,"cleaned_PUFFERFISHES_AND_RELATIVES_intersection2.gpkg",NA
"Mola mola",1,NA,NA,NA,"cleaned_PUFFERFISHES_AND_RELATIVES_intersection2.gpkg",NA
"Aluterus scriptus",1,NA,NA,NA,"cleaned_PUFFERFISHES_AND_RELATIVES_intersection2.gpkg",NA
"Sphoeroides pachygaster",1,NA,NA,NA,"cleaned_PUFFERFISHES_AND_RELATIVES_intersection2.gpkg",NA
"Canthidermis maculata",1,NA,NA,NA,"cleaned_PUFFERFISHES_AND_RELATIVES_intersection2.gpkg",NA
"Diodon hystrix",1,NA,NA,NA,"cleaned_PUFFERFISHES_AND_RELATIVES_intersection2.gpkg",NA
"Balistes capriscus",1,NA,NA,NA,"cleaned_PUFFERFISHES_AND_RELATIVES_intersection2.gpkg",NA
"Aluterus monoceros",1,NA,NA,NA,"cleaned_PUFFERFISHES_AND_RELATIVES_intersection2.gpkg",NA
"Diodon eydouxii",1,NA,NA,NA,"cleaned_PUFFERFISHES_AND_RELATIVES_intersection2.gpkg",NA
"Lepidochelys kempii",1,NA,NA,NA,"cleaned_REPTILES_PART1_intersection2.gpkg",NA
"Eretmochelys imbricata",1,NA,NA,NA,"cleaned_REPTILES_PART1_intersection2.gpkg",NA
"Chelonia mydas",1,NA,NA,NA,"cleaned_REPTILES_PART1_intersection2.gpkg",NA
"Caretta caretta",1,NA,NA,NA,"cleaned_REPTILES_PART1_intersection2.gpkg",NA
"Dermochelys coriacea",1,NA,NA,NA,"cleaned_REPTILES_PART1_intersection2.gpkg",NA
"Zostera marina",1,NA,NA,NA,"cleaned_SEAGRASSES_intersection2.gpkg",NA
"Zostera noltii",1,NA,NA,NA,"cleaned_SEAGRASSES_intersection2.gpkg",NA
"Carcharodon carcharias",1,NA,NA,NA,"cleaned_SHARKS_RAYS_CHIMAERAS_intersection.gpkg",NA
"Cetorhinus maximus",1,NA,NA,NA,"cleaned_SHARKS_RAYS_CHIMAERAS_intersection.gpkg",NA
"Lamna nasus",1,NA,NA,NA,"cleaned_SHARKS_RAYS_CHIMAERAS_intersection.gpkg",NA
"Isurus oxyrinchus",1,NA,NA,NA,"cleaned_SHARKS_RAYS_CHIMAERAS_intersection.gpkg",NA
"Carcharhinus falciformis",1,NA,NA,NA,"cleaned_SHARKS_RAYS_CHIMAERAS_intersection.gpkg",NA
"Carcharhinus longimanus",1,NA,NA,NA,"cleaned_SHARKS_RAYS_CHIMAERAS_intersection.gpkg",NA
"Prionace glauca",1,NA,NA,NA,"cleaned_SHARKS_RAYS_CHIMAERAS_intersection.gpkg",NA
"Mobula tarapacana",1,NA,NA,NA,"cleaned_SHARKS_RAYS_CHIMAERAS_intersection.gpkg",NA
"Isurus paucus",1,NA,NA,NA,"cleaned_SHARKS_RAYS_CHIMAERAS_intersection.gpkg",NA
"Alopias superciliosus",1,NA,NA,NA,"cleaned_SHARKS_RAYS_CHIMAERAS_intersection.gpkg",NA
"Mobula mobular",1,NA,NA,NA,"cleaned_SHARKS_RAYS_CHIMAERAS_intersection.gpkg",NA
"Centrophorus squamosus",1,NA,NA,NA,"cleaned_SHARKS_RAYS_CHIMAERAS_intersection.gpkg",NA
"Etmopterus princeps",1,NA,NA,NA,"cleaned_SHARKS_RAYS_CHIMAERAS_intersection.gpkg",NA
"Centroscyllium fabricii",1,NA,NA,NA,"cleaned_SHARKS_RAYS_CHIMAERAS_intersection.gpkg",NA
"Dalatias licha",1,NA,NA,NA,"cleaned_SHARKS_RAYS_CHIMAERAS_intersection.gpkg",NA
"Sphyrna lewini",1,NA,NA,NA,"cleaned_SHARKS_RAYS_CHIMAERAS_intersection.gpkg",NA
"Sphyrna mokarran",1,NA,NA,NA,"cleaned_SHARKS_RAYS_CHIMAERAS_intersection.gpkg",NA
"Rajella bigelowi",1,NA,NA,NA,"cleaned_SHARKS_RAYS_CHIMAERAS_intersection.gpkg",NA
"Alopias vulpinus",1,NA,NA,NA,"cleaned_SHARKS_RAYS_CHIMAERAS_intersection.gpkg",NA
"Sphyrna zygaena",1,NA,NA,NA,"cleaned_SHARKS_RAYS_CHIMAERAS_intersection.gpkg",NA
"Carcharhinus galapagensis",1,NA,NA,NA,"cleaned_SHARKS_RAYS_CHIMAERAS_intersection.gpkg",NA
"Centroscymnus coelolepis",1,NA,NA,NA,"cleaned_SHARKS_RAYS_CHIMAERAS_intersection.gpkg",NA
"Pseudotriakis microdon",1,NA,NA,NA,"cleaned_SHARKS_RAYS_CHIMAERAS_intersection.gpkg",NA
"Centroselachus crepidater",1,NA,NA,NA,"cleaned_SHARKS_RAYS_CHIMAERAS_intersection.gpkg",NA
"Neoraja iberica",1,NA,NA,NA,"cleaned_SHARKS_RAYS_CHIMAERAS_intersection.gpkg",NA
"Somniosus rostratus",1,NA,NA,NA,"cleaned_SHARKS_RAYS_CHIMAERAS_intersection.gpkg",NA
"Carcharhinus obscurus",1,NA,NA,NA,"cleaned_SHARKS_RAYS_CHIMAERAS_intersection.gpkg",NA
"Hexanchus griseus",1,NA,NA,NA,"cleaned_SHARKS_RAYS_CHIMAERAS_intersection.gpkg",NA
"Squatina squatina",1,NA,NA,NA,"cleaned_SHARKS_RAYS_CHIMAERAS_intersection.gpkg",NA
"Raja microocellata",1,NA,NA,NA,"cleaned_SHARKS_RAYS_CHIMAERAS_intersection.gpkg",NA
"Chlamydoselachus anguineus",1,NA,NA,NA,"cleaned_SHARKS_RAYS_CHIMAERAS_intersection.gpkg",NA
"Deania calceus",1,NA,NA,NA,"cleaned_SHARKS_RAYS_CHIMAERAS_intersection.gpkg",NA
"Echinorhinus brucus",1,NA,NA,NA,"cleaned_SHARKS_RAYS_CHIMAERAS_intersection.gpkg",NA
"Heptranchias perlo",1,NA,NA,NA,"cleaned_SHARKS_RAYS_CHIMAERAS_intersection.gpkg",NA
"Odontaspis ferox",1,NA,NA,NA,"cleaned_SHARKS_RAYS_CHIMAERAS_intersection.gpkg",NA
"Mitsukurina owstoni",1,NA,NA,NA,"cleaned_SHARKS_RAYS_CHIMAERAS_intersection.gpkg",NA
"Zameus squamulosus",1,NA,NA,NA,"cleaned_SHARKS_RAYS_CHIMAERAS_intersection.gpkg",NA
"Rostroraja alba",1,NA,NA,NA,"cleaned_SHARKS_RAYS_CHIMAERAS_intersection.gpkg",NA
"Dipturus oxyrinchus",1,NA,NA,NA,"cleaned_SHARKS_RAYS_CHIMAERAS_intersection.gpkg",NA
"Hydrolagus pallidus",1,NA,NA,NA,"cleaned_SHARKS_RAYS_CHIMAERAS_intersection.gpkg",NA
"Hydrolagus mirabilis",1,NA,NA,NA,"cleaned_SHARKS_RAYS_CHIMAERAS_intersection.gpkg",NA
"Chimaera monstrosa",1,NA,NA,NA,"cleaned_SHARKS_RAYS_CHIMAERAS_intersection.gpkg",NA
"Hydrolagus affinis",1,NA,NA,NA,"cleaned_SHARKS_RAYS_CHIMAERAS_intersection.gpkg",NA
"Oxynotus paradoxus",1,NA,NA,NA,"cleaned_SHARKS_RAYS_CHIMAERAS_intersection.gpkg",NA
"Etmopterus spinax",1,NA,NA,NA,"cleaned_SHARKS_RAYS_CHIMAERAS_intersection.gpkg",NA
"Galeus melastomus",1,NA,NA,NA,"cleaned_SHARKS_RAYS_CHIMAERAS_intersection.gpkg",NA
"Etmopterus pusillus",1,NA,NA,NA,"cleaned_SHARKS_RAYS_CHIMAERAS_intersection.gpkg",NA
"Leucoraja fullonica",1,NA,NA,NA,"cleaned_SHARKS_RAYS_CHIMAERAS_intersection.gpkg",NA
"Leucoraja circularis",1,NA,NA,NA,"cleaned_SHARKS_RAYS_CHIMAERAS_intersection.gpkg",NA
"Rajella kukujevi",1,NA,NA,NA,"cleaned_SHARKS_RAYS_CHIMAERAS_intersection.gpkg",NA
"Leucoraja naevus",1,NA,NA,NA,"cleaned_SHARKS_RAYS_CHIMAERAS_intersection.gpkg",NA
"Raja brachyura",1,NA,NA,NA,"cleaned_SHARKS_RAYS_CHIMAERAS_intersection.gpkg",NA
"Galeus murinus",1,NA,NA,NA,"cleaned_SHARKS_RAYS_CHIMAERAS_intersection.gpkg",NA
"Scymnodon ringens",1,NA,NA,NA,"cleaned_SHARKS_RAYS_CHIMAERAS_intersection.gpkg",NA
"Dipturus nidarosiensis",1,NA,NA,NA,"cleaned_SHARKS_RAYS_CHIMAERAS_intersection.gpkg",NA
"Chimaera opalescens",1,NA,NA,NA,"cleaned_SHARKS_RAYS_CHIMAERAS_intersection.gpkg",NA
"Squalus acanthias",1,NA,NA,NA,"cleaned_SHARKS_RAYS_CHIMAERAS_intersection.gpkg",NA
"Hexanchus nakamurai",1,NA,NA,NA,"cleaned_SHARKS_RAYS_CHIMAERAS_intersection.gpkg",NA
"Centrophorus granulosus",1,NA,NA,NA,"cleaned_SHARKS_RAYS_CHIMAERAS_intersection.gpkg",NA
"Carcharhinus plumbeus",1,NA,NA,NA,"cleaned_SHARKS_RAYS_CHIMAERAS_intersection.gpkg",NA
"Galeorhinus galeus",1,NA,NA,NA,"cleaned_SHARKS_RAYS_CHIMAERAS_intersection.gpkg",NA
"Mustelus asterias",1,NA,NA,NA,"cleaned_SHARKS_RAYS_CHIMAERAS_intersection.gpkg",NA
"Raja clavata",1,NA,NA,NA,"cleaned_SHARKS_RAYS_CHIMAERAS_intersection.gpkg",NA
"Aetomylaeus bovinus",1,NA,NA,NA,"cleaned_SHARKS_RAYS_CHIMAERAS_intersection.gpkg",NA
"Rhinobatos rhinobatos",1,NA,NA,NA,"cleaned_SHARKS_RAYS_CHIMAERAS_intersection.gpkg",NA
"Oxynotus centrina",1,NA,NA,NA,"cleaned_SHARKS_RAYS_CHIMAERAS_intersection.gpkg",NA
"Raja montagui",1,NA,NA,NA,"cleaned_SHARKS_RAYS_CHIMAERAS_intersection.gpkg",NA
"Galeus atlanticus",1,NA,NA,NA,"cleaned_SHARKS_RAYS_CHIMAERAS_intersection.gpkg",NA
"Gymnura altavela",1,NA,NA,NA,"cleaned_SHARKS_RAYS_CHIMAERAS_intersection.gpkg",NA
"Torpedo marmorata",1,NA,NA,NA,"cleaned_SHARKS_RAYS_CHIMAERAS_intersection.gpkg",NA
"Torpedo torpedo",1,NA,NA,NA,"cleaned_SHARKS_RAYS_CHIMAERAS_intersection.gpkg",NA
"Raja undulata",1,NA,NA,NA,"cleaned_SHARKS_RAYS_CHIMAERAS_intersection.gpkg",NA
"Dasyatis pastinaca",1,NA,NA,NA,"cleaned_SHARKS_RAYS_CHIMAERAS_intersection.gpkg",NA
"Scyliorhinus stellaris",1,NA,NA,NA,"cleaned_SHARKS_RAYS_CHIMAERAS_intersection.gpkg",NA
"Taeniurops grabatus",1,NA,NA,NA,"cleaned_SHARKS_RAYS_CHIMAERAS_intersection.gpkg",NA
"Myliobatis aquila",1,NA,NA,NA,"cleaned_SHARKS_RAYS_CHIMAERAS_intersection.gpkg",NA
"Bathytoshia lata",1,NA,NA,NA,"cleaned_SHARKS_RAYS_CHIMAERAS_intersection.gpkg",NA
"Tetronarce nobiliana",1,NA,NA,NA,"cleaned_SHARKS_RAYS_CHIMAERAS_intersection.gpkg",NA
"Squalus margaretsmithae",1,NA,NA,NA,"cleaned_SHARKS_RAYS_CHIMAERAS_intersection.gpkg",NA
"Raja miraletus",1,NA,NA,NA,"cleaned_SHARKS_RAYS_CHIMAERAS_intersection.gpkg",NA
"Scyliorhinus canicula",1,NA,NA,NA,"cleaned_SHARKS_RAYS_CHIMAERAS_intersection.gpkg",NA
"Deania profundorum",1,NA,NA,NA,"cleaned_SHARKS_RAYS_CHIMAERAS_intersection.gpkg",NA
"Rhinochimaera atlantica",1,NA,NA,NA,"cleaned_SHARKS_RAYS_CHIMAERAS_intersection.gpkg",NA
"Somniosus microcephalus",1,NA,NA,NA,"cleaned_SHARKS_RAYS_CHIMAERAS_intersection.gpkg",NA
"Acipenser sturio",1,NA,NA,NA,"cleaned_STURGEONS_PADDLEFISHES_intersection2.gpkg",NA
"Syngnathus abaster",3,41,"2021, 2023, 2024",0.357142857142926,"cleaned_SYNGNATHIFORM_FISHES_intersection2.gpkg",NA
"Macroramphosus scolopax",1,NA,NA,NA,"cleaned_SYNGNATHIFORM_FISHES_intersection2.gpkg",NA
"Syngnathus rostellatus",1,NA,NA,NA,"cleaned_SYNGNATHIFORM_FISHES_intersection2.gpkg",NA
"Nerophis ophidion",1,NA,NA,NA,"cleaned_SYNGNATHIFORM_FISHES_intersection2.gpkg",NA
"Syngnathus acus",1,NA,NA,NA,"cleaned_SYNGNATHIFORM_FISHES_intersection2.gpkg",NA
"Syngnathus typhle",1,NA,NA,NA,"cleaned_SYNGNATHIFORM_FISHES_intersection2.gpkg",NA
"Fistularia petimba",1,NA,NA,NA,"cleaned_SYNGNATHIFORM_FISHES_intersection2.gpkg",NA
"Entelurus aequoreus",1,NA,NA,NA,"cleaned_SYNGNATHIFORM_FISHES_intersection2.gpkg",NA
"Nerophis lumbriciformis",1,NA,NA,NA,"cleaned_SYNGNATHIFORM_FISHES_intersection2.gpkg",NA
"Thunnus alalunga",1,NA,NA,NA,"cleaned_TUNAS_BILLFISHES_SWORDFISH_intersection2.gpkg",NA
"Thunnus obesus",1,NA,NA,NA,"cleaned_TUNAS_BILLFISHES_SWORDFISH_intersection2.gpkg",NA
"Thunnus thynnus",1,NA,NA,NA,"cleaned_TUNAS_BILLFISHES_SWORDFISH_intersection2.gpkg",NA
"Xiphias gladius",1,NA,NA,NA,"cleaned_TUNAS_BILLFISHES_SWORDFISH_intersection2.gpkg",NA
"Tetrapturus pfluegeri",1,NA,NA,NA,"cleaned_TUNAS_BILLFISHES_SWORDFISH_intersection2.gpkg",NA
"Katsuwonus pelamis",1,NA,NA,NA,"cleaned_TUNAS_BILLFISHES_SWORDFISH_intersection2.gpkg",NA
"Makaira nigricans",1,NA,NA,NA,"cleaned_TUNAS_BILLFISHES_SWORDFISH_intersection2.gpkg",NA
"Kajikia albida",1,NA,NA,NA,"cleaned_TUNAS_BILLFISHES_SWORDFISH_intersection2.gpkg",NA
"Istiophorus platypterus",1,NA,NA,NA,"cleaned_TUNAS_BILLFISHES_SWORDFISH_intersection2.gpkg",NA
"Euthynnus alletteratus",1,NA,NA,NA,"cleaned_TUNAS_BILLFISHES_SWORDFISH_intersection2.gpkg",NA
"Scomber scombrus",1,NA,NA,NA,"cleaned_TUNAS_BILLFISHES_SWORDFISH_intersection2.gpkg",NA
"Sarda sarda",1,NA,NA,NA,"cleaned_TUNAS_BILLFISHES_SWORDFISH_intersection2.gpkg",NA
"Auxis thazard",1,NA,NA,NA,"cleaned_TUNAS_BILLFISHES_SWORDFISH_intersection2.gpkg",NA
"Auxis rochei",1,NA,NA,NA,"cleaned_TUNAS_BILLFISHES_SWORDFISH_intersection2.gpkg",NA
"Scomber colias",1,NA,NA,NA,"cleaned_TUNAS_BILLFISHES_SWORDFISH_intersection2.gpkg",NA
"Acantholabrus palloni",1,NA,NA,NA,"cleaned_WRASSES_PARROTFISHES_intersection2.gpkg",NA
"Labrus mixtus",1,NA,NA,NA,"cleaned_WRASSES_PARROTFISHES_intersection2.gpkg",NA
"Labrus bergylta",1,NA,NA,NA,"cleaned_WRASSES_PARROTFISHES_intersection2.gpkg",NA
"Symphodus mediterraneus",1,NA,NA,NA,"cleaned_WRASSES_PARROTFISHES_intersection2.gpkg",NA
"Symphodus bailloni",1,NA,NA,NA,"cleaned_WRASSES_PARROTFISHES_intersection2.gpkg",NA
"Labrus merula",1,NA,NA,NA,"cleaned_WRASSES_PARROTFISHES_intersection2.gpkg",NA
"Symphodus roissali",1,NA,NA,NA,"cleaned_WRASSES_PARROTFISHES_intersection2.gpkg",NA
"Labrus viridis",1,NA,NA,NA,"cleaned_WRASSES_PARROTFISHES_intersection2.gpkg",NA
"Xyrichtys novacula",1,NA,NA,NA,"cleaned_WRASSES_PARROTFISHES_intersection2.gpkg",NA
"Symphodus cinereus",1,NA,NA,NA,"cleaned_WRASSES_PARROTFISHES_intersection2.gpkg",NA
"Symphodus melops",1,NA,NA,NA,"cleaned_WRASSES_PARROTFISHES_intersection2.gpkg",NA
"Ctenolabrus rupestris",1,NA,NA,NA,"cleaned_WRASSES_PARROTFISHES_intersection2.gpkg",NA
"Coris julis",1,NA,NA,NA,"cleaned_WRASSES_PARROTFISHES_intersection2.gpkg",NA
"Centrolabrus exoletus",1,NA,NA,NA,"cleaned_WRASSES_PARROTFISHES_intersection2.gpkg",NA
"Symphodus tinca",1,NA,NA,NA,"cleaned_WRASSES_PARROTFISHES_intersection2.gpkg",NA
"Sparisoma cretense",1,NA,NA,NA,"cleaned_WRASSES_PARROTFISHES_intersection2.gpkg",NA
"Thalassoma pavo",1,NA,NA,NA,"cleaned_WRASSES_PARROTFISHES_intersection2.gpkg",NA
