sci_name,source_file,iucn_category,area_km2
Acanthochaenus luetkenii,cleaned_MARINEFISH_PART6_intersection,LC,344.33
Acantholabrus palloni,cleaned_MARINEFISH_PART2_intersection,LC,1948.77
Acipenser sturio,cleaned_FW_FISH_PART1_intersection,CR,451.62
Actitis hypoleucos,cleaned_FW_OTHER_PART4_intersection,LC,0.37
Aetomylaeus bovinus,cleaned_MARINEFISH_PART3_intersection,CR,1276.12
Ahliesaurus berryi,cleaned_MARINEFISH_PART6_intersection,LC,344.33
Alauda arvensis,cleaned_FW_OTHER_PART3_intersection,LC,0.37
Alcedo atthis,cleaned_FW_OTHER_PART3_intersection,LC,49.05
Alepisaurus ferox,cleaned_MARINEFISH_PART6_intersection,LC,344.33
Alopias superciliosus,cleaned_MARINEFISH_PART3_intersection,VU,344.33
Alopias vulpinus,cleaned_MARINEFISH_PART1_intersection,VU,1551.19
Alosa alosa,cleaned_CLUPEIFORMES_intersection2,CR,0.15
Alosa fallax,cleaned_CLUPEIFORMES_intersection2,LC,1682.3
Aluterus monoceros,cleaned_MARINEFISH_PART2_intersection,LC,55.45
Aluterus scriptus,cleaned_MARINEFISH_PART2_intersection,LC,1948.77
Anas acuta,cleaned_FW_OTHER_PART2_intersection,LC,3.14
Anguilla anguilla,cleaned_EELS_intersection2,CR,1930.22
Anoplogaster cornuta,cleaned_MARINEFISH_PART6_intersection,LC,344.33
Anotopterus pharao,cleaned_MARINEFISH_PART4_intersection,LC,344.33
Anthus petrosus,cleaned_FW_OTHER_PART3_intersection,LC,0.37
Anthus pratensis,cleaned_FW_OTHER_PART2_intersection,LC,0.37
Anthus spinoletta,cleaned_FW_OTHER_PART2_intersection,LC,0.37
Antigonia capros,cleaned_BUTTERFLYFISH_ANGELFISH_ALLIES_intersection,LC,1948.51
Arctozenus risso,cleaned_MARINEFISH_PART3_intersection,LC,344.33
Ardea cinerea,cleaned_FW_OTHER_PART2_intersection,LC,0.37
Arenaria interpres,cleaned_FW_OTHER_PART1_intersection,NT,344.33
Argyropelecus aculeatus,cleaned_MARINEFISH_PART1_intersection,LC,344.33
Argyropelecus affinis,cleaned_MARINEFISH_PART6_intersection,LC,344.33
Argyropelecus gigas,cleaned_MARINEFISH_PART2_intersection,LC,344.33
Argyropelecus hemigymnus,cleaned_MARINEFISH_PART4_intersection,LC,344.33
Argyropelecus olfersii,cleaned_MARINEFISH_PART3_intersection,LC,344.33
Argyrosomus regius,cleaned_BUTTERFLYFISH_ANGELFISH_ALLIES_intersection,LC,1948.69
Aristostomias lunifer,cleaned_MARINEFISH_PART6_intersection,LC,344.33
Aristostomias tittmanni,cleaned_MARINEFISH_PART3_intersection,LC,344.33
Arnoglossus imperialis,cleaned_CARANGIFORM_FISHES_intersection,LC,1948.69
Arnoglossus laterna,cleaned_CARANGIFORM_FISHES_intersection,LC,1948.69
Astronesthes leucopogon,cleaned_MARINEFISH_PART1_intersection,LC,344.33
Astronesthes neopogon,cleaned_MARINEFISH_PART4_intersection,LC,344.33
Astronesthes niger,cleaned_MARINEFISH_PART3_intersection,LC,344.33
Atherina boyeri,cleaned_FW_FISH_PART1_intersection,LC,34.62
Auxis rochei,cleaned_MARINEFISH_PART1_intersection,LC,452.21
Auxis thazard,cleaned_MARINEFISH_PART1_intersection,LC,452.21
Avocettina infans,cleaned_EELS_intersection2,LC,344.33
Aythya ferina,cleaned_FW_OTHER_PART2_intersection,VU,0.37
Aythya fuligula,cleaned_FW_OTHER_PART1_intersection,LC,0.37
Aythya marila,cleaned_FW_OTHER_PART3_intersection,LC,417.08
Balaenoptera acutorostrata,cleaned_MAMMALS_intersection,LC,344.33
Balaenoptera borealis,cleaned_MAMMALS_intersection,EN,344.33
Balaenoptera musculus,cleaned_MAMMALS_intersection,EN,344.33
Balaenoptera physalus,cleaned_MAMMALS_intersection,VU,344.33
Balistes capriscus,cleaned_MARINEFISH_PART6_intersection,VU,1948.77
Barathrites iris,cleaned_MARINEFISH_PART5_intersection,LC,344.33
Barbourisia rufa,cleaned_MARINEFISH_PART6_intersection,LC,13.45
Bassozetus compressus,cleaned_MARINEFISH_PART2_intersection,LC,344.33
Bassozetus levistomatus,cleaned_MARINEFISH_PART4_intersection,LC,344.33
Bassozetus nielseni,cleaned_MARINEFISH_PART4_intersection,LC,344.33
Bathophilus metallicus,cleaned_MARINEFISH_PART1_intersection,LC,344.33
Bathophilus nigerrimus,cleaned_MARINEFISH_PART2_intersection,LC,344.33
Bathophilus vaillanti,cleaned_MARINEFISH_PART2_intersection,LC,344.33
Bathypterois dubius,cleaned_MARINEFISH_PART6_intersection,LC,108.57
Bathypterois longipes,cleaned_MARINEFISH_PART4_intersection,LC,344.33
Bathysaurus ferox,cleaned_MARINEFISH_PART3_intersection,LC,819.31
Bathysaurus mollis,cleaned_MARINEFISH_PART6_intersection,LC,59.38
Bathysolea profundicola,cleaned_CARANGIFORM_FISHES_intersection,LC,344.33
Bathytoshia lata,cleaned_MARINEFISH_PART4_intersection,VU,1694.79
Benthalbella infans,cleaned_MARINEFISH_PART5_intersection,LC,1635.22
Benthosema glaciale,cleaned_MARINEFISH_PART1_intersection,LC,344.33
Beryx decadactylus,cleaned_MARINEFISH_PART4_intersection,LC,1635.22
Beryx splendens,cleaned_MARINEFISH_PART4_intersection,LC,1635.22
Blennius ocellaris,cleaned_BLENNIES_intersection2,LC,1948.77
Bolboschoenus maritimus,cleaned_FW_PLANTS_PART1_intersection,LC,3.15
Bolinichthys indicus,cleaned_MARINEFISH_PART2_intersection,LC,344.33
Bonapartia pedaliota,cleaned_MARINEFISH_PART3_intersection,LC,344.33
Boops boops,cleaned_BUTTERFLYFISH_ANGELFISH_ALLIES_intersection,LC,1948.69
Borostomias antarcticus,cleaned_MARINEFISH_PART3_intersection,LC,344.33
Borostomias elucens,cleaned_MARINEFISH_PART4_intersection,LC,344.33
Bothus podas,cleaned_CARANGIFORM_FISHES_intersection,LC,1862.66
Branta bernicla,cleaned_FW_OTHER_PART4_intersection,LC,5.19
Brotulotaenia brevicauda,cleaned_MARINEFISH_PART6_intersection,LC,344.33
Brotulotaenia crassa,cleaned_MARINEFISH_PART3_intersection,LC,344.33
Bufoceratias wedli,cleaned_MARINEFISH_PART4_intersection,LC,344.33
Buglossidium luteum,cleaned_CARANGIFORM_FISHES_intersection,LC,1948.77
Calidris alba,cleaned_FW_OTHER_PART1_intersection,LC,344.33
Calidris alpina,cleaned_FW_OTHER_PART2_intersection,NT,344.33
Calidris canutus,cleaned_FW_OTHER_PART3_intersection,NT,344.33
Calidris falcinellus,cleaned_FW_OTHER_PART3_intersection,VU,173.17
Calidris ferruginea,cleaned_FW_OTHER_PART1_intersection,VU,344.33
Calidris maritima,cleaned_FW_OTHER_PART1_intersection,LC,0.21
Calidris minuta,cleaned_FW_OTHER_PART4_intersection,LC,0.37
Callanthias ruber,cleaned_BUTTERFLYFISH_ANGELFISH_ALLIES_intersection,LC,1635.22
Campogramma glaycos,cleaned_CARANGIFORM_FISHES_intersection,LC,1948.56
Canthidermis maculata,cleaned_MARINEFISH_PART6_intersection,LC,1948.77
Capros aper,cleaned_BUTTERFLYFISH_ANGELFISH_ALLIES_intersection,LC,1635.22
Carapus acus,cleaned_MARINEFISH_PART2_intersection,LC,1948.77
Carcharhinus falciformis,cleaned_MARINEFISH_PART6_intersection,VU,344.33
Carcharhinus galapagensis,cleaned_MARINEFISH_PART5_intersection,LC,43.74
Carcharhinus longimanus,cleaned_MARINEFISH_PART3_intersection,CR,344.33
Carcharhinus obscurus,cleaned_MARINEFISH_PART5_intersection,EN,1948.77
Carcharhinus plumbeus,cleaned_MARINEFISH_PART2_intersection,EN,1519.26
Carcharodon carcharias,cleaned_MARINEFISH_PART2_intersection,VU,344.33
Cardus crucifer,cleaned_LOBSTERS_intersection2,LC,374.19
Caretta caretta,cleaned_REPTILES_PART1_intersection2,VU,344.33
Cataetyx alleni,cleaned_MARINEFISH_PART1_intersection,LC,1635.22
Cataetyx laticeps,cleaned_MARINEFISH_PART1_intersection,LC,1105.11
Caulophryne jordani,cleaned_MARINEFISH_PART2_intersection,LC,344.33
Centracanthus cirrus,cleaned_BUTTERFLYFISH_ANGELFISH_ALLIES_intersection,LC,9.15
Centrolabrus exoletus,cleaned_MARINEFISH_PART3_intersection,LC,1948.77
Centrophorus granulosus,cleaned_MARINEFISH_PART6_intersection,EN,431.86
Centrophorus squamosus,cleaned_MARINEFISH_PART1_intersection,EN,262.66
Centroscyllium fabricii,cleaned_MARINEFISH_PART1_intersection,LC,28.2
Centroscymnus coelolepis,cleaned_MARINEFISH_PART5_intersection,NT,1635.22
Centroselachus crepidater,cleaned_MARINEFISH_PART3_intersection,NT,21.79
Cepola macrophthalma,cleaned_BUTTERFLYFISH_ANGELFISH_ALLIES_intersection,LC,1635.36
Ceratias holboelli,cleaned_MARINEFISH_PART2_intersection,LC,344.33
Ceratoscopelus maderensis,cleaned_MARINEFISH_PART2_intersection,LC,344.33
Cetorhinus maximus,cleaned_MARINEFISH_PART5_intersection,EN,344.33
Chaenophryne draco,cleaned_MARINEFISH_PART4_intersection,LC,344.33
Chaenophryne longiceps,cleaned_MARINEFISH_PART6_intersection,LC,344.33
Chaenophryne ramifera,cleaned_MARINEFISH_PART1_intersection,LC,1635.22
Charadrius alexandrinus,cleaned_FW_OTHER_PART3_intersection,LC,5.19
Charadrius dubius,cleaned_FW_OTHER_PART3_intersection,LC,2.9
Charadrius hiaticula,cleaned_FW_OTHER_PART3_intersection,LC,0.37
Chauliodus danae,cleaned_MARINEFISH_PART1_intersection,LC,344.33
Chauliodus sloani,cleaned_MARINEFISH_PART1_intersection,LC,344.33
Chaunax pictus,cleaned_MARINEFISH_PART5_intersection,LC,1635.35
Chaunax suttkusi,cleaned_MARINEFISH_PART3_intersection,LC,19.86
Chelon auratus,cleaned_FW_FISH_PART2_intersection,NT,1716.74
Chelon labrosus,cleaned_FW_FISH_PART1_intersection,NT,1716.74
Chelon ramada,cleaned_FW_FISH_PART2_intersection,NT,1716.74
Chelon saliens,cleaned_FW_FISH_PART2_intersection,NT,1716.74
Chelonia mydas,cleaned_REPTILES_PART1_intersection2,EN,344.33
Chimaera monstrosa,cleaned_MARINEFISH_PART2_intersection,VU,151.69
Chimaera opalescens,cleaned_MARINEFISH_PART2_intersection,LC,5.93
Chirostomias pliopterus,cleaned_MARINEFISH_PART1_intersection,LC,344.33
Chlamydoselachus anguineus,cleaned_MARINEFISH_PART6_intersection,LC,397.21
Chlidonias niger,cleaned_FW_OTHER_PART4_intersection,LC,1335.98
Chlorophthalmus agassizi,cleaned_MARINEFISH_PART1_intersection,LC,1634.93
Cisticola juncidis,cleaned_FW_OTHER_PART2_intersection,LC,0.37
Conger conger,cleaned_EELS_intersection2,LC,1948.77
Coris julis,cleaned_MARINEFISH_PART6_intersection,LC,1948.77
Corvus corone,cleaned_FW_OTHER_PART2_intersection,LC,0.37
Coryphaena hippurus,cleaned_CARANGIFORM_FISHES_intersection,LC,344.33
Coryphoblennius galerita,cleaned_BLENNIES_intersection2,LC,1948.77
Cryptopsaras couesii,cleaned_MARINEFISH_PART6_intersection,LC,344.33
Ctenolabrus rupestris,cleaned_MARINEFISH_PART5_intersection,LC,1948.77
Cyclothone acclinidens,cleaned_MARINEFISH_PART3_intersection,LC,344.33
Cyclothone alba,cleaned_MARINEFISH_PART5_intersection,LC,344.33
Cyclothone braueri,cleaned_MARINEFISH_PART4_intersection,LC,344.33
Cyclothone livida,cleaned_MARINEFISH_PART4_intersection,LC,51.35
Cyclothone microdon,cleaned_MARINEFISH_PART3_intersection,LC,344.33
Cyclothone pallida,cleaned_MARINEFISH_PART5_intersection,LC,344.33
Cyclothone pseudoacclinidens,cleaned_MARINEFISH_PART6_intersection,LC,344.33
Cyclothone pseudopallida,cleaned_MARINEFISH_PART6_intersection,LC,344.33
Cyema atrum,cleaned_EELS_intersection2,LC,344.33
Dalatias licha,cleaned_MARINEFISH_PART5_intersection,VU,5.24
Dalophis imberbis,cleaned_EELS_intersection2,LC,1948.77
Danaphryne nigrifilis,cleaned_MARINEFISH_PART6_intersection,LC,344.33
Dasyatis pastinaca,cleaned_MARINEFISH_PART2_intersection,VU,1352.51
Deania calceus,cleaned_MARINEFISH_PART3_intersection,NT,541.14
Deania profundorum,cleaned_MARINEFISH_PART4_intersection,NT,90.04
Delphinus delphis,cleaned_MAMMALS_intersection,LC,344.33
Dentex dentex,cleaned_BUTTERFLYFISH_ANGELFISH_ALLIES_intersection,VU,1948.77
Dentex macrophthalmus,cleaned_BUTTERFLYFISH_ANGELFISH_ALLIES_intersection,LC,1948.77
Dentex maroccanus,cleaned_BUTTERFLYFISH_ANGELFISH_ALLIES_intersection,LC,1948.77
Derichthys serpentinus,cleaned_EELS_intersection2,LC,344.33
Dermochelys coriacea,cleaned_REPTILES_PART1_intersection2,VU,344.33
Diaphus effulgens,cleaned_MARINEFISH_PART1_intersection,LC,344.33
Diaphus holti,cleaned_MARINEFISH_PART3_intersection,LC,344.33
Diaphus metopoclampus,cleaned_MARINEFISH_PART3_intersection,LC,344.33
Diaphus rafinesquii,cleaned_MARINEFISH_PART2_intersection,LC,344.33
Dicentrarchus labrax,cleaned_BUTTERFLYFISH_ANGELFISH_ALLIES_intersection,NT,1682.3
Dicentrarchus punctatus,cleaned_BUTTERFLYFISH_ANGELFISH_ALLIES_intersection,LC,1948.77
Diceratias pileatus,cleaned_MARINEFISH_PART4_intersection,LC,12.08
Dicologlossa cuneata,cleaned_CARANGIFORM_FISHES_intersection,LC,1948.77
Diodon eydouxii,cleaned_MARINEFISH_PART6_intersection,LC,22.9
Diodon hystrix,cleaned_MARINEFISH_PART6_intersection,LC,1948.77
Diogenichthys atlanticus,cleaned_MARINEFISH_PART4_intersection,LC,344.33
Diplodus annularis,cleaned_BUTTERFLYFISH_ANGELFISH_ALLIES_intersection,LC,1948.69
Diplodus cervinus,cleaned_BUTTERFLYFISH_ANGELFISH_ALLIES_intersection,LC,1948.69
Diplodus puntazzo,cleaned_BUTTERFLYFISH_ANGELFISH_ALLIES_intersection,LC,1948.69
Diplodus sargus,cleaned_BUTTERFLYFISH_ANGELFISH_ALLIES_intersection,LC,1948.77
Diplodus vulgaris,cleaned_BUTTERFLYFISH_ANGELFISH_ALLIES_intersection,LC,1948.69
Dipturus nidarosiensis,cleaned_MARINEFISH_PART1_intersection,EN,376.65
Dipturus oxyrinchus,cleaned_MARINEFISH_PART4_intersection,VU,257.75
Diretmichthys parini,cleaned_MARINEFISH_PART6_intersection,LC,344.33
Diretmus argenteus,cleaned_MARINEFISH_PART1_intersection,LC,344.33
Dolopichthys allector,cleaned_MARINEFISH_PART2_intersection,LC,1635.22
Dolopichthys longicornis,cleaned_MARINEFISH_PART3_intersection,LC,1651.75
Echelus myrus,cleaned_EELS_intersection2,LC,1948.77
Echinorhinus brucus,cleaned_MARINEFISH_PART6_intersection,EN,81.44
Echiostoma barbatum,cleaned_MARINEFISH_PART4_intersection,LC,344.33
Electrona risso,cleaned_MARINEFISH_PART5_intersection,LC,344.33
Engraulis encrasicolus,cleaned_CLUPEIFORMES_intersection2,LC,1948.72
Entelurus aequoreus,cleaned_MARINEFISH_PART5_intersection,LC,1948.77
Eretmochelys imbricata,cleaned_REPTILES_PART1_intersection2,CR,344.33
Etmopterus princeps,cleaned_MARINEFISH_PART2_intersection,LC,28.2
Etmopterus pusillus,cleaned_MARINEFISH_PART4_intersection,LC,350.95
Etmopterus spinax,cleaned_MARINEFISH_PART5_intersection,VU,90.58
Eubalaena glacialis,cleaned_MAMMALS_intersection,CR,344.33
Eurypharynx pelecanoides,cleaned_EELS_intersection2,LC,344.33
Eustomias achirus,cleaned_MARINEFISH_PART6_intersection,LC,344.33
Eustomias filifer,cleaned_MARINEFISH_PART6_intersection,LC,36.6
Eustomias macrurus,cleaned_MARINEFISH_PART2_intersection,LC,344.33
Eustomias monodactylus,cleaned_MARINEFISH_PART4_intersection,LC,344.33
Euthynnus alletteratus,cleaned_MARINEFISH_PART2_intersection,LC,344.33
Evermannella balbo,cleaned_MARINEFISH_PART2_intersection,LC,344.33
Facciolella oxyrhyncha,cleaned_EELS_intersection2,LC,1948.77
Falco peregrinus,cleaned_FW_OTHER_PART3_intersection,LC,0.37
Feresa attenuata,cleaned_MAMMALS_intersection,LC,344.33
Fistularia petimba,cleaned_MARINEFISH_PART4_intersection,LC,1948.62
Flagellostomias boureei,cleaned_MARINEFISH_PART2_intersection,LC,344.33
Fulica atra,cleaned_FW_OTHER_PART3_intersection,LC,5.21
Galeorhinus galeus,cleaned_MARINEFISH_PART1_intersection,CR,1721.82
Galeus atlanticus,cleaned_MARINEFISH_PART6_intersection,NT,229.14
Galeus melastomus,cleaned_MARINEFISH_PART2_intersection,LC,654.68
Galeus murinus,cleaned_MARINEFISH_PART5_intersection,LC,263.1
Gallinula chloropus,cleaned_FW_OTHER_PART4_intersection,LC,0.37
Gasterosteus aculeatus,cleaned_FW_FISH_PART2_intersection,LC,395.42
Gavia arctica,cleaned_FW_OTHER_PART3_intersection,LC,365.11
Gavia immer,cleaned_FW_OTHER_PART4_intersection,LC,757.8
Gavia stellata,cleaned_FW_OTHER_PART4_intersection,LC,2450.34
Globicephala macrorhynchus,cleaned_MAMMALS_intersection,LC,344.33
Globicephala melas,cleaned_MAMMALS_intersection,LC,344.33
Gobius paganellus,cleaned_FW_FISH_PART2_intersection,LC,1948.77
Gonichthys cocco,cleaned_MARINEFISH_PART6_intersection,LC,344.33
Gonostoma denudatum,cleaned_MARINEFISH_PART2_intersection,LC,344.33
Gonostoma elongatum,cleaned_MARINEFISH_PART2_intersection,LC,344.33
Grammatostomias dentatus,cleaned_MARINEFISH_PART4_intersection,LC,1635.22
Grammatostomias flagellibarba,cleaned_MARINEFISH_PART3_intersection,LC,344.33
Grampus griseus,cleaned_MAMMALS_intersection,LC,344.33
Gulosus aristotelis,cleaned_FW_OTHER_PART4_intersection,LC,1107.8
Gymnothorax unicolor,cleaned_EELS_intersection2,LC,1948.77
Gymnura altavela,cleaned_MARINEFISH_PART2_intersection,EN,1276.72
Haematopus ostralegus,cleaned_FW_OTHER_PART1_intersection,NT,0.37
Haliotis tuberculata,cleaned_ABALONES_intersection2,VU,1948.77
Halobatrachus didactylus,cleaned_MARINEFISH_PART1_intersection,LC,1948.77
Haplophryne mollis,cleaned_MARINEFISH_PART4_intersection,LC,344.33
Heptranchias perlo,cleaned_MARINEFISH_PART6_intersection,NT,175.89
Hexanchus griseus,cleaned_MARINEFISH_PART2_intersection,NT,191.64
Hexanchus nakamurai,cleaned_MARINEFISH_PART5_intersection,NT,20.98
Himantolophus groenlandicus,cleaned_MARINEFISH_PART6_intersection,LC,344.33
Himantolophus mauli,cleaned_MARINEFISH_PART3_intersection,LC,344.33
Himantopus himantopus,cleaned_FW_OTHER_PART2_intersection,LC,0.37
Homarus gammarus,cleaned_LOBSTERS_intersection2,LC,1948.77
Hoplostethus mediterraneus,cleaned_MARINEFISH_PART5_intersection,LC,929.41
Hydrobia acuta,cleaned_FW_MOLLUSCS_intersection2,LC,3.15
Hydrocoloeus minutus,cleaned_FW_OTHER_PART1_intersection,LC,2203.18
Hydrolagus affinis,cleaned_MARINEFISH_PART4_intersection,LC,2116.52
Hydrolagus mirabilis,cleaned_MARINEFISH_PART4_intersection,LC,549.66
Hydrolagus pallidus,cleaned_MARINEFISH_PART3_intersection,LC,776.05
Hygophum benoiti,cleaned_MARINEFISH_PART4_intersection,LC,344.33
Hygophum hygomii,cleaned_MARINEFISH_PART1_intersection,LC,344.33
Hyperoodon ampullatus,cleaned_MAMMALS_intersection,NT,344.33
Idiacanthus fasciola,cleaned_MARINEFISH_PART4_intersection,LC,344.33
Ijimaia loppei,cleaned_MARINEFISH_PART5_intersection,LC,10.27
Ilyophis brunneus,cleaned_EELS_intersection2,LC,344.33
Istiophorus platypterus,cleaned_CARANGIFORM_FISHES_intersection,VU,344.33
Isurus oxyrinchus,cleaned_MARINEFISH_PART2_intersection,EN,344.33
Isurus paucus,cleaned_MARINEFISH_PART4_intersection,EN,344.33
Kajikia albida,cleaned_CARANGIFORM_FISHES_intersection,LC,344.33
Katsuwonus pelamis,cleaned_MARINEFISH_PART4_intersection,LC,344.33
Kogia breviceps,cleaned_MAMMALS_intersection,LC,344.33
Kogia sima,cleaned_MAMMALS_intersection,LC,344.33
Kuhlia mugil,cleaned_FW_FISH_PART2_intersection,LC,3.15
Labrus bergylta,cleaned_MARINEFISH_PART1_intersection,LC,1948.77
Labrus merula,cleaned_MARINEFISH_PART6_intersection,LC,1817.88
Labrus mixtus,cleaned_MARINEFISH_PART6_intersection,LC,1948.77
Labrus viridis,cleaned_MARINEFISH_PART4_intersection,VU,1817.88
Lagenorhynchus albirostris,cleaned_MAMMALS_intersection,LC,148.29
Lagocephalus lagocephalus,cleaned_MARINEFISH_PART1_intersection,LC,813.53
Lamna nasus,cleaned_MARINEFISH_PART5_intersection,VU,344.33
Lampadena atlantica,cleaned_MARINEFISH_PART5_intersection,LC,344.33
Lampadena chavesi,cleaned_MARINEFISH_PART4_intersection,LC,344.33
Lampadena speculigera,cleaned_MARINEFISH_PART1_intersection,LC,344.33
Lampanyctus alatus,cleaned_MARINEFISH_PART2_intersection,LC,344.33
Lampanyctus crocodilus,cleaned_MARINEFISH_PART2_intersection,LC,344.33
Lampanyctus festivus,cleaned_MARINEFISH_PART4_intersection,LC,344.33
Lampanyctus gemmifer,cleaned_MARINEFISH_PART5_intersection,LC,344.33
Lampanyctus intricarius,cleaned_MARINEFISH_PART5_intersection,LC,344.33
Lampanyctus macdonaldi,cleaned_MARINEFISH_PART4_intersection,LC,344.33
Lampanyctus photonotus,cleaned_MARINEFISH_PART2_intersection,LC,344.33
Lampanyctus pusillus,cleaned_MARINEFISH_PART3_intersection,LC,344.33
Lampris guttatus,cleaned_MARINEFISH_PART6_intersection,LC,344.33
Larus argentatus,cleaned_FW_OTHER_PART1_intersection,LC,258.73
Larus canus,cleaned_FW_OTHER_PART2_intersection,LC,1226.56
Larus fuscus,cleaned_FW_OTHER_PART2_intersection,LC,734.63
Larus melanocephalus,cleaned_FW_OTHER_PART1_intersection,LC,1127.31
Larus michahellis,cleaned_FW_OTHER_PART4_intersection,LC,1287.62
Larus ridibundus,cleaned_FW_OTHER_PART1_intersection,LC,344.33
Lepidochelys kempii,cleaned_REPTILES_PART1_intersection2,CR,344.33
Lepidorhombus boscii,cleaned_CARANGIFORM_FISHES_intersection,LC,1635.22
Lepidorhombus whiffiagonis,cleaned_CARANGIFORM_FISHES_intersection,LC,1635.22
Leptostomias gladiator,cleaned_MARINEFISH_PART5_intersection,LC,344.33
Leptostomias haplocaulus,cleaned_MARINEFISH_PART1_intersection,LC,344.33
Leptostomias longibarba,cleaned_MARINEFISH_PART2_intersection,LC,1635.22
Lestidiops jayakari,cleaned_MARINEFISH_PART3_intersection,LC,344.33
Lestidiops similis,cleaned_MARINEFISH_PART1_intersection,LC,344.33
Lestidiops sphyrenoides,cleaned_MARINEFISH_PART4_intersection,LC,344.33
Leucoraja circularis,cleaned_MARINEFISH_PART6_intersection,EN,1948.58
Leucoraja fullonica,cleaned_MARINEFISH_PART3_intersection,VU,1948.7
Leucoraja naevus,cleaned_MARINEFISH_PART4_intersection,LC,1948.73
Lichia amia,cleaned_CARANGIFORM_FISHES_intersection,LC,43.72
Limosa lapponica,cleaned_FW_OTHER_PART3_intersection,NT,0.37
Limosa limosa,cleaned_FW_OTHER_PART1_intersection,NT,0.66
Linophryne coronata,cleaned_MARINEFISH_PART2_intersection,LC,344.33
Linophryne pennibarbata,cleaned_MARINEFISH_PART3_intersection,LC,1635.22
Lipophrys pholis,cleaned_BLENNIES_intersection2,LC,1948.77
Lipophrys trigloides,cleaned_BLENNIES_intersection2,LC,1948.77
Lithognathus mormyrus,cleaned_BUTTERFLYFISH_ANGELFISH_ALLIES_intersection,LC,1948.69
Lobianchia dofleini,cleaned_MARINEFISH_PART4_intersection,LC,344.33
Lobianchia gemellarii,cleaned_MARINEFISH_PART2_intersection,LC,344.33
Lophius piscatorius,cleaned_MARINEFISH_PART6_intersection,LC,1948.77
Lophodolos acanthognathus,cleaned_MARINEFISH_PART5_intersection,LC,344.33
Loweina interrupta,cleaned_MARINEFISH_PART3_intersection,LC,344.33
Lutra lutra,cleaned_FW_OTHER_PART1_intersection,NT,0.37
Lymnocryptes minimus,cleaned_FW_OTHER_PART4_intersection,LC,0.37
Macroparalepis affinis,cleaned_MARINEFISH_PART3_intersection,LC,344.33
Macroramphosus scolopax,cleaned_MARINEFISH_PART3_intersection,LC,344.33
Magnisudis atlantica,cleaned_MARINEFISH_PART4_intersection,LC,344.33
Makaira nigricans,cleaned_CARANGIFORM_FISHES_intersection,VU,344.33
Malacosteus niger,cleaned_MARINEFISH_PART5_intersection,LC,344.33
Mareca penelope,cleaned_FW_OTHER_PART3_intersection,LC,0.37
Masturus lanceolatus,cleaned_MARINEFISH_PART1_intersection,LC,344.33
Maurolicus amethystinopunctatus,cleaned_MARINEFISH_PART6_intersection,LC,344.33
Maurolicus muelleri,cleaned_MARINEFISH_PART1_intersection,LC,344.33
Megaptera novaeangliae,cleaned_MAMMALS_intersection,LC,344.33
Melamphaes falsidicus,cleaned_MARINEFISH_PART1_intersection,LC,344.33
Melamphaes microps,cleaned_MARINEFISH_PART6_intersection,LC,344.33
Melamphaes simus,cleaned_MARINEFISH_PART1_intersection,LC,344.33
Melanitta fusca,cleaned_FW_OTHER_PART4_intersection,VU,203.99
Melanitta nigra,cleaned_FW_OTHER_PART1_intersection,LC,1510.47
Melanocetus johnsonii,cleaned_MARINEFISH_PART1_intersection,LC,344.33
Melanostomias bartonbeani,cleaned_MARINEFISH_PART6_intersection,LC,344.33
Melanostomias macrophotus,cleaned_MARINEFISH_PART1_intersection,LC,344.33
Melanostomias spilorhynchus,cleaned_MARINEFISH_PART3_intersection,LC,344.33
Melanostomias tentaculatus,cleaned_MARINEFISH_PART5_intersection,LC,1635.22
Melanostomias valdiviae,cleaned_MARINEFISH_PART2_intersection,LC,344.33
Mesoplodon bidens,cleaned_MAMMALS_intersection,LC,344.33
Mesoplodon densirostris,cleaned_MAMMALS_intersection,LC,344.33
Mesoplodon europaeus,cleaned_MAMMALS_intersection,LC,344.33
Mesoplodon mirus,cleaned_MAMMALS_intersection,LC,344.33
Microchirus variegatus,cleaned_CARANGIFORM_FISHES_intersection,LC,1948.77
Microlophichthys microlophus,cleaned_MARINEFISH_PART3_intersection,LC,1635.22
Milvus migrans,cleaned_FW_OTHER_PART1_intersection,LC,0.37
Mitsukurina owstoni,cleaned_MARINEFISH_PART5_intersection,LC,203.45
Mobula mobular,cleaned_MARINEFISH_PART5_intersection,EN,344.33
Mobula tarapacana,cleaned_MARINEFISH_PART6_intersection,EN,344.33
Mola mola,cleaned_MARINEFISH_PART5_intersection,VU,1635.22
Morone saxatilis,cleaned_BUTTERFLYFISH_ANGELFISH_ALLIES_intersection,LC,3.15
Mugil cephalus,cleaned_FW_FISH_PART1_intersection,LC,43.74
Muraena helena,cleaned_EELS_intersection2,LC,1948.77
Mustelus asterias,cleaned_MARINEFISH_PART6_intersection,NT,1352.51
Mycteroperca marginata,cleaned_GROUPERS_intersection2,VU,1948.69
Myctophum punctatum,cleaned_MARINEFISH_PART6_intersection,LC,344.33
Myliobatis aquila,cleaned_MARINEFISH_PART4_intersection,CR,1567.6
Myosotella myosotis,cleaned_FW_MOLLUSCS_intersection2,LC,0.33
Myxine glutinosa,cleaned_HAGFISH_intersection2,LC,1635.22
Nannobrachium atrum,cleaned_MARINEFISH_PART5_intersection,LC,344.33
Naucrates ductor,cleaned_CARANGIFORM_FISHES_intersection,LC,1948.69
Nemichthys scolopaceus,cleaned_EELS_intersection2,LC,344.33
Neonesthes capensis,cleaned_MARINEFISH_PART3_intersection,LC,344.33
Neoraja iberica,cleaned_MARINEFISH_PART2_intersection,LC,1864.54
Neoscopelus microchir,cleaned_MARINEFISH_PART6_intersection,LC,344.33
Nephrops norvegicus,cleaned_LOBSTERS_intersection2,LC,531.55
Nephropsis atlantica,cleaned_LOBSTERS_intersection2,LC,344.33
Nerophis lumbriciformis,cleaned_MARINEFISH_PART1_intersection,LC,1948.77
Nerophis ophidion,cleaned_MARINEFISH_PART5_intersection,LC,1948.77
Nessorhamphus ingolfianus,cleaned_EELS_intersection2,LC,344.33
Nettastoma melanurum,cleaned_EELS_intersection2,LC,663.47
Notolychnus valdiviae,cleaned_MARINEFISH_PART4_intersection,LC,344.33
Notoscopelus bolini,cleaned_MARINEFISH_PART5_intersection,LC,344.33
Notoscopelus kroyeri,cleaned_MARINEFISH_PART1_intersection,LC,344.33
Notoscopelus resplendens,cleaned_MARINEFISH_PART3_intersection,LC,344.33
Numenius arquata,cleaned_FW_OTHER_PART3_intersection,NT,0.37
Numenius phaeopus,cleaned_FW_OTHER_PART2_intersection,LC,0.37
Oblada melanura,cleaned_BUTTERFLYFISH_ANGELFISH_ALLIES_intersection,LC,1948.69
Odontaspis ferox,cleaned_MARINEFISH_PART6_intersection,EN,126.06
Oenanthe oenanthe,cleaned_FW_OTHER_PART2_intersection,LC,6.24
Oneirodes eschrichtii,cleaned_MARINEFISH_PART3_intersection,LC,344.33
Oneirodes macrosteus,cleaned_MARINEFISH_PART3_intersection,LC,344.33
Ophidion barbatum,cleaned_MARINEFISH_PART3_intersection,LC,1948.77
Ophisurus serpens,cleaned_EELS_intersection2,LC,1635.22
Oxynotus centrina,cleaned_MARINEFISH_PART5_intersection,EN,1561.45
Oxynotus paradoxus,cleaned_MARINEFISH_PART2_intersection,VU,4.76
Pachystomias microdon,cleaned_MARINEFISH_PART4_intersection,LC,344.33
Pagellus acarne,cleaned_BUTTERFLYFISH_ANGELFISH_ALLIES_intersection,LC,1948.77
Pagellus bogaraveo,cleaned_BUTTERFLYFISH_ANGELFISH_ALLIES_intersection,NT,1948.77
Pagellus erythrinus,cleaned_BUTTERFLYFISH_ANGELFISH_ALLIES_intersection,LC,1948.77
Pagrus auriga,cleaned_BUTTERFLYFISH_ANGELFISH_ALLIES_intersection,LC,604.96
Pagrus pagrus,cleaned_BUTTERFLYFISH_ANGELFISH_ALLIES_intersection,LC,1948.77
Palinurus mauritanicus,cleaned_LOBSTERS_intersection2,LC,1635.22
Pandion haliaetus,cleaned_FW_OTHER_PART2_intersection,LC,0.37
Parablennius gattorugine,cleaned_BLENNIES_intersection2,LC,1948.77
Parablennius incognitus,cleaned_BLENNIES_intersection2,LC,20.93
Parablennius pilicornis,cleaned_BLENNIES_intersection2,LC,43.74
Parablennius ruber,cleaned_BLENNIES_intersection2,LC,1948.77
Parablennius sanguinolentus,cleaned_BLENNIES_intersection2,LC,1948.77
Parablennius tentacularis,cleaned_BLENNIES_intersection2,LC,1948.77
Parabrotula plagiophthalma,cleaned_MARINEFISH_PART6_intersection,LC,344.33
Paralepis coregonoides,cleaned_MARINEFISH_PART5_intersection,LC,344.33
Pegusa lascaris,cleaned_CARANGIFORM_FISHES_intersection,LC,1948.77
Pentherichthys atratus,cleaned_MARINEFISH_PART2_intersection,LC,344.33
Petromyzon marinus,cleaned_FW_FISH_PART1_intersection,LC,11.42
Phocoena phocoena,cleaned_MAMMALS_intersection,LC,61.35
Photonectes margarita,cleaned_MARINEFISH_PART6_intersection,LC,1635.15
Photonectes mirabilis,cleaned_MARINEFISH_PART1_intersection,LC,1635.36
Photostomias guernei,cleaned_MARINEFISH_PART1_intersection,LC,344.33
Phtheirichthys lineatus,cleaned_CARANGIFORM_FISHES_intersection,LC,11.14
Physeter macrocephalus,cleaned_MAMMALS_intersection,VU,344.33
Pisodonophis semicinctus,cleaned_EELS_intersection2,LC,1948.77
Planiliza subviridis,cleaned_FW_FISH_PART1_intersection,LC,1948.77
Platichthys flesus,cleaned_CARANGIFORM_FISHES_intersection,LC,3.15
Pleuronectes platessa,cleaned_CARANGIFORM_FISHES_intersection,LC,865.17
Pluvialis apricaria,cleaned_FW_OTHER_PART1_intersection,LC,0.37
Pluvialis squatarola,cleaned_FW_OTHER_PART3_intersection,VU,344.33
Podiceps cristatus,cleaned_FW_OTHER_PART3_intersection,LC,959.97
Podiceps nigricollis,cleaned_FW_OTHER_PART4_intersection,LC,383.05
Poecile palustris,cleaned_FW_OTHER_PART3_intersection,LC,4.45
Pollichthys mauli,cleaned_MARINEFISH_PART2_intersection,LC,344.33
Polycheles typhlops,cleaned_LOBSTERS_intersection2,LC,1635.22
Polymetme thaeocoryla,cleaned_MARINEFISH_PART1_intersection,LC,1030.36
Pomatoschistus microps,cleaned_FW_FISH_PART1_intersection,LC,3.15
Pomatoschistus minutus,cleaned_FW_FISH_PART1_intersection,LC,1948.7
Porogadus miles,cleaned_MARINEFISH_PART2_intersection,LC,344.33
Prionace glauca,cleaned_MARINEFISH_PART2_intersection,NT,344.33
Protomyctophum arcticum,cleaned_MARINEFISH_PART5_intersection,LC,344.33
Pseudocaranx dentex,cleaned_CARANGIFORM_FISHES_intersection,LC,1948.69
Pseudorca crassidens,cleaned_MAMMALS_intersection,NT,135.55
Pseudotriakis microdon,cleaned_MARINEFISH_PART6_intersection,LC,1715.4
Raja brachyura,cleaned_MARINEFISH_PART5_intersection,NT,89.87
Raja clavata,cleaned_MARINEFISH_PART5_intersection,NT,1786.32
Raja microocellata,cleaned_MARINEFISH_PART1_intersection,NT,676.26
Raja miraletus,cleaned_MARINEFISH_PART1_intersection,LC,0.56
Raja montagui,cleaned_MARINEFISH_PART4_intersection,LC,1714.63
Raja undulata,cleaned_MARINEFISH_PART6_intersection,NT,1282.86
Rajella bigelowi,cleaned_MARINEFISH_PART3_intersection,LC,35.53
Rajella kukujevi,cleaned_MARINEFISH_PART6_intersection,LC,1636.45
Ranzania laevis,cleaned_MARINEFISH_PART1_intersection,LC,344.33
Recurvirostra avosetta,cleaned_FW_OTHER_PART2_intersection,LC,89.34
Regalecus glesne,cleaned_MARINEFISH_PART6_intersection,LC,344.33
Remora remora,cleaned_CARANGIFORM_FISHES_intersection,LC,344.33
Rhadinesthes decimus,cleaned_MARINEFISH_PART5_intersection,LC,344.33
Rhinobatos rhinobatos,cleaned_MARINEFISH_PART6_intersection,CR,1272.93
Rhinochimaera atlantica,cleaned_MARINEFISH_PART1_intersection,LC,108.81
Rondeletia loricata,cleaned_MARINEFISH_PART4_intersection,LC,344.33
Rostroraja alba,cleaned_MARINEFISH_PART5_intersection,EN,0.39
Saccopharynx ampullaceus,cleaned_EELS_intersection2,LC,344.33
Salaria pavo,cleaned_BLENNIES_intersection2,LC,1948.77
Salmo salar,cleaned_FW_FISH_PART2_intersection,NT,344.33
Salmo trutta,cleaned_FW_FISH_PART2_intersection,LC,865.17
Sarda sarda,cleaned_MARINEFISH_PART3_intersection,LC,1446.92
Sardina pilchardus,cleaned_CLUPEIFORMES_intersection2,LC,1948.72
Sarpa salpa,cleaned_BUTTERFLYFISH_ANGELFISH_ALLIES_intersection,LC,1948.57
Scartella cristata,cleaned_BLENNIES_intersection2,LC,43.74
Sciadonus pedicellaris,cleaned_MARINEFISH_PART6_intersection,LC,54.64
Sciaena umbra,cleaned_BUTTERFLYFISH_ANGELFISH_ALLIES_intersection,NT,1948.7
Scomber colias,cleaned_MARINEFISH_PART3_intersection,LC,163.7
Scomber scombrus,cleaned_MARINEFISH_PART6_intersection,LC,344.33
Scopelarchus analis,cleaned_MARINEFISH_PART6_intersection,LC,344.33
Scopelogadus mizolepis,cleaned_MARINEFISH_PART6_intersection,LC,344.33
Scopelosaurus argenteus,cleaned_MARINEFISH_PART2_intersection,LC,711.7
Scopelosaurus lepidus,cleaned_MARINEFISH_PART1_intersection,LC,344.33
Scophthalmus maximus,cleaned_CARANGIFORM_FISHES_intersection,LC,118.34
Scophthalmus rhombus,cleaned_CARANGIFORM_FISHES_intersection,LC,1948.7
Scyliorhinus canicula,cleaned_MARINEFISH_PART1_intersection,LC,1751.45
Scyliorhinus stellaris,cleaned_MARINEFISH_PART4_intersection,VU,1518.3
Scyllarus arctus,cleaned_LOBSTERS_intersection2,LC,1948.77
Scymnodon ringens,cleaned_MARINEFISH_PART4_intersection,VU,519.06
Seriola carpenteri,cleaned_CARANGIFORM_FISHES_intersection,LC,1948.77
Seriola dumerili,cleaned_CARANGIFORM_FISHES_intersection,LC,43.74
Seriola fasciata,cleaned_CARANGIFORM_FISHES_intersection,LC,1948.77
Serrivomer beanii,cleaned_EELS_intersection2,LC,344.33
Sigmops bathyphilus,cleaned_MARINEFISH_PART4_intersection,LC,344.33
Simenchelys parasitica,cleaned_EELS_intersection2,LC,94.64
Somniosus microcephalus,cleaned_MARINEFISH_PART4_intersection,VU,33.49
Somniosus rostratus,cleaned_MARINEFISH_PART1_intersection,LC,1106.46
Sparisoma cretense,cleaned_MARINEFISH_PART3_intersection,LC,1899.36
Sparus aurata,cleaned_BUTTERFLYFISH_ANGELFISH_ALLIES_intersection,LC,1948.69
Spatula clypeata,cleaned_FW_OTHER_PART1_intersection,LC,0.37
Spatula querquedula,cleaned_FW_OTHER_PART4_intersection,LC,0
Spectrunculus crassus,cleaned_MARINEFISH_PART2_intersection,LC,344.33
Spectrunculus grandis,cleaned_MARINEFISH_PART3_intersection,LC,799.24
Sphoeroides pachygaster,cleaned_MARINEFISH_PART1_intersection,LC,1948.77
Sphyraena sphyraena,cleaned_CARANGIFORM_FISHES_intersection,LC,1948.66
Sphyraena viridensis,cleaned_CARANGIFORM_FISHES_intersection,LC,1948.77
Sphyrna lewini,cleaned_MARINEFISH_PART5_intersection,CR,14.92
Sphyrna mokarran,cleaned_MARINEFISH_PART6_intersection,CR,0
Sphyrna zygaena,cleaned_MARINEFISH_PART2_intersection,VU,43.74
Spicara maena,cleaned_BUTTERFLYFISH_ANGELFISH_ALLIES_intersection,LC,1948.77
Spiniphryne gladisfenae,cleaned_MARINEFISH_PART5_intersection,LC,344.33
Spondyliosoma cantharus,cleaned_BUTTERFLYFISH_ANGELFISH_ALLIES_intersection,LC,1948.77
Sprattus sprattus,cleaned_CLUPEIFORMES_intersection2,LC,1948.77
Squalus acanthias,cleaned_MARINEFISH_PART4_intersection,VU,6.08
Squalus margaretsmithae,cleaned_MARINEFISH_PART2_intersection,LC,1355.49
Squatina squatina,cleaned_MARINEFISH_PART4_intersection,CR,1948.77
Stenella coeruleoalba,cleaned_MAMMALS_intersection,LC,344.33
Steno bredanensis,cleaned_MAMMALS_intersection,LC,512.13
Stercorarius pomarinus,cleaned_FW_OTHER_PART2_intersection,LC,344.33
Stereomastis nana,cleaned_LOBSTERS_intersection2,LC,1635.22
Stereomastis sculpta,cleaned_LOBSTERS_intersection2,LC,390.45
Sternoptyx diaphana,cleaned_MARINEFISH_PART4_intersection,LC,344.33
Sternoptyx pseudobscura,cleaned_MARINEFISH_PART2_intersection,LC,344.33
Stomias boa,cleaned_MARINEFISH_PART6_intersection,LC,344.33
Stomias brevibarbatus,cleaned_MARINEFISH_PART6_intersection,LC,344.33
Stomias longibarbatus,cleaned_MARINEFISH_PART1_intersection,LC,344.33
Symbolophorus veranyi,cleaned_MARINEFISH_PART4_intersection,LC,344.33
Symphodus bailloni,cleaned_MARINEFISH_PART5_intersection,LC,1948.77
Symphodus cinereus,cleaned_MARINEFISH_PART4_intersection,LC,1948.77
Symphodus mediterraneus,cleaned_MARINEFISH_PART6_intersection,LC,1948.77
Symphodus melops,cleaned_MARINEFISH_PART2_intersection,LC,1948.77
Symphodus roissali,cleaned_MARINEFISH_PART3_intersection,LC,1948.77
Symphodus tinca,cleaned_MARINEFISH_PART5_intersection,LC,1948.77
Symphurus nigrescens,cleaned_CARANGIFORM_FISHES_intersection,LC,1635.36
Synaphobranchus kaupii,cleaned_EELS_intersection2,LC,344.33
Syngnathus abaster,cleaned_FW_FISH_PART2_intersection,LC,154.96
Syngnathus acus,cleaned_MARINEFISH_PART6_intersection,LC,1948.56
Syngnathus rostellatus,cleaned_MARINEFISH_PART2_intersection,LC,4.16
Syngnathus typhle,cleaned_FW_FISH_PART1_intersection,LC,1948.77
Taaningichthys bathyphilus,cleaned_MARINEFISH_PART4_intersection,LC,344.33
Tachybaptus ruficollis,cleaned_FW_OTHER_PART2_intersection,LC,0.37
Taeniurops grabatus,cleaned_MARINEFISH_PART5_intersection,NT,1518.52
Tetrapturus pfluegeri,cleaned_CARANGIFORM_FISHES_intersection,LC,344.33
Tetronarce nobiliana,cleaned_MARINEFISH_PART5_intersection,LC,1779.72
Thalassoma pavo,cleaned_MARINEFISH_PART3_intersection,LC,4.36
Thunnus alalunga,cleaned_MARINEFISH_PART4_intersection,LC,344.33
Thunnus obesus,cleaned_MARINEFISH_PART3_intersection,VU,344.33
Thunnus thynnus,cleaned_MARINEFISH_PART4_intersection,LC,344.33
Torpedo marmorata,cleaned_MARINEFISH_PART4_intersection,VU,1519.27
Torpedo torpedo,cleaned_MARINEFISH_PART1_intersection,VU,1523.01
Trachinotus ovatus,cleaned_CARANGIFORM_FISHES_intersection,LC,1948.77
Trachipterus arcticus,cleaned_MARINEFISH_PART1_intersection,LC,344.33
Trachipterus trachypterus,cleaned_MARINEFISH_PART4_intersection,LC,344.33
Trachurus mediterraneus,cleaned_CARANGIFORM_FISHES_intersection,LC,382.01
Trachurus picturatus,cleaned_CARANGIFORM_FISHES_intersection,LC,1635.22
Trachurus trachurus,cleaned_CARANGIFORM_FISHES_intersection,VU,1608.23
Trigonolampa miriceps,cleaned_MARINEFISH_PART2_intersection,LC,344.33
Tringa nebularia,cleaned_FW_OTHER_PART2_intersection,LC,0.37
Tringa totanus,cleaned_FW_OTHER_PART3_intersection,LC,0.37
Tripterygion delaisi,cleaned_BLENNIES_intersection2,LC,1948.77
Tursiops truncatus,cleaned_MAMMALS_intersection,LC,344.33
Umbrina canariensis,cleaned_BUTTERFLYFISH_ANGELFISH_ALLIES_intersection,LC,43.74
Umbrina cirrosa,cleaned_BUTTERFLYFISH_ANGELFISH_ALLIES_intersection,VU,1948.77
Valenciennellus tripunctulatus,cleaned_MARINEFISH_PART5_intersection,LC,344.33
Venefica proboscidea,cleaned_EELS_intersection2,LC,1488.71
Vinciguerria attenuata,cleaned_MARINEFISH_PART5_intersection,LC,344.33
Vinciguerria nimbaria,cleaned_MARINEFISH_PART6_intersection,LC,344.33
Vinciguerria poweriae,cleaned_MARINEFISH_PART6_intersection,LC,344.33
Xema sabini,cleaned_FW_OTHER_PART1_intersection,LC,344.33
Xiphias gladius,cleaned_CARANGIFORM_FISHES_intersection,NT,344.33
Xyrichtys novacula,cleaned_MARINEFISH_PART4_intersection,LC,1948.77
Zameus squamulosus,cleaned_MARINEFISH_PART6_intersection,LC,463.06
Zeugopterus punctatus,cleaned_CARANGIFORM_FISHES_intersection,LC,1948.77
Zeugopterus regius,cleaned_CARANGIFORM_FISHES_intersection,LC,1948.69
Ziphius cavirostris,cleaned_MAMMALS_intersection,LC,344.33
Zostera marina,cleaned_SEAGRASSES_intersection2,LC,43.74
Zostera noltii,cleaned_FW_PLANTS_PART2_intersection2,LC,1948.77
Zu cristatus,cleaned_MARINEFISH_PART5_intersection,LC,344.33
accipiter gentilis,cleaned_BIRDS_intersection_IUCN,LC,0.37
accipiter nisus,cleaned_BIRDS_intersection_IUCN,LC,0.37
acrocephalus arundinaceus,cleaned_BIRDS_intersection_IUCN,LC,6.77
acrocephalus paludicola,cleaned_BIRDS_intersection_IUCN,VU,0.37
acrocephalus scirpaceus,cleaned_BIRDS_intersection_IUCN,LC,0.66
actitis hypoleucos,cleaned_BIRDS_intersection_IUCN,LC,0.37
aegithalos caudatus,cleaned_BIRDS_intersection_IUCN,LC,0.37
alauda arvensis,cleaned_BIRDS_intersection_IUCN,LC,0.37
alca torda,cleaned_BIRDS_intersection_IUCN,LC,344.33
alcedo atthis,cleaned_BIRDS_intersection_IUCN,LC,49.05
anas acuta,cleaned_BIRDS_intersection_IUCN,LC,3.14
anas crecca,cleaned_BIRDS_intersection_IUCN,LC,0.37
anas platyrhynchos,cleaned_BIRDS_intersection_IUCN,LC,0.37
anthus petrosus,cleaned_BIRDS_intersection_IUCN,LC,0.37
anthus pratensis,cleaned_BIRDS_intersection_IUCN,LC,0.37
anthus spinoletta,cleaned_BIRDS_intersection_IUCN,LC,0.37
anthus trivialis,cleaned_BIRDS_intersection_IUCN,LC,0.66
apus apus,cleaned_BIRDS_intersection_IUCN,LC,0.37
ardea cinerea,cleaned_BIRDS_intersection_IUCN,LC,0.37
ardenna gravis,cleaned_BIRDS_intersection_IUCN,LC,344.33
ardenna grisea,cleaned_BIRDS_intersection_IUCN,NT,344.33
arenaria interpres,cleaned_BIRDS_intersection_IUCN,NT,344.33
asio flammeus,cleaned_BIRDS_intersection_IUCN,LC,4.56
asio otus,cleaned_BIRDS_intersection_IUCN,LC,14.98
athene noctua,cleaned_BIRDS_intersection_IUCN,LC,0.37
aythya ferina,cleaned_BIRDS_intersection_IUCN,VU,0.37
aythya fuligula,cleaned_BIRDS_intersection_IUCN,LC,0.37
aythya marila,cleaned_BIRDS_intersection_IUCN,LC,417.08
branta bernicla,cleaned_BIRDS_intersection_IUCN,LC,5.19
bulweria bulwerii,cleaned_BIRDS_intersection_IUCN,LC,344.33
burhinus oedicnemus,cleaned_BIRDS_intersection_IUCN,LC,5.21
buteo buteo,cleaned_BIRDS_intersection_IUCN,LC,0.37
calandrella brachydactyla,cleaned_BIRDS_intersection_IUCN,LC,0.02
calidris alba,cleaned_BIRDS_intersection_IUCN,LC,344.33
calidris alpina,cleaned_BIRDS_intersection_IUCN,NT,344.33
calidris canutus,cleaned_BIRDS_intersection_IUCN,NT,344.33
calidris falcinellus,cleaned_BIRDS_intersection_IUCN,VU,173.17
calidris ferruginea,cleaned_BIRDS_intersection_IUCN,VU,344.33
calidris maritima,cleaned_BIRDS_intersection_IUCN,LC,0.21
calidris minuta,cleaned_BIRDS_intersection_IUCN,LC,0.37
calonectris borealis,cleaned_BIRDS_intersection_IUCN,LC,344.33
calonectris diomedea,cleaned_BIRDS_intersection_IUCN,LC,344.33
caprimulgus europaeus,cleaned_BIRDS_intersection_IUCN,LC,5.21
carduelis carduelis,cleaned_BIRDS_intersection_IUCN,LC,0.37
catharacta skua,cleaned_BIRDS_intersection_IUCN,LC,344.33
certhia brachydactyla,cleaned_BIRDS_intersection_IUCN,LC,0.37
charadrius alexandrinus,cleaned_BIRDS_intersection_IUCN,LC,5.19
charadrius dubius,cleaned_BIRDS_intersection_IUCN,LC,2.9
charadrius hiaticula,cleaned_BIRDS_intersection_IUCN,LC,0.37
chlidonias niger,cleaned_BIRDS_intersection_IUCN,LC,1335.98
chloris chloris,cleaned_BIRDS_intersection_IUCN,LC,0.37
cinclus cinclus,cleaned_BIRDS_intersection_IUCN,LC,28.81
circaetus gallicus,cleaned_BIRDS_intersection_IUCN,LC,0.37
circus aeruginosus,cleaned_BIRDS_intersection_IUCN,LC,0.01
circus cyaneus,cleaned_BIRDS_intersection_IUCN,LC,0.37
circus pygargus,cleaned_BIRDS_intersection_IUCN,LC,0.37
cisticola juncidis,cleaned_BIRDS_intersection_IUCN,LC,0.37
clamator glandarius,cleaned_BIRDS_intersection_IUCN,LC,3.33
coccothraustes coccothraustes,cleaned_BIRDS_intersection_IUCN,LC,0.66
columba palumbus,cleaned_BIRDS_intersection_IUCN,LC,0.37
corvus corax,cleaned_BIRDS_intersection_IUCN,LC,0.37
corvus corone,cleaned_BIRDS_intersection_IUCN,LC,0.37
corvus monedula,cleaned_BIRDS_intersection_IUCN,LC,5.21
coturnix coturnix,cleaned_BIRDS_intersection_IUCN,LC,0.37
cuculus canorus,cleaned_BIRDS_intersection_IUCN,LC,0.37
curruca communis,cleaned_BIRDS_intersection_IUCN,LC,0.37
curruca melanocephala,cleaned_BIRDS_intersection_IUCN,LC,0.37
curruca undata,cleaned_BIRDS_intersection_IUCN,NT,0.37
cyanistes caeruleus,cleaned_BIRDS_intersection_IUCN,LC,0.37
delichon urbicum,cleaned_BIRDS_intersection_IUCN,LC,0.37
dendrocopos major,cleaned_BIRDS_intersection_IUCN,LC,0.37
emberiza calandra,cleaned_BIRDS_intersection_IUCN,LC,5.21
emberiza cia,cleaned_BIRDS_intersection_IUCN,LC,0.66
emberiza cirlus,cleaned_BIRDS_intersection_IUCN,LC,0.37
emberiza citrinella,cleaned_BIRDS_intersection_IUCN,LC,0
emberiza schoeniclus,cleaned_BIRDS_intersection_IUCN,LC,0.04
erithacus rubecula,cleaned_BIRDS_intersection_IUCN,LC,0.37
falco peregrinus,cleaned_BIRDS_intersection_IUCN,LC,0.37
falco subbuteo,cleaned_BIRDS_intersection_IUCN,LC,0.15
falco tinnunculus,cleaned_BIRDS_intersection_IUCN,LC,0.37
ficedula parva,cleaned_BIRDS_intersection_IUCN,LC,0.37
fratercula arctica,cleaned_BIRDS_intersection_IUCN,VU,344.33
fringilla coelebs,cleaned_BIRDS_intersection_IUCN,LC,0.37
fringilla montifringilla,cleaned_BIRDS_intersection_IUCN,LC,0.37
fulica atra,cleaned_BIRDS_intersection_IUCN,LC,5.21
galerida cristata,cleaned_BIRDS_intersection_IUCN,LC,0.04
gallinago gallinago,cleaned_BIRDS_intersection_IUCN,LC,0.37
gallinula chloropus,cleaned_BIRDS_intersection_IUCN,LC,0.37
garrulus glandarius,cleaned_BIRDS_intersection_IUCN,LC,0.37
gavia arctica,cleaned_BIRDS_intersection_IUCN,LC,365.11
gavia immer,cleaned_BIRDS_intersection_IUCN,LC,757.8
gavia stellata,cleaned_BIRDS_intersection_IUCN,LC,2450.33
gulosus aristotelis,cleaned_BIRDS_intersection_IUCN,LC,1107.8
haematopus ostralegus,cleaned_BIRDS_intersection_IUCN,NT,0.37
himantopus himantopus,cleaned_BIRDS_intersection_IUCN,LC,0.37
hippolais polyglotta,cleaned_BIRDS_intersection_IUCN,LC,0.37
hirundo rustica,cleaned_BIRDS_intersection_IUCN,LC,0.37
hydrobates castro,cleaned_BIRDS_intersection_IUCN,LC,344.33
hydrobates jabejabe,cleaned_BIRDS_intersection_IUCN,LC,344.33
hydrobates leucorhous,cleaned_BIRDS_intersection_IUCN,VU,344.33
hydrobates pelagicus,cleaned_BIRDS_intersection_IUCN,LC,344.33
hydrocoloeus minutus,cleaned_BIRDS_intersection_IUCN,LC,2203.18
jynx torquilla,cleaned_BIRDS_intersection_IUCN,LC,18.12
lanius collurio,cleaned_BIRDS_intersection_IUCN,LC,1.64
lanius meridionalis,cleaned_BIRDS_intersection_IUCN,VU,0.37
lanius senator,cleaned_BIRDS_intersection_IUCN,NT,13.94
larus argentatus,cleaned_BIRDS_intersection_IUCN,LC,258.73
larus canus,cleaned_BIRDS_intersection_IUCN,LC,1226.56
larus fuscus,cleaned_BIRDS_intersection_IUCN,LC,734.63
larus marinus,cleaned_BIRDS_intersection_IUCN,LC,90.06
larus melanocephalus,cleaned_BIRDS_intersection_IUCN,LC,1127.31
larus michahellis,cleaned_BIRDS_intersection_IUCN,LC,1287.62
larus ridibundus,cleaned_BIRDS_intersection_IUCN,LC,344.33
limosa lapponica,cleaned_BIRDS_intersection_IUCN,NT,344.33
limosa limosa,cleaned_BIRDS_intersection_IUCN,NT,0.66
linaria cannabina,cleaned_BIRDS_intersection_IUCN,LC,0.37
lophophanes cristatus,cleaned_BIRDS_intersection_IUCN,LC,0.37
loxia curvirostra,cleaned_BIRDS_intersection_IUCN,LC,0.66
lullula arborea,cleaned_BIRDS_intersection_IUCN,LC,0.37
luscinia megarhynchos,cleaned_BIRDS_intersection_IUCN,LC,5.45
lymnocryptes minimus,cleaned_BIRDS_intersection_IUCN,LC,0.37
mareca penelope,cleaned_BIRDS_intersection_IUCN,LC,0.37
mareca strepera,cleaned_BIRDS_intersection_IUCN,LC,1.28
melanitta fusca,cleaned_BIRDS_intersection_IUCN,VU,203.99
melanitta nigra,cleaned_BIRDS_intersection_IUCN,LC,1510.47
milvus migrans,cleaned_BIRDS_intersection_IUCN,LC,0.37
morus bassanus,cleaned_BIRDS_intersection_IUCN,LC,344.33
motacilla alba,cleaned_BIRDS_intersection_IUCN,LC,0.37
motacilla cinerea,cleaned_BIRDS_intersection_IUCN,LC,202.52
motacilla flava,cleaned_BIRDS_intersection_IUCN,LC,0.37
muscicapa striata,cleaned_BIRDS_intersection_IUCN,LC,0.66
numenius arquata,cleaned_BIRDS_intersection_IUCN,NT,0.37
numenius phaeopus,cleaned_BIRDS_intersection_IUCN,LC,0.37
oceanites oceanicus,cleaned_BIRDS_intersection_IUCN,LC,344.33
oenanthe oenanthe,cleaned_BIRDS_intersection_IUCN,LC,6.24
oriolus oriolus,cleaned_BIRDS_intersection_IUCN,LC,6.02
otus scops,cleaned_BIRDS_intersection_IUCN,LC,0.36
pandion haliaetus,cleaned_BIRDS_intersection_IUCN,LC,0.37
parus major,cleaned_BIRDS_intersection_IUCN,LC,0.37
passer domesticus,cleaned_BIRDS_intersection_IUCN,LC,0.59
passer montanus,cleaned_BIRDS_intersection_IUCN,LC,0.66
periparus ater,cleaned_BIRDS_intersection_IUCN,LC,0.37
pernis apivorus,cleaned_BIRDS_intersection_IUCN,LC,0.37
petronia petronia,cleaned_BIRDS_intersection_IUCN,LC,19.39
phoenicurus ochruros,cleaned_BIRDS_intersection_IUCN,LC,0.37
phoenicurus phoenicurus,cleaned_BIRDS_intersection_IUCN,LC,0.66
phylloscopus collybita,cleaned_BIRDS_intersection_IUCN,LC,0.37
phylloscopus ibericus,cleaned_BIRDS_intersection_IUCN,LC,0.37
phylloscopus trochilus,cleaned_BIRDS_intersection_IUCN,LC,0.37
pica pica,cleaned_BIRDS_intersection_IUCN,LC,0.37
picus sharpei,cleaned_BIRDS_intersection_IUCN,LC,0.37
pinguinus impennis,cleaned_BIRDS_intersection_IUCN,EX,948.5
pluvialis apricaria,cleaned_BIRDS_intersection_IUCN,LC,0.37
pluvialis squatarola,cleaned_BIRDS_intersection_IUCN,VU,344.33
podiceps cristatus,cleaned_BIRDS_intersection_IUCN,LC,959.97
podiceps nigricollis,cleaned_BIRDS_intersection_IUCN,LC,383.05
poecile palustris,cleaned_BIRDS_intersection_IUCN,LC,4.45
prunella collaris,cleaned_BIRDS_intersection_IUCN,LC,0.37
prunella modularis,cleaned_BIRDS_intersection_IUCN,LC,0.37
pterodroma cahow,cleaned_BIRDS_intersection_IUCN,EN,344.33
pterodroma deserta,cleaned_BIRDS_intersection_IUCN,VU,344.33
pterodroma feae,cleaned_BIRDS_intersection_IUCN,NT,344.33
pterodroma madeira,cleaned_BIRDS_intersection_IUCN,EN,344.33
ptyonoprogne rupestris,cleaned_BIRDS_intersection_IUCN,LC,10.05
puffinus lherminieri,cleaned_BIRDS_intersection_IUCN,LC,344.33
puffinus mauretanicus,cleaned_BIRDS_intersection_IUCN,CR,1178.48
puffinus puffinus,cleaned_BIRDS_intersection_IUCN,LC,344.33
pyrrhocorax pyrrhocorax,cleaned_BIRDS_intersection_IUCN,LC,5.21
pyrrhula pyrrhula,cleaned_BIRDS_intersection_IUCN,LC,0.37
rallus aquaticus,cleaned_BIRDS_intersection_IUCN,LC,0.3
recurvirostra avosetta,cleaned_BIRDS_intersection_IUCN,LC,89.34
regulus ignicapilla,cleaned_BIRDS_intersection_IUCN,LC,0.37
regulus regulus,cleaned_BIRDS_intersection_IUCN,LC,13.46
riparia riparia,cleaned_BIRDS_intersection_IUCN,LC,0.37
rissa tridactyla,cleaned_BIRDS_intersection_IUCN,VU,344.33
saxicola torquatus,cleaned_BIRDS_intersection_IUCN,LC,0.37
scolopax rusticola,cleaned_BIRDS_intersection_IUCN,LC,0.37
serinus serinus,cleaned_BIRDS_intersection_IUCN,LC,0.37
sitta europaea,cleaned_BIRDS_intersection_IUCN,LC,7.61
somateria mollissima,cleaned_BIRDS_intersection_IUCN,NT,72.24
spatula clypeata,cleaned_BIRDS_intersection_IUCN,LC,0.37
spatula querquedula,cleaned_BIRDS_intersection_IUCN,LC,0
spinus spinus,cleaned_BIRDS_intersection_IUCN,LC,0.37
stercorarius pomarinus,cleaned_BIRDS_intersection_IUCN,LC,344.33
streptopelia decaocto,cleaned_BIRDS_intersection_IUCN,LC,0.66
streptopelia turtur,cleaned_BIRDS_intersection_IUCN,VU,0.37
strix aluco,cleaned_BIRDS_intersection_IUCN,LC,0.37
sturnus unicolor,cleaned_BIRDS_intersection_IUCN,LC,0.37
sturnus vulgaris,cleaned_BIRDS_intersection_IUCN,LC,0.37
sylvia atricapilla,cleaned_BIRDS_intersection_IUCN,LC,2.23
sylvia borin,cleaned_BIRDS_intersection_IUCN,LC,0.37
tachybaptus ruficollis,cleaned_BIRDS_intersection_IUCN,LC,0.37
tachymarptis melba,cleaned_BIRDS_intersection_IUCN,LC,0.37
thalasseus sandvicensis,cleaned_BIRDS_intersection_IUCN,LC,899.57
tichodroma muraria,cleaned_BIRDS_intersection_IUCN,LC,4.56
tringa nebularia,cleaned_BIRDS_intersection_IUCN,LC,0.37
tringa ochropus,cleaned_BIRDS_intersection_IUCN,LC,0.45
tringa totanus,cleaned_BIRDS_intersection_IUCN,LC,0.37
troglodytes troglodytes,cleaned_BIRDS_intersection_IUCN,LC,0.37
turdus iliacus,cleaned_BIRDS_intersection_IUCN,NT,0.37
turdus merula,cleaned_BIRDS_intersection_IUCN,LC,0.37
turdus philomelos,cleaned_BIRDS_intersection_IUCN,LC,0.37
turdus pilaris,cleaned_BIRDS_intersection_IUCN,LC,0.37
turdus viscivorus,cleaned_BIRDS_intersection_IUCN,LC,0.37
tyto alba,cleaned_BIRDS_intersection_IUCN,LC,0.37
upupa epops,cleaned_BIRDS_intersection_IUCN,LC,0.37
uria aalge,cleaned_BIRDS_intersection_IUCN,LC,344.33
vanellus vanellus,cleaned_BIRDS_intersection_IUCN,NT,0.37
xema sabini,cleaned_BIRDS_intersection_IUCN,LC,344.33
