species,iucn_category,area_km2,biodiversity_score
BUTTERFLYFISH_ANGELFISH_ALLIES,LC;EN;NT;VU;CR,2173082.07,0.9401
CARANGIFORM_FISHES,NT;VU;LC;EN,4912266.55,0.8787
FW_FISH_PART1,LC;NT;EN;CR;VU,656841.37,0.9441
FW_FISH_PART2,LC;CR;VU;NT;EN;EX,853398.51,0.6987
MARINEFISH_PART1,VU;NT;LC;CR;EN,13718512.03,0.9474
MARINEFISH_PART2,CR;VU;NT;LC;EN,13644902.24,0.9367
MARINEFISH_PART3,CR;LC;VU;EN;NT,12361381.18,0.9525
MARINEFISH_PART4,CR;LC;VU;NT;EN,14726433.8,0.9718
MARINEFISH_PART5,CR;LC;NT;EN;VU,11522501.42,0.9234
MARINEFISH_PART6,CR;EN;LC;VU;NT;EX,12249062.72,0.9664
