species,iucn_category,area_km2,biodiversity_score
accipiter gentilis,,174.27,1
accipiter nisus,,228.2,1
acrocephalus arundinaceus,,21.17,1
acrocephalus paludicola,,244.58,0.4667
acrocephalus scirpaceus,,64.39,1
actitis hypoleucos,,244.66,1
aegithalos caudatus,,228.58,1
alauda arvensis,,244.6,1
alca torda,,802485.64,1
alcedo atthis,,717.79,1
anas acuta,,114.82,1
anas crecca,,244.58,1
anas platyrhynchos,,236.63,1
anthus petrosus,,240.69,1
anthus pratensis,,244.61,1
anthus spinoletta,,244.59,1
anthus trivialis,,122.31,1
apus apus,,244.56,1
ardea cinerea,,244.43,1
ardenna gravis,,77055.91,1
ardenna grisea,,411283.9,0.7333
arenaria interpres,,411512.02,0.7333
asio flammeus,,77.29,1
asio otus,,15.11,1
athene noctua,,244.65,1
aythya ferina,,238.42,0.4667
aythya fuligula,,126.04,1
aythya marila,,36958.4,1
branta bernicla,,243.01,1
bulweria bulwerii,,115434.41,1
burhinus oedicnemus,,89.8,1
buteo buteo,,242.26,1
calandrella brachydactyla,,0.02,1
calidris alba,,411512.02,1
calidris alpina,,411274.14,0.7333
calidris canutus,,411211.78,0.7333
calidris falcinellus,,354939.22,0.4667
calidris ferruginea,,411512.02,0.4667
calidris maritima,,7.84,1
calidris minuta,,94.37,1
calonectris borealis,,411268.44,1
calonectris diomedea,,411266.43,1
caprimulgus europaeus,,62.34,1
carduelis carduelis,,244.62,1
catharacta skua,,411266.45,1
certhia brachydactyla,,244.55,1
charadrius alexandrinus,,234.62,1
charadrius dubius,,115.33,1
charadrius hiaticula,,244.64,1
chlidonias niger,,94230.96,1
chloris chloris,,244.57,1
cinclus cinclus,,53.6,1
circaetus gallicus,,244.46,1
circus aeruginosus,,132.1,1
circus cyaneus,,227.02,1
circus pygargus,,244.45,1
cisticola juncidis,,200.29,1
clamator glandarius,,32.06,1
coccothraustes coccothraustes,,64.39,1
columba palumbus,,244.61,1
corvus corax,,244.59,1
corvus corone,,244.54,1
corvus monedula,,93.82,1
coturnix coturnix,,179.12,1
cuculus canorus,,242.43,1
curruca communis,,158.73,1
curruca melanocephala,,82.79,1
curruca undata,,228.22,0.7333
cyanistes caeruleus,,244.63,1
delichon urbicum,,244.55,1
dendrocopos major,,244.59,1
emberiza calandra,,31.86,1
emberiza cia,,64.39,1
emberiza cirlus,,234.65,1
emberiza citrinella,,244.25,1
emberiza schoeniclus,,64.39,1
erithacus rubecula,,283.16,1
falco peregrinus,,244.46,1
falco subbuteo,,244.46,1
falco tinnunculus,,244.46,1
ficedula parva,,244.58,1
fratercula arctica,,411268.61,0.4667
fringilla coelebs,,244.52,1
fringilla montifringilla,,244.64,1
fulica atra,,227.72,1
galerida cristata,,26.83,1
gallinago gallinago,,243.41,1
gallinula chloropus,,242.5,1
garrulus glandarius,,244.57,1
gavia arctica,,9646.79,1
gavia immer,,54061.2,1
gavia stellata,,57835.26,1
gulosus aristotelis,,27053.06,1
haematopus ostralegus,,266.89,0.7333
himantopus himantopus,,227.02,1
hippolais polyglotta,,234.62,1
hirundo rustica,,244.62,1
hydrobates castro,,369524.26,1
hydrobates jabejabe,,369524.26,1
hydrobates leucorhous,,411267.4,0.4667
hydrobates pelagicus,,411268.64,1
hydrocoloeus minutus,,83517.4,1
jynx torquilla,,34.19,1
lanius collurio,,58.87,1
lanius meridionalis,,25.8,0.4667
lanius senator,,19.39,0.7333
larus argentatus,,63217.33,1
larus canus,,328776.87,1
larus fuscus,,323823.29,1
larus marinus,,407229,1
larus melanocephalus,,14860.74,1
larus michahellis,,47869.8,1
larus ridibundus,,411512.02,1
limosa lapponica,,411512.02,0.7333
limosa limosa,,64.39,0.7333
linaria cannabina,,244.57,1
lophophanes cristatus,,177.87,1
loxia curvirostra,,64.39,1
lullula arborea,,94.77,1
luscinia megarhynchos,,5.45,1
lymnocryptes minimus,,158.51,1
mareca penelope,,189.69,1
mareca strepera,,40.51,1
melanitta fusca,,7747.91,0.4667
melanitta nigra,,29266.11,1
milvus migrans,,244.45,1
morus bassanus,,411269.27,1
motacilla alba,,244.56,1
motacilla cinerea,,3013.35,1
motacilla flava,,221.04,1
muscicapa striata,,83.13,1
numenius arquata,,244.58,0.7333
numenius phaeopus,,224.67,1
oceanites oceanicus,,411283.9,1
oenanthe oenanthe,,116.19,1
oriolus oriolus,,173.34,1
otus scops,,120.49,1
pandion haliaetus,,0.37,1
parus major,,244.61,1
passer domesticus,,435.95,1
passer montanus,,276.05,1
periparus ater,,244.7,1
pernis apivorus,,160.51,1
petronia petronia,,19.39,1
phoenicurus ochruros,,244.54,1
phoenicurus phoenicurus,,64.39,1
phylloscopus collybita,,243.41,1
phylloscopus ibericus,,244.58,1
phylloscopus trochilus,,216.64,1
pica pica,,244.61,1
picus sharpei,,242.45,1
pinguinus impennis,,311779.69,0
pluvialis apricaria,,198.63,1
pluvialis squatarola,,411512.02,0.4667
podiceps cristatus,,30050.5,1
podiceps nigricollis,,12598.14,1
poecile palustris,,4.45,1
prunella collaris,,244.61,1
prunella modularis,,244.62,1
pterodroma cahow,,411447.63,0.2
pterodroma deserta,,391849.35,0.4667
pterodroma feae,,294904.02,0.7333
pterodroma madeira,,406470.75,0.2
ptyonoprogne rupestris,,30.75,1
puffinus lherminieri,,411268.61,1
puffinus mauretanicus,,378726.87,0
puffinus puffinus,,411266.43,1
pyrrhocorax pyrrhocorax,,222.03,1
pyrrhula pyrrhula,,244.6,1
rallus aquaticus,,197.72,1
recurvirostra avosetta,,2521.14,1
regulus ignicapilla,,244.58,1
regulus regulus,,101.37,1
riparia riparia,,13.5,1
rissa tridactyla,,411298.33,0.4667
saxicola torquatus,,244.6,1
scolopax rusticola,,86.36,1
serinus serinus,,244.57,1
sitta europaea,,7.61,1
somateria mollissima,,184106.76,0.7333
spatula clypeata,,244.62,1
spatula querquedula,,3.87,1
spinus spinus,,244.68,1
stercorarius pomarinus,,267637.48,1
streptopelia decaocto,,150.84,1
streptopelia turtur,,244.59,0.4667
strix aluco,,176.77,1
sturnus unicolor,,244.48,1
sturnus vulgaris,,244.61,1
sylvia atricapilla,,542.81,1
sylvia borin,,244.58,1
tachybaptus ruficollis,,167.21,1
tachymarptis melba,,119.67,1
thalasseus sandvicensis,,18798.55,1
tichodroma muraria,,66.57,1
tringa nebularia,,193.91,1
tringa ochropus,,112.43,1
tringa totanus,,244.46,1
troglodytes troglodytes,,244.65,1
turdus iliacus,,244.62,0.7333
turdus merula,,242.46,1
turdus philomelos,,244.55,1
turdus pilaris,,132.5,1
turdus viscivorus,,244.55,1
tyto alba,,244.63,1
upupa epops,,155.88,1
uria aalge,,411267.8,1
vanellus vanellus,,244.65,0.7333
xema sabini,,411267.4,1
