iconic_sci_name,matched_sci_name,file
Caretta caretta,Caretta caretta,REPTILES_PART1_unique_sci_names
Cetorhinus maximus,Cetorhinus maximus,SHARKS_RAYS_CHIMAERAS_unique_sci_names
Chalcides bedriagai,Chalcides armitagei,REPTILES_PART1_unique_sci_names
Conger conger,Conger conger,EELS_unique_sci_names
Dermochelys coriacea,Dermochelys coriacea,REPTILES_PART1_unique_sci_names
Engraulis encrasicolus,Engraulis encrasicolus,CLUPEIFORMES_unique_sci_names
Entelurus aequoreus,Entelurus aequoreus,SYNGNATHIFORM_FISHES_unique_sci_names
Hippocampus guttulatus,Hippocampus guttulatus,SYNGNATHIFORM_FISHES_unique_sci_names
Hippocampus hippocampus,Hippocampus hippocampus,SYNGNATHIFORM_FISHES_unique_sci_names
Homarus gammarus,Homarus gammarus,LOBSTERS_unique_sci_names
Labrus bergylta,Labrus bergylta,WRASSES_PARROTFISHES_unique_sci_names
Lagocephalus laevigatus,Lagocephalus laevigatus,PUFFERFISHES_AND_RELATIVES_unique_sci_names
Mola mola,Mola mola,PUFFERFISHES_AND_RELATIVES_unique_sci_names
Myliobatis aquila,Myliobatis aquila,SHARKS_RAYS_CHIMAERAS_unique_sci_names
Natrix maura,Natrix maura,REPTILES_PART1_unique_sci_names
Nephrops norvegicus,Nephrops norvegicus,LOBSTERS_unique_sci_names
Prionace glauca,Prionace glauca,SHARKS_RAYS_CHIMAERAS_unique_sci_names
Raja undulata,Raja undulata,SHARKS_RAYS_CHIMAERAS_unique_sci_names
Sardina pilchardus,Sardina pilchardus,CLUPEIFORMES_unique_sci_names
Scyliorhinus canicula,Scyliorhinus canicula,SHARKS_RAYS_CHIMAERAS_unique_sci_names
Syngnathus acus,Syngnathus carinatus,SYNGNATHIFORM_FISHES_unique_sci_names
Syngnathus acus,Syngnathus auliscus,SYNGNATHIFORM_FISHES_unique_sci_names
Syngnathus acus,Syngnathus acus,SYNGNATHIFORM_FISHES_unique_sci_names
Syngnathus acus,Syngnathus pelagicus,SYNGNATHIFORM_FISHES_unique_sci_names
Syngnathus acus,Syngnathus caspius,SYNGNATHIFORM_FISHES_unique_sci_names
Zostera marina,Zostera marina,SEAGRASSES_unique_sci_names
Zostera noltei,Zostera noltii,FW_PLANTS_PART2_unique_sci_names
Zostera noltei,Zostera noltii,SEAGRASSES_unique_sci_names
