sci_name,file
Engraulis encrasicolus,CLUPEIFORMES_unique_sci_names
Sardina pilchardus,CLUPEIFORMES_unique_sci_names
Conger conger,EELS_unique_sci_names
Homarus gammarus,LOBSTERS_unique_sci_names
Nephrops norvegicus,LOBSTERS_unique_sci_names
Lagocephalus laevigatus,PUFFERFISHES_AND_RELATIVES_unique_sci_names
Mola mola,PUFFERFISHES_AND_RELATIVES_unique_sci_names
Caretta caretta,REPTILES_PART1_unique_sci_names
Natrix maura,REPTILES_PART1_unique_sci_names
Dermochelys coriacea,REPTILES_PART1_unique_sci_names
Zostera marina,SEAGRASSES_unique_sci_names
Cetorhinus maximus,SHARKS_RAYS_CHIMAERAS_unique_sci_names
Prionace glauca,SHARKS_RAYS_CHIMAERAS_unique_sci_names
Raja undulata,SHARKS_RAYS_CHIMAERAS_unique_sci_names
Myliobatis aquila,SHARKS_RAYS_CHIMAERAS_unique_sci_names
Scyliorhinus canicula,SHARKS_RAYS_CHIMAERAS_unique_sci_names
Hippocampus hippocampus,SYNGNATHIFORM_FISHES_unique_sci_names
Hippocampus guttulatus,SYNGNATHIFORM_FISHES_unique_sci_names
Syngnathus acus,SYNGNATHIFORM_FISHES_unique_sci_names
Entelurus aequoreus,SYNGNATHIFORM_FISHES_unique_sci_names
Labrus bergylta,WRASSES_PARROTFISHES_unique_sci_names
